date,Actual,XGBoost,LightGBM,ExtraTrees,CatBoost,KNN,SVR,ElasticNet,BayesianRidge,LSTM,Prophet,NeuralProphet,SARIMAX,AR_Eco,TFT,N-HiTS,Ensemble_Avg,Bandit_Online,frank_wolfe_3_weeks,nnls_3_weeks,ensemble_selection_3_weeks,Bandit_3_weeks,frank_wolfe_3_weeks_weighted,nnls_3_weeks_weighted,ensemble_selection_3_weeks_weighted,frank_wolfe_3_weeks_exponential,nnls_3_weeks_exponential,ensemble_selection_3_weeks_exponential,frank_wolfe_4_weeks,nnls_4_weeks,ensemble_selection_4_weeks,Bandit_4_weeks,frank_wolfe_4_weeks_weighted,nnls_4_weeks_weighted,ensemble_selection_4_weeks_weighted,frank_wolfe_4_weeks_exponential,nnls_4_weeks_exponential,ensemble_selection_4_weeks_exponential,frank_wolfe_5_weeks,nnls_5_weeks,ensemble_selection_5_weeks,Bandit_5_weeks,frank_wolfe_5_weeks_weighted,nnls_5_weeks_weighted,ensemble_selection_5_weeks_weighted,frank_wolfe_5_weeks_exponential,nnls_5_weeks_exponential,ensemble_selection_5_weeks_exponential,frank_wolfe_6_weeks,nnls_6_weeks,ensemble_selection_6_weeks,Bandit_6_weeks,frank_wolfe_6_weeks_weighted,nnls_6_weeks_weighted,ensemble_selection_6_weeks_weighted,frank_wolfe_6_weeks_exponential,nnls_6_weeks_exponential,ensemble_selection_6_weeks_exponential,frank_wolfe_7_weeks,nnls_7_weeks,ensemble_selection_7_weeks,Bandit_7_weeks,frank_wolfe_7_weeks_weighted,nnls_7_weeks_weighted,ensemble_selection_7_weeks_weighted,frank_wolfe_7_weeks_exponential,nnls_7_weeks_exponential,ensemble_selection_7_weeks_exponential,frank_wolfe_8_weeks,nnls_8_weeks,ensemble_selection_8_weeks,Bandit_8_weeks,frank_wolfe_8_weeks_weighted,nnls_8_weeks_weighted,ensemble_selection_8_weeks_weighted,frank_wolfe_8_weeks_exponential,nnls_8_weeks_exponential,ensemble_selection_8_weeks_exponential,frank_wolfe_9_weeks,nnls_9_weeks,ensemble_selection_9_weeks,Bandit_9_weeks,frank_wolfe_9_weeks_weighted,nnls_9_weeks_weighted,ensemble_selection_9_weeks_weighted,frank_wolfe_9_weeks_exponential,nnls_9_weeks_exponential,ensemble_selection_9_weeks_exponential,frank_wolfe_10_weeks,nnls_10_weeks,ensemble_selection_10_weeks,Bandit_10_weeks,frank_wolfe_10_weeks_weighted,nnls_10_weeks_weighted,ensemble_selection_10_weeks_weighted,frank_wolfe_10_weeks_exponential,nnls_10_weeks_exponential,ensemble_selection_10_weeks_exponential,frank_wolfe_11_weeks,nnls_11_weeks,ensemble_selection_11_weeks,Bandit_11_weeks,frank_wolfe_11_weeks_weighted,nnls_11_weeks_weighted,ensemble_selection_11_weeks_weighted,frank_wolfe_11_weeks_exponential,nnls_11_weeks_exponential,ensemble_selection_11_weeks_exponential
2024-12-01,313061.254,342127.94,323415.4774009268,320515.48954059894,342765.5812227753,345456.02584,346007.0482619313,324009.15209126595,325145.2322520668,355322.44,352687.7102848508,312820.03,318283.2720187113,324980.21462134214,326170.625,308437.40625,331209.5760689646,326170.625,333040.72852092807,328743.48044032016,332937.1670736563,326170.625,335235.852952623,328450.38212642213,333883.3659497855,334407.9445017122,327838.4133456237,334358.3658176968,334949.73315875104,326494.37764739315,335280.8430624989,326170.625,335967.9477099016,325898.34945910843,336860.5222036822,335373.32273709186,326732.8050149796,335753.3253987882,334399.77021464566,326440.847398492,334048.48870240006,326170.625,335398.8292735799,327627.05128272984,335469.68744644057,335124.0393694807,326768.7717929204,335280.8430624989,334633.16986983846,327022.7899253882,333890.0083052572,326170.625,335108.75898501003,327067.3984999283,334651.4876212944,335238.6258244653,326838.27900546975,335280.8430624989,332500.68436904135,325081.32038267306,332255.3333065536,326170.625,333264.7452652957,325685.74495695217,333016.81262259086,334743.07863725885,326507.6231667427,334490.6070518906,332093.224219073,323319.0232157119,331569.37471560127,326170.625,332936.74904932117,324572.7137165527,332357.09319458756,334570.2740869292,326165.39366985136,334520.9710386894,332709.5011401946,324858.08483577066,333332.1661246488,326170.625,333407.00550048595,325771.9507022778,333175.29301973374,334709.8488180474,326246.3750120491,334490.6070518906,332709.5011401946,324858.08483577066,333332.1661246488,326170.625,333407.00550048595,325771.9507022778,333175.29301973374,334709.8488180474,326246.3750120491,334490.6070518906,332709.5011401946,324858.08483577066,333332.1661246488,326170.625,333407.00550048595,325771.9507022778,333175.29301973374,334709.8488180474,326246.3750120491,334490.6070518906
2024-12-02,372222.365,365406.47,354047.49651194643,353331.3230943357,362920.2998790481,385635.0814,372648.0724122054,349883.6772979254,350960.4117485231,385131.84,382261.43857827445,325668.34,354339.2226034694,346792.5355948537,348793.59375,349432.1875,359150.13310803875,348793.59375,354368.6992816671,351491.7195694579,353884.9677339145,348793.59375,356992.59561656986,352920.0650509439,356146.63777671556,355646.4176622426,351528.6406363109,356080.37140209234,360625.0786198485,351665.0953612176,359369.0387517319,348793.59375,361105.03204675205,350958.5188576568,361968.2735816866,358963.16692436405,351078.1492141314,358696.3384598725,358755.5382697156,350893.06668965425,357656.9428612926,348793.59375,359713.722571768,352054.7793404009,359292.91042219964,358323.23871525994,350522.45902510645,358696.3384598725,359009.8989493855,351126.7822681526,359250.6497578771,348793.59375,359619.64342153183,351604.0019892197,359668.15791801893,358700.4779647134,350699.1131674606,358696.3384598725,358401.9651731069,350625.2709503717,357733.0711908249,348793.59375,359413.5269045806,351537.7582911445,358525.826846786,358342.1127009088,350640.27980366745,358696.3384598725,357715.2630920295,350634.69355687045,357045.0610218141,348793.59375,359217.63020919997,352063.1747899493,358437.8470791217,358288.88238329894,350607.18070812034,358696.3384598725,359623.76168848545,351960.9388548762,359690.01495511056,348793.59375,360676.2194571534,353190.6441893017,361201.190006273,358502.5925344933,350577.8046382177,358696.3384598725,359623.76168848545,351960.9388548762,359690.01495511056,348793.59375,360676.2194571534,353190.6441893017,361201.190006273,358502.5925344933,350577.8046382177,358696.3384598725,359623.76168848545,351960.9388548762,359690.01495511056,348793.59375,360676.2194571534,353190.6441893017,361201.190006273,358502.5925344933,350577.8046382177,358696.3384598725
2024-12-03,372466.47,380845.16,377127.50699568406,380382.7335642584,381683.8177545725,384896.73872,378231.7836961598,363324.96804795496,379262.93241573917,381366.03,375707.0636648578,363241.2,352999.207209886,364546.5500088157,364704.5625,374118.5625,373495.92013852857,364704.5625,369174.5089233642,364840.15542599873,368871.4004141028,364704.5625,371092.61310349207,368282.8529074283,370807.42912838387,370256.8734194653,366487.8334081836,370483.58972618583,370611.1340477693,363653.9087816752,370510.561675932,364704.5625,371070.3199727839,365067.4710712599,370774.4087018196,370337.3057079591,364993.52634742565,369324.654524459,370644.2036288246,365114.7117142735,371334.9992221347,364704.5625,371766.9739134617,365767.033914368,371734.2257457387,370660.243469253,365338.8052982556,370909.788199536,371970.47124258475,365748.0211092706,372040.18837753765,364704.5625,372601.75470558635,365604.7884278486,371728.51216447493,370957.0589115053,365209.17036458186,371501.3569850448,371506.7761554568,365345.0444550381,370998.78365234024,364704.5625,371771.9049040051,365884.55837824964,371795.4481255558,370755.7895743964,365337.80818346963,370909.788199536,371858.54964643903,365772.80049592745,372048.3513173606,364704.5625,372471.96139901626,366151.8388731206,372592.13620528777,370922.26120797114,365336.12658285175,370909.788199536,371459.4012432043,365701.49537210574,371042.66773211706,364704.5625,372315.7873043607,365719.9183967768,372888.41551295976,370947.77546078066,365229.04682528053,370909.788199536,371459.4012432043,365701.49537210574,371042.66773211706,364704.5625,372315.7873043607,365719.9183967768,372888.41551295976,370947.77546078066,365229.04682528053,370909.788199536,371459.4012432043,365701.49537210574,371042.66773211706,364704.5625,372315.7873043607,365719.9183967768,372888.41551295976,370947.77546078066,365229.04682528053,370909.788199536
2024-12-04,374778.127,394137.22,394310.8597990484,387162.2292917811,400946.53771884297,405033.35068,390719.8396807843,380123.86940300296,383099.64310683217,395850.2,388059.09882083663,384314.5,355565.4432919801,379707.1325976759,370706.1875,360559.125,384686.3482093856,370706.1875,376018.6574820054,366326.5585776734,376126.58726399875,370706.1875,374216.94797903794,363820.0241508039,374821.3798374441,374667.0050024023,365209.8694580679,374351.54223359725,381113.5024536045,364814.14178876975,382032.0016280401,370706.1875,380050.4274219144,363281.48740157747,380293.8379595238,379283.31642926775,363806.9384484727,380130.2546519268,381087.8052263941,366778.27526244364,381311.0138086106,370706.1875,380604.6328623869,363677.89634649863,380328.6569614133,379607.9642779504,364083.5085086828,380451.92715670646,382197.5505483789,367733.98313518317,382592.090317548,370706.1875,380761.616766914,363976.595795743,381768.67363850103,379495.9273166562,364179.899312177,378890.4034072592,380625.9730666247,366622.7893176798,380740.51046807994,370706.1875,379579.7071961618,364462.40436596115,378839.6144629343,379247.43901542336,364358.54233882675,378890.4034072592,379816.9967234226,366266.16065472417,378947.79445280205,370706.1875,379007.60397479055,364249.05769215943,378839.6144629343,379207.51354711107,364333.72440922714,380130.2546519268,380153.2550837038,367776.42694838817,380344.62690384866,370706.1875,379555.66201511945,364815.6442673507,378839.6144629343,379187.8919703095,364269.89242519933,379806.0013676962,380153.2550837038,367776.42694838817,380344.62690384866,370706.1875,379555.66201511945,364815.6442673507,378839.6144629343,379187.8919703095,364269.89242519933,379806.0013676962,380153.2550837038,367776.42694838817,380344.62690384866,370706.1875,379555.66201511945,364815.6442673507,378839.6144629343,379187.8919703095,364269.89242519933,379806.0013676962
2024-12-05,375695.132,386123.47,387108.8263234479,391548.12187047227,400905.2138728699,416729.07496000006,400968.19865522895,383898.9947066689,384119.3700102896,403432.4,390643.777663764,379399.47,359170.43808185996,384761.23385237256,374679.5,365247.5625,387249.0437497982,374679.5,379931.5741196616,370680.9495446422,379740.41713260376,374679.5,379560.1368088476,369282.71182044357,379357.64140929224,380054.4033141716,370264.904368946,379517.39441319037,382230.82792469725,369129.0732509761,381663.7286329938,374679.5,381701.4611638595,367534.62581061706,381327.57820405846,382634.31145499286,367901.12353239715,383243.81368353433,384834.73953764746,369966.73626209336,385538.0049127429,374679.5,384252.5575823331,367408.2453052621,384334.05341803597,383637.51314964215,367920.96435301175,384151.08533135685,385237.1421006863,371607.9455853561,386587.5954880716,374679.5,383562.779909004,368708.6608625882,383084.4745532466,383439.3392056739,368189.97143319296,384151.08533135685,383524.62427179184,370428.8526548913,383881.3421507921,374679.5,382705.34763975715,369021.37110946304,383334.36149177194,383389.85594197497,368376.49716582027,384440.4722084111,383321.89469629776,369537.10964868544,382222.85869061283,374679.5,382433.25918613863,368307.9277378828,382838.29982160777,383344.4031512718,368345.78653065354,385147.36410866014,384084.18153342826,371699.0399982851,383935.83252593956,374679.5,383519.5381180596,368807.401502965,383592.1135110686,383475.10287105886,368285.8927929699,384443.47148376156,384084.18153342826,371699.0399982851,383935.83252593956,374679.5,383519.5381180596,368807.401502965,383592.1135110686,383475.10287105886,368285.8927929699,384443.47148376156,384084.18153342826,371699.0399982851,383935.83252593956,374679.5,383519.5381180596,368807.401502965,383592.1135110686,383475.10287105886,368285.8927929699,384443.47148376156
2024-12-06,355113.474,371301.1,374357.2705508086,385293.0706339915,380841.9742613645,403022.77852,377331.54063214234,371079.9306189483,374449.8147343504,384171.5,363362.80634906073,349636.12,350494.68530031043,370650.6588061111,339135.03125,347980.9375,369540.6145271391,339135.03125,353434.9661957474,345845.8142574467,354007.2689536667,339135.03125,355776.02797657246,347906.96834000736,356129.306709214,355479.6581840304,348163.38883269206,355424.0644900612,354262.7258912468,343400.2720678575,353299.3985495238,339135.03125,356271.74289450777,345000.22011092724,356782.0536281972,355917.8820496767,344526.29765207786,354759.4140311117,357343.83475925424,344300.36526182934,358306.55629006494,339135.03125,359376.91884098935,345281.49789772613,358270.68041338655,357659.6095669911,344500.88992511557,359144.7822672149,357753.5650928918,344592.8884729855,358426.25856627023,339135.03125,359194.01946971833,345567.58693662117,359381.164044339,357794.63029826275,344283.43062171066,357634.22584959585,356220.149096321,343960.33724993054,356839.21981763927,339135.03125,357787.26368242025,345169.6335436854,357768.29534330335,357545.63269816356,344279.92672013666,357634.22584959585,355932.3263380347,343437.80994275026,356839.21981763927,339135.03125,357127.5572768047,344671.1013533442,356116.8758051933,357443.7110720901,344233.3369436434,355982.8063114858,358051.30031202536,345733.4783812439,357895.44859186007,339135.03125,359416.4302642968,345811.7855207707,358833.5459529739,357967.2776192524,344364.8907681579,357634.22584959585,358268.62176033924,346446.5781883582,357895.44859186007,339135.03125,359453.9169547719,345740.97621111374,358833.5459529739,358040.66373787716,344343.8382499197,359144.7822672149,358268.62176033924,346446.5781883582,357895.44859186007,339135.03125,359453.9169547719,345740.97621111374,358833.5459529739,358040.66373787716,344343.8382499197,359144.7822672149
2024-12-07,297777.976,331388.34,323788.4366229406,344778.90322544967,316300.8490586466,332746.58776,310467.69400061585,327956.82482174656,324268.9851122257,332045.97,326117.2063227963,335532.4,304192.70637049206,323638.4516867996,303152.625,318829.15625,323680.3429987809,303152.625,311776.9543798684,308098.3009546319,312256.2453077065,303152.625,312040.8629618331,308231.3947873523,312714.5440177321,312788.8930731171,308525.37217031163,313004.0334114122,312854.98743019125,306431.46690728783,313125.9910957436,303152.625,313448.6903607629,307699.5549488734,312327.7423038916,312658.41233910987,307143.6649279759,313122.04618260206,313906.0951554089,306885.6186073731,313505.0675966667,303152.625,315438.1106433754,308180.45551880245,315908.30571576115,314856.36956118006,307319.2914528302,314036.22623864765,314268.6294446578,306801.27486794983,314899.1533166901,303152.625,315187.57470954506,307889.65841403743,314849.43157259125,314752.84702849446,307074.35126639187,315097.12594147545,315001.5014714089,307014.17864415626,314180.7011885304,303152.625,315606.70961350016,308054.41850698483,315843.62742957065,314738.3175403067,307162.65124960535,314482.1934982811,314684.5539996051,306950.43680895516,313963.9336143544,303152.625,315367.7425768801,307865.8157101559,315843.62742957065,314713.98598514614,307205.7069446286,314482.1934982811,314903.9085468245,307391.15434962965,314329.1461290066,303152.625,315026.2552808217,307973.6486980192,314912.0842991238,314657.19585295947,307229.63097254874,314100.9045248381,315125.08456178295,308328.2734737797,314365.77505526156,303152.625,315691.1383579974,308542.4960865027,314961.61198343296,314733.6893929738,307214.99986166216,314100.9045248381,315125.08456178295,308328.2734737797,314365.77505526156,303152.625,315691.1383579974,308542.4960865027,314961.61198343296,314733.6893929738,307214.99986166216,314100.9045248381
2024-12-08,306625.013,311638.62,303909.455217495,317540.8560551868,313484.98799295444,324376.13759999996,318441.2445602595,313630.9424186081,308254.44728629617,329072.62,340839.42749076104,315953.0,311162.6637669376,311447.3759701315,310927.09375,303811.0625,315632.66297390865,310927.09375,316890.84159683436,313792.6721718963,317091.9829911978,310927.09375,313754.0884973823,309659.8533399952,313788.27941127936,315011.4243570358,311483.7178302043,314989.8688844949,311930.076077293,309976.0463511302,311484.4983517836,310927.09375,311483.2859846627,309249.7485976337,311375.74012212636,312179.3211598024,309595.89341858425,312167.44676184456,313165.8286591872,309610.8556026622,314069.45370432193,310927.09375,312256.6087251387,309018.96112772817,311989.77483732736,312188.68104326556,309328.56868468167,312762.52340274747,312962.46054534253,309531.7898531972,313040.23317066074,310927.09375,312352.08168673137,309137.59981926257,311989.77483732736,312016.98905903415,309364.8961921139,311707.160883054,313098.5877034353,309407.1514996348,313211.9689016055,310927.09375,312018.8718692432,309032.2212007892,311989.77483732736,312149.15186879924,309320.8128023115,312747.5990365694,313005.3060486419,309346.7741570102,313479.6584897007,310927.09375,311869.7159514637,308971.49238322605,311617.0337658988,312189.0120781057,309288.73338920204,312747.5990365694,312804.34515096765,309434.9376259576,312066.4792647567,310927.09375,312094.2931215211,308974.90450501646,311940.96803067304,312230.64688651904,309284.05245695205,312747.5990365694,312862.8662257016,309783.87661922106,312317.4158484256,310927.09375,312235.80189261236,309249.3977358011,312257.4644254226,312158.48924621206,309295.5570118426,312747.5990365694,312862.8662257016,309783.87661922106,312317.4158484256,310927.09375,312235.80189261236,309249.3977358011,312257.4644254226,312158.48924621206,309295.5570118426,312747.5990365694
2024-12-09,372110.531,332221.0,343278.19556070195,347937.90393858444,330847.45181892556,374331.2928,350228.61324645387,343211.9693472883,347458.2794008178,370604.6,379161.53221199196,335332.97,352469.24120784225,341602.51195918623,346834.90625,342221.21875,349182.77859945287,346834.90625,349904.0652146647,348524.91483210097,349489.7067411543,346834.90625,348602.2872812904,348738.7213117036,348428.85261973273,348053.16109989805,348293.75049846916,347892.24929041445,345051.698313209,347739.2896731416,345012.3212375886,346834.90625,347545.95148265053,348010.5298117069,347351.06966469786,347467.1292064851,347924.71371322224,347194.0408660269,347970.16647762567,348277.8026040919,348182.25488936994,346834.90625,349970.0396333613,348219.1261307548,348757.39027120534,348284.9114101723,348145.1922851249,348310.1202198157,347977.847176105,346640.6647690222,348182.25488936994,346834.90625,350377.3637436464,347385.83226119203,347916.4773429747,348173.2584274066,347834.17218577885,348310.1202198157,346641.1135719735,346099.9968388902,347135.84107450565,346834.90625,348185.0739548586,347203.41612517636,347324.5371647948,347800.08611945197,347829.85774485435,346877.2671134051,346946.71272270556,346534.01531504345,345891.8963902711,346834.90625,348635.5991518756,347320.1384288908,348247.4496137248,347924.90606476396,347777.31442932406,346942.67416964675,347317.444597692,346652.4308603126,345976.2942525348,346834.90625,348414.9895959161,347339.5523614447,347912.01092364016,347974.62516470964,347725.22476794996,346877.2671134051,349531.8901082574,347423.4649981886,347742.8560798461,346834.90625,350855.24962897954,347919.0216696098,350098.4093032997,348258.973236397,347782.10549893265,346942.67416964675,349531.8901082574,347423.4649981886,347742.8560798461,346834.90625,350855.24962897954,347919.0216696098,350098.4093032997,348258.973236397,347782.10549893265,346942.67416964675
2024-12-10,395011.452,375519.66,381970.67111133964,387478.79621783097,386947.13072766754,380649.19516,384710.22631495993,372497.6644996906,391437.6128600971,388366.47,389225.5984365649,368632.12,364449.98743582936,377761.2663101697,383053.0,382578.40625,381018.5203549433,383053.0,377518.3264015478,375162.75770215446,377355.6630242603,383053.0,377638.1487743784,376550.73597929,378323.97845879314,379358.14075469674,378604.9347297487,379948.9792951446,381888.7169056063,380116.8835226647,381305.0972086052,383053.0,381176.8965907243,379674.07217211893,380487.5896522499,382165.8180018349,381005.1513950669,382550.2366821709,381099.9850381298,379335.5094772527,381574.5783832222,383053.0,380267.19771358307,379148.3964424779,381103.7671332598,382150.8929436423,380241.3154222359,382048.32701277983,380396.800160375,379972.6818317825,380688.7206420713,383053.0,379866.6197416587,379793.1962848136,380240.5090944898,381402.5708116272,380035.1811539708,382048.32701277983,381336.10650288087,380090.5929600737,381395.72118756344,383053.0,380445.5604925118,379731.3821085242,380947.50963998196,381524.1618421091,380051.1469656748,382233.7618093354,381211.2038843376,380048.1478038845,381210.28639100783,383053.0,380664.5332796868,379877.589925641,380955.45727937686,381603.8470577907,380072.38002581033,382233.7618093354,381398.6657265037,379604.27268752735,381058.5677284979,383053.0,381183.4890693716,379767.92147463595,380632.9558832974,381831.2858893021,380137.2226434179,382233.7618093354,380380.8673707088,378905.0386589138,380887.78499492846,383053.0,380104.5246409243,379056.12286658684,380439.5734473469,381498.58141854306,379947.22634504695,382233.7618093354,380380.8673707088,378905.0386589138,380887.78499492846,383053.0,380104.5246409243,379056.12286658684,380439.5734473469,381498.58141854306,379947.22634504695,382233.7618093354
2024-12-11,402714.228,403607.62,398784.24170805205,408099.51978188916,408736.45371088496,412475.54416,401432.8079698987,395114.27892591147,402936.88035374426,404320.78,392773.9744027293,403351.9,367118.0151855254,395817.0424374364,394258.15625,389426.03125,398550.2172424048,394258.15625,392604.65210717317,384485.36259386805,393660.7211525117,394258.15625,390816.1388333399,382987.39776089543,391536.1481939903,391260.62111741956,382871.3858028284,391955.060906406,394957.40796909103,387169.6099694227,395134.7524359501,394258.15625,393525.58328057744,385836.9616777837,393948.3494658701,392937.18592412997,384887.52389621246,393417.47175885725,398537.8180142725,386094.67235911207,398088.51533137297,394258.15625,396421.64154460165,385517.1772837046,397130.4477277894,395590.7642477526,384484.12282698764,396588.1696865739,397082.03335714375,387385.85021563136,396671.5948990049,394258.15625,395819.082850844,387221.20033641,395574.41531795973,395256.0761816806,385015.14162196004,395399.76100436813,397262.9419258555,387300.2518066192,397255.4692073926,394258.15625,395619.5658663797,386558.996452607,395273.6388014231,395169.36679684796,385127.0185150847,394643.8152334109,397821.0918043033,387919.40420465724,398303.62693851587,394258.15625,395816.6332252069,386914.91163522314,396303.8266307717,395191.1140419622,385311.4985698846,396588.1696865739,397611.8267770203,387409.0912963473,397555.4131803053,394258.15625,395756.4079971927,386939.93737562606,395734.0810705214,395250.2510550668,385358.55066403677,396588.1696865739,397105.76221600664,387994.57828197576,396691.732402293,394258.15625,395438.9433552866,387551.64289666957,395734.0810705214,395155.1098626849,385292.62949701404,395295.78201683704,397105.76221600664,387994.57828197576,396691.732402293,394258.15625,395438.9433552866,387551.64289666957,395734.0810705214,395155.1098626849,385292.62949701404,395295.78201683704
2024-12-12,412593.92,405247.3,411348.89144987887,416787.40296961804,420797.94974473875,419819.37924000004,409340.0599561492,405682.12214405526,409221.3372192435,413560.28,393654.45947185106,397524.75,372549.2864094142,404660.53528976534,403623.53125,396659.0,405365.08659298095,403623.53125,402909.80070737016,393339.1193215814,403973.18932197115,403623.53125,402467.4178531347,392878.63909216056,403058.88510682114,402832.8178754593,392624.7149983433,402395.596416345,402911.64662149776,395533.65696214885,402708.59672497376,403623.53125,403025.1941758456,394923.24858077534,402897.16771172854,402610.6244360637,393729.51930472965,402233.8790212524,406947.2116647951,395132.37306464586,406138.8260141789,403623.53125,406315.0176199713,395108.95559418737,406176.4102441544,404900.04138849676,393866.43572106736,404038.2714781976,407570.1345121497,394990.04709895625,407337.3598586423,403623.53125,406920.4557464934,395138.3004539509,406303.5589829395,405487.5642584404,393901.0038429984,404868.9310274286,406956.9937117866,395709.2350137281,407455.67067030224,403623.53125,406261.2522000095,395177.53436089534,406445.09320913,405265.32011482323,394047.46477502445,404868.9310274286,406578.22176007094,396329.15112074104,406637.8412181719,403623.53125,406017.587279078,395767.8636519295,405946.07800513704,405192.6507212672,394245.17770318245,404868.9310274286,406296.68440217676,395736.15851688205,406328.84904203523,403623.53125,406136.62306009175,395544.62574344745,405544.6116499048,405157.6859552081,394256.6916317326,404537.28668219055,406344.7339215682,395754.1382983437,406660.4933872733,403623.53125,405955.55472015217,394941.9740286611,406440.8704693925,405267.7016741849,394156.50249976874,404537.28668219055,406344.7339215682,395754.1382983437,406660.4933872733,403623.53125,405955.55472015217,394941.9740286611,406440.8704693925,405267.7016741849,394156.50249976874,404537.28668219055
2024-12-13,395201.537,419038.38,429766.37628881785,423511.7933050918,423409.09363688994,426451.45991999994,410610.1540197167,405754.97639490175,408277.7646550033,414483.16,380722.0419653092,397111.72,372748.25298010616,404978.10591126746,390473.25,386959.6875,406286.4137718069,390473.25,396203.6544898612,387207.54346762435,396026.34430879867,390473.25,395856.3811643662,385920.64123146626,395569.3816173835,396215.080669217,386124.64480686723,396948.0047088121,393183.0883697275,385500.9657565053,393372.78373783384,390473.25,394179.195969087,385948.40927030524,393502.85644643224,394366.79374165623,385473.2316512418,394127.1316378473,401620.54056349245,386253.8489769428,402939.5461212597,390473.25,398958.9178079666,386538.37811665516,398283.1428038244,397396.69327487575,385885.78978107113,397690.72660878376,402058.2942127093,386227.04975441546,402781.6929608398,390473.25,400180.3989616005,386557.9034537582,400604.101629664,398042.7836960007,385867.98682053806,397486.17431738216,402223.38165321754,387632.2831281076,402475.20288151246,390473.25,400072.9502439819,386836.0917841871,400604.101629664,397967.9424854464,385865.2899808343,397189.14357763494,401004.64543086046,386907.7670372217,400436.789129664,390473.25,399022.32332645264,386534.2586497351,398954.66884684964,397633.1610577486,385878.84943151654,396267.4831776215,399596.84228727105,386637.19343056396,399396.8296619532,390473.25,397956.00015718455,386771.38422395306,397083.5675950012,397521.4829765592,385939.081432934,396267.4831776215,399932.8308686364,386424.84779999667,399054.54782390076,390473.25,398845.7906233933,386096.0864267554,398796.8156864298,397581.38709605695,385834.52701037156,396267.4831776215,400021.6268184472,387057.1005776324,399054.54782390076,390473.25,398890.77400996,386559.2003212884,398796.8156864298,397748.7908510699,385836.1236386469,396267.4831776215
2024-12-14,346064.891,371058.16,371710.3281434423,377222.54830088,360075.46201524907,352689.12272,339771.57065798034,358533.6946152702,358336.30850016547,357064.12,334719.87430090597,370505.06,328527.5347664523,359476.58247538726,342493.84375,355408.5,355839.51426638215,342493.84375,346516.4813273784,343206.23630192695,347150.1802870015,342493.84375,344732.8924627784,341381.4690480801,344421.4700504231,346072.1761994533,342618.7196864246,345651.2994165175,342878.50324744446,340728.00260433723,343195.18884545896,342493.84375,342648.2178082649,339959.21490749886,341965.3594793647,343878.4932288203,341144.48804322706,343565.5157626549,346609.5184555778,341617.9654113801,346232.8755282738,342493.84375,344405.26005840907,340848.5392589233,343806.34852366033,344401.02588562685,341573.92528242816,344421.3321546127,347485.4510001295,342000.6651022997,347703.81344699446,342493.84375,345665.8047826243,341707.38851781504,346312.552285402,345556.7677495973,341643.88362239447,345036.4536813755,347714.2474674916,342078.72068893374,348239.3961124397,342493.84375,345989.45525930845,341114.63967450004,345942.3632640166,345450.0561770181,341440.4913820212,345942.2253682061,347831.48347662925,342269.4931380075,348300.3384991923,342493.84375,345951.188619963,341242.7353806383,345327.24173725373,345339.3174966385,341529.3165397219,344421.3321546127,347412.7089707992,342402.2567298398,347732.394410457,342493.84375,345363.1199120226,341845.92209777766,344629.8034923279,345235.81612973684,341646.6405447944,344421.3321546127,346389.9006847236,342231.3066513067,346003.1677549588,342493.84375,345001.1694933739,341876.5946756169,345036.4536813755,345109.8189109684,341642.7974314668,344421.3321546127,347286.2275293904,342271.37043848785,347394.42891655135,342493.84375,344949.3041245036,341976.0419972113,344421.4700504231,345141.8737254824,341589.71094297926,344421.3321546127
2024-12-15,327590.512,324457.03,330310.5601804881,344584.2693162916,334990.7630124914,337181.60144,325079.69463628734,322317.7306162755,314536.92002071685,331034.66,313720.6941794941,339046.53,307969.5447498303,319787.83060379134,326862.84375,342062.625,327596.2197503777,326862.84375,331059.25682770653,327228.7375822455,330499.1140168878,326862.84375,328160.0911846324,324199.1285268008,328032.68103390804,330305.5754965716,326360.172269218,329810.6914024553,326205.5094547672,323645.1336340158,326191.32703633927,326862.84375,325908.05193796306,323381.7595486519,325798.3089138599,327611.64450167655,324487.88965874776,327160.9952655878,327728.0348101393,324461.85747082,327853.0064237545,326862.84375,327509.5517973448,324037.6223001725,327456.3997575408,328174.33971822285,324854.31952260766,327786.8119118024,328925.09884762263,324758.0450781859,328753.72550630826,326862.84375,328961.67575507093,324328.4901289942,328892.5319109283,328943.1276157514,324913.9583209655,329040.0497417039,328967.47803876543,325021.5181422704,328753.72550630826,326862.84375,329043.71966788365,324414.294560555,328608.9623102753,328965.1526450816,324989.0402803875,328841.39200360863,329655.3912682955,325499.72955559724,329641.7015863315,326862.84375,328659.8312272808,324873.6971880177,328316.25063456106,329047.0608914561,325094.26829380833,329040.0497417039,330049.50063498656,326211.2883665218,330201.32372059394,326862.84375,328816.66968447634,325648.735811354,328316.25063456106,329077.92624520324,325246.4960351663,329040.0497417039,330217.65965940646,326022.6627873573,329763.84884884674,326862.84375,329123.3098800441,325585.5522349639,328756.48014105094,329115.9656585689,325249.13729665324,328756.48014105094,329868.2717254284,325770.05416297074,329952.2348851558,326862.84375,329143.3058356991,325358.43777104595,329332.7614174182,329118.7509565775,325179.63530972163,328756.48014105094
2024-12-16,320188.585,320789.1,311339.3653552117,323672.8468143591,317553.41699566745,357883.41092,311439.78431420005,322613.99632158055,316368.02063389594,341031.62,314833.4193159031,346577.75,316521.6298551492,318128.82774295897,321772.90625,354161.0,326312.4728845951,321772.90625,334461.18516173994,326869.19252913026,332836.3886318335,321772.90625,335332.3022623336,325193.8469859654,335253.6943205622,334149.9185126476,324435.94835933484,333505.6997202049,327167.01295974595,322600.29856980435,326159.5184959241,321772.90625,330575.5714419941,322175.9026132696,329709.74193960975,329372.15342948737,322707.0030400359,328371.11976286693,323526.31405595277,323351.09648972715,322239.24352847214,321772.90625,327370.38722972525,322729.54723947676,326768.7509297142,327650.17842691124,323068.5536441867,326828.8295842955,328633.6261620255,322546.8929778835,327622.8825165134,321772.90625,330488.00802350254,322224.0091832766,329824.3577886574,330065.3501115465,322781.8337025091,330287.964455243,328507.75227079965,324190.5551072349,327622.8825165134,321772.90625,330694.41516235133,324017.1178824846,328740.89242148167,330400.93940928637,323490.66948428936,329370.8826100049,329560.39349856484,325168.16580736474,328964.2446353547,321772.90625,331339.5620366847,324686.48728056264,329952.73084128654,330590.9591799114,323691.56603634893,330287.964455243,329750.55895911355,325773.8511923605,329165.1726950849,321772.90625,331554.2851145613,325084.96075362293,331697.0997259954,330433.3380150716,323791.3092235946,330287.964455243,331480.87071121356,326944.6305056337,332254.53490741766,321772.90625,333025.1372425906,326349.68292373815,331830.25463381445,330665.65355209215,324005.6342195289,329618.6533668715,332084.21364140545,326868.9680402059,330712.24472884624,321772.90625,333449.80417580844,326508.16192121734,334041.85590075725,330578.7179503209,323897.8091915202,328878.8291844906
2024-12-17,294516.379,344036.34,334630.44784739905,326636.72771517746,327846.27991246595,367845.38588,329437.0327046974,328325.38632453897,330536.96611520054,342116.3,328932.97299259435,354693.12,315964.4437850446,329439.4025765257,309503.78125,318292.34375,332549.1301402429,309503.78125,323807.3350810275,316596.76444976404,321831.88804051327,309503.78125,328663.55274901097,311858.74252834474,328560.2219465611,324504.6028254425,313948.93493888655,323285.11505936604,325547.63317202264,312614.3578664552,324584.7289027159,309503.78125,328024.4725231851,312025.7059025994,327723.2159941801,324301.409845181,312018.65274276515,325202.2779125992,318756.2658299173,311506.63640636706,318618.97321613255,309503.78125,322944.7844833687,311837.81625047163,322190.87553951837,321695.5575145784,311579.04435585404,320595.13706472766,324610.1436619339,311887.8764853476,323611.62770345045,309503.78125,325727.34777361824,311602.23986327753,325572.82241691375,323284.1796163734,311495.96223519556,321684.17890891863,325013.11227075185,312494.93941057613,323611.62770345045,309503.78125,327034.0829325044,311530.2095340906,326798.01638739,323832.48027227225,311476.54065573757,324462.3505579663,325179.30016673106,312485.781983873,324903.5829969012,309503.78125,327105.5913212129,311922.9700405757,327216.5193635804,324020.39382397896,311652.5073708582,324462.3505579663,324525.5854513867,312126.8755310608,324030.130679641,309503.78125,325533.2130045324,311890.6340609406,325991.32539310417,323717.86763742793,311639.9913177567,324462.3505579663,324897.1777015842,312579.6079127961,323486.0672380837,309503.78125,326030.70016343135,312228.11551495915,326409.8283692947,323743.7857981714,311738.97810799,324462.3505579663,326384.86447146133,314427.24161244824,324201.3281728456,309503.78125,327112.54553643067,313568.70425934077,327216.5193635804,323850.2463702808,311753.25288159726,324462.3505579663
2024-12-18,292358.118,312418.25,299723.6079232592,311015.384048345,308172.57947877666,345251.94352000003,309220.4020183479,323631.261019116,312280.9277652149,339088.22,324539.1747021418,298803.22,307236.61332495976,316358.35168815946,282225.875,286723.875,311779.3121992214,282225.875,296924.95068641886,292074.1782096186,297174.26113544335,282225.875,298017.73163315526,290745.14969189215,298245.4453366522,298287.1196780246,291032.759199673,297621.0848702367,296899.89039778156,290987.1481510971,297974.13072688296,282225.875,297556.51676162984,289963.13664457295,297176.21420607687,297271.7921987261,290430.24920913187,297759.9402506924,293170.8140105498,288945.2544636852,292381.89699105854,282225.875,293666.8747491889,288318.63071111013,293883.4942054229,295735.7813966416,289486.52018364694,297614.2009294131,297776.3005034835,289056.07773311884,298021.0314959132,282225.875,297460.4135578595,288527.5896530146,296707.57578419254,297111.9320828192,289305.10871071665,296355.1401167665,298559.8181798036,288561.5717646095,298314.5421992465,282225.875,297801.85725285916,288087.4148347331,296951.1901761177,297255.4502366882,289231.47367438534,298663.56985353515,299352.12502698967,289232.97991808166,299550.0995553788,282225.875,298442.5385786478,289408.82231506926,298236.6438436581,297529.19535784825,289436.33805922925,298663.56985353515,298067.337847317,288378.92765160365,297646.1703621802,282225.875,297515.65638377744,288466.09013308765,298157.3236165152,297302.7126232307,289326.871000936,298663.56985353515,298708.81108536763,288763.19739811105,298901.6407385365,282225.875,297325.8927865271,288521.4219631261,296921.76626038295,297407.58010754443,289298.0419845851,297161.9726391707,299832.58909323666,290583.1115570952,300028.3768191679,282225.875,298837.35564216424,289457.9839131942,298432.2794763456,297523.83006779733,289389.05732770136,298877.76032972557
2024-12-19,278339.662,296873.75,285041.4670413753,304079.1061627069,304318.573257595,310042.40736,297206.643465251,316351.451397196,312244.882493553,321988.28,312158.64556475607,267602.75,303202.6214304011,311996.3694682404,271710.96875,285778.78125,300039.7799260717,271710.96875,283144.6497203963,277351.33562920947,282977.4253754554,271710.96875,278598.872961996,274042.37041137007,278435.887748627,280408.70830740297,274992.3291870684,280750.81408889376,283272.5318206335,279107.7377588475,284359.3213087652,271710.96875,278762.0999148419,274597.27543673094,278778.5234535101,280428.6430549919,275203.56381465035,281557.4211631314,281644.53946884815,277014.6445690434,281047.2390067148,271710.96875,278075.91310310626,273936.262035045,278120.03081517137,279749.7306092632,274948.72426476254,280377.34317338147,282731.351496251,277489.8718479024,282749.0364868569,271710.96875,280626.0489862419,273990.2990399021,279977.43545181124,280386.6349245179,274498.07315318636,280141.52347122633,282644.13974688563,278428.30640339694,282413.96890441835,271710.96875,281546.29811666545,275799.7096277514,280316.0987752562,281024.60779712204,274788.3429030684,280141.52347122633,284680.73806652176,279925.05134940543,284737.38105738745,271710.96875,282418.02422748297,277649.7907002842,281868.84184704645,281163.3770377763,275167.53957112774,282067.60331954807,284445.6492960396,278669.974632449,283990.9424514915,271710.96875,282070.5173873666,276874.15931073274,281530.1785236015,281228.21079182584,275145.2106411971,282067.60331954807,284213.7211953599,279325.57278635766,283983.9483852591,271710.96875,282141.1523686397,277034.22609214915,282200.0743569348,281281.7153277097,275187.0435632776,280141.52347122633,284166.07297477045,280347.1738012197,284671.28126262844,271710.96875,282678.74877249356,278043.50233389053,282371.5931899065,281198.2941800394,275311.6563171594,282067.60331954807
2024-12-20,284239.939,301505.6,301379.2797850472,312709.44489141146,302980.465595693,325611.33796,318105.4903766901,328455.80843152263,328103.1127378617,343845.1,336253.15756441595,283410.22,321238.3830736277,329203.2350440605,281112.15625,271200.21875,312340.86644735537,281112.15625,293793.2169452939,288904.62243607896,294703.70008921204,281112.15625,290551.6665542737,286656.125688208,290270.35848098184,292296.6787089475,286915.1282948447,293372.1977036289,292428.6088230702,288152.40035110526,293367.5284374156,281112.15625,290912.1857652328,286866.14965101914,292031.94582034805,292834.9058779709,287242.60317287623,293514.5957659951,293508.99088485,289071.1111268685,294227.6228339182,281112.15625,291115.810059163,286933.4195857897,290527.3130278999,292445.47828077973,287231.7432081811,293153.074995253,293165.0375182945,286822.1941974014,292220.5955092746,281112.15625,290334.56389528856,284928.86072251434,288985.07051970327,292714.01665633405,286266.36643357796,293514.5957659951,291259.30592162185,287333.1317073027,291385.2535426873,281112.15625,290016.8917449797,285426.43658314465,288264.8312444177,293115.0138749763,286292.7928249583,292371.483744289,292840.11479441833,288386.7924042722,292329.7745712895,281112.15625,290540.2017950725,286489.607678199,291252.11398251296,293486.76072913356,286587.6044562896,293514.5957659951,293482.1231204862,287855.4417747146,293257.844116104,281112.15625,290938.42870520963,286683.9187254491,290026.4185837839,293402.3817372224,286720.1271282563,293051.3110376276,292950.66783005005,286799.9512790537,295203.77879011864,281112.15625,290583.5920831619,286144.1990386225,291972.35325779853,293555.6750065043,286659.8428386232,294277.00643635663,293085.0825459836,289486.41956985294,294259.25776151643,281112.15625,291925.8467452543,288462.0831254928,291972.35325779853,293445.361663858,286841.8900379916,293514.5957659951
2024-12-21,268819.207,296691.1,291041.38863942627,300552.4570271931,304382.31062696886,305464.93324,294403.6928338345,292685.3305169563,291884.3872033293,300599.3,296037.9822089821,240372.9,288567.5739335536,290589.3741642465,272480.90625,257935.640625,288245.95265129936,272480.90625,278356.3598792021,275454.8495215056,278500.37276531715,272480.90625,278151.1434959245,276121.0454536575,278441.86053838977,278648.2738624976,274779.3897529834,278029.09530868195,276981.82494709716,275187.0446773104,276744.4877739597,272480.90625,277582.6255382334,276079.2385053513,277378.6072434609,278311.12860002625,275545.90259652375,279115.1811581673,278143.40292929066,275696.5357901321,277514.94277396676,272480.90625,277439.33719419455,275847.4693044377,277085.808948539,278313.1150924932,275414.23149873875,278207.57447039534,278519.47106403945,274644.7981011444,278481.87715552043,272480.90625,278674.8186493312,274936.5044696764,278945.9914010289,278327.8645417929,275053.99824730854,279115.1811581673,280643.03054966056,274775.9089390388,281063.41813096823,272480.90625,279583.32499129145,275576.298886907,279421.1636768924,278091.6608138956,274740.19066678337,278290.67635721446,281052.42067894083,275464.88758950925,280356.5496293904,272480.90625,279988.9874747412,276120.07628770464,280940.27817103383,278259.87580561166,274845.32978407666,279410.21066607995,281834.46546536573,275597.520267641,280785.6834548181,272480.90625,280670.9217237565,276565.5256804762,280940.27817103383,278385.7804140963,274927.9224194848,279410.21066607995,280470.90676063695,274440.91899454873,280119.0571644177,272480.90625,279930.90326119756,275968.9316918616,279421.1636768924,278332.6443706854,274894.555424186,279410.21066607995,280310.6515661753,274432.43710862624,280350.753390132,272480.90625,279659.5684140181,276126.5292873952,279772.47419874166,278309.82958237274,274937.83167774085,279410.21066607995
2024-12-22,270799.158,282075.34,280888.0351934202,293973.07409877295,282052.44256413326,307891.19564,295689.9356702572,284773.7914702842,290579.5029061995,301163.5,299502.38950529025,247480.1,296019.5255597283,288888.6380205089,279364.3125,277481.46875,287188.2166252397,279364.3125,283191.49814077484,281064.20132989483,283261.4965173731,279364.3125,282212.0850492441,281157.1871326101,282491.9898034806,282539.14455277694,280537.7094102625,282491.9898034806,283816.70260765916,281883.3795653153,283759.7985843592,279364.3125,282888.9748604149,281563.02960403543,283072.04718339455,283118.4217271587,281071.0091735333,283161.706409585,284180.95249706367,281816.3014432683,284212.5486519814,279364.3125,282919.0137059232,281382.06788591994,282565.8412031458,283198.01706709893,280958.942919196,283343.2518303009,283094.64764723496,281115.1579886586,283494.91055354517,279364.3125,281932.9053953178,280910.91855664895,281952.5567685256,283045.26274836424,280792.3054411949,283169.61032284773,283049.79791993886,280886.3627592786,283447.7856715089,279364.3125,281048.90546976664,279942.2030995561,280914.39382173965,282627.4182752738,280512.76571737125,282862.6071226145,282982.5292403634,281044.00356614456,282537.73531742,279364.3125,280944.27330943197,280109.37345640024,280914.39382173965,282617.39862061624,280579.7190177504,282862.6071226145,282872.6674936211,281000.7059890007,282881.4677296229,279364.3125,280715.0992581296,280112.80918190355,280781.75409480586,282638.1499168128,280629.4809299003,282862.6071226145,282927.41173637554,280836.7422907136,282832.5620358408,279364.3125,280951.4108058399,280098.6202551877,280692.0948686154,282582.0267042063,280618.1020852594,282862.6071226145,283819.3586418797,281522.3811705441,283152.9284948884,279364.3125,281509.024267696,280579.74888424814,281341.4993022404,282698.1387802613,280642.1561517109,282772.94789642404
2024-12-23,286102.072,305954.7,299878.5078869762,325906.3331673195,303532.08349628,343544.61288000003,320922.5216217474,322053.0490414471,326126.3028714334,359247.4,352238.76450199715,334760.03,343676.585692335,326846.10924310354,332201.8125,303803.25,326712.803860176,332201.8125,333936.8907604946,332476.2437570683,328840.00080320187,332201.8125,332892.74979209504,333407.39760854346,330966.7467519554,334848.31823573355,332967.0454697809,332319.05925195536,324020.3315681125,327017.3259607994,323569.90796335635,332201.8125,326795.8476003732,328786.4216434008,327348.75114223757,326672.21083178505,330536.25180119125,326811.64205279696,327503.49023124174,330092.1719627637,327765.78262432065,332201.8125,327946.41169415903,330531.29434104305,327348.75114223757,327545.52111845196,331243.04378884344,327348.75114223757,328309.9760439165,330948.18695096736,327161.85866066505,332201.8125,328311.9463123646,331473.59753058146,328701.06364223757,328595.539255261,331555.44408547494,327348.75114223757,332206.89527903334,332410.5014808555,331048.06132188265,332201.8125,331210.8015738401,331671.67454114306,330507.9279704541,332164.8753065862,332284.3531515518,330526.05814834486,330286.0832702781,330416.39216106373,328220.97092364344,332201.8125,329637.03874023457,330557.9985401038,327854.8173631341,331448.38621571934,331807.2010997336,330526.05814834486,327752.97384583624,329373.8992265405,326171.78427997907,332201.8125,327351.7563046724,329458.87047142815,324677.5103570268,330968.3378290727,331615.3570160435,330526.05814834486,329117.1550542557,329575.3910795235,328824.8948872991,332201.8125,327976.2326314956,329716.1058637978,327504.60075526603,331034.99597025214,331590.94428807474,330526.05814834486,327476.0101763732,328800.9916714793,327520.5377079074,332201.8125,326348.0763837054,328562.90244945575,324327.2937491588,330817.5306504405,331396.046762316,330526.05814834486
2024-12-24,274323.42,301646.0,300949.5819002273,318459.58533593913,308813.6105573616,302984.69915999996,307570.7113123939,298934.06434473826,306646.6033484014,318033.9,313753.39123190905,278703.03,327445.13225807133,308380.0887732618,281342.5625,291900.375,304370.88954815356,281342.5625,286195.3758088584,283117.554067433,287638.3196509091,281342.5625,284687.32806416304,283456.51466765284,284637.6477402049,284685.73666801053,282252.308504878,286405.1250181068,291339.3858421998,288349.30006091314,291350.08418449346,281342.5625,287674.81510193006,286735.69173279713,287846.6592975988,287962.88379045675,284468.8906854697,287846.6592975988,289737.69541215146,285341.7760938019,290638.9915616132,281342.5625,287277.04614223685,284855.5634757059,287343.90632140834,287516.10226810205,283767.7659871423,287343.90632140834,288272.63423249277,283775.6190835504,287774.82093570486,281342.5625,286538.79494114715,283284.86566423805,286525.861468448,287063.53130161983,283158.6899916782,287343.90632140834,288593.5841061273,283148.55220091215,288012.45651703887,281342.5625,287209.0536371173,282991.2923673839,286639.7272269024,286942.81157152547,282622.39108929527,287024.10884642927,288070.4524751269,284818.21977309714,288603.9727535799,281342.5625,287436.3994623454,283689.6058456012,287947.87237249105,286837.6097584713,282674.46737818304,287024.10884642927,289628.42559237865,286439.2867927359,289481.203284872,281342.5625,288619.56199394626,285024.12232404744,288386.0412041337,287236.4220183171,282952.865524814,286585.04714677983,289379.7398523303,285869.2407437015,289422.0176065402,281342.5625,288286.18265620025,284775.8683791388,288011.56364903203,287142.3735164113,282957.65098610806,286585.04714677983,289837.9388263457,286879.0726941272,290299.2481378323,281342.5625,288793.4723582673,285186.81575010513,288829.6085019924,287291.05132119555,283045.6706837952,287087.8001229703
2024-12-25,286713.455,308728.16,302232.4737945155,323416.0482717034,320322.1915230393,304948.21996,339887.9929928907,307670.10652576777,315225.58037415176,348875.7,328196.7073568762,272435.97,341698.1624748012,320592.95122343575,293015.75,274730.125,313465.07479981217,293015.75,297613.221183485,300844.84585844236,296726.3711695521,293015.75,288532.33294374414,299918.68864123046,287354.8537823631,290393.44470227684,298785.99943571957,289544.5624045532,299014.3451842657,302205.75988467573,299880.7586548504,293015.75,289306.1547243438,300880.7985881076,290009.3888741202,292143.97953857784,300054.74708539556,292260.0582805889,299214.73711384647,301459.9859127302,298519.49113137944,293015.75,292065.4205226656,303267.05559345713,293121.4734105186,292993.2998695805,300753.3766294138,293130.80232820794,298723.0427650553,298239.13707227656,298467.8592647902,293015.75,291787.51599501487,299690.77722919104,292208.4264139996,292680.5186598207,299495.8684032811,293130.80232820794,296905.99678182567,293365.69433900097,297853.12447359785,293015.75,292299.69071432704,294861.4386311377,291276.7215821019,292232.9075273777,297790.04294609744,292208.4264139996,297262.92084621056,294753.17960887216,296921.41964170017,293015.75,293616.51259395794,296147.4992487075,293447.7723689133,292231.11008300324,297651.77607093763,292208.4264139996,298002.94544012175,295242.1833415967,297782.8347716299,293015.75,293949.16875301837,296444.1747363203,294309.187498843,292446.9332105627,297765.2345839357,292208.4264139996,297466.4101887036,294147.80037920986,298714.5396035275,293015.75,293284.97678884194,295540.9048552555,293447.7723689133,292415.7038492708,297695.28659380355,292208.4264139996,298144.33409868437,294038.562180723,298705.21068583825,293015.75,293364.3690878375,295117.4292715858,292999.55184196134,292348.1534612841,297690.38169674383,292208.4264139996
2024-12-26,312527.553,332512.88,328357.16481191857,337330.14152247115,326935.26944174187,313665.90012,363123.8318366143,315786.7078478457,330935.8146185593,364876.78,331439.2122478107,293502.16,356829.1359188836,333800.316310785,309406.375,288364.5625,328457.74964510865,309406.375,308997.27193742956,310835.24912400194,308908.5124552187,309406.375,305156.64118863206,310978.14790744917,304800.97566054814,306946.46617013746,310410.9041635082,306904.53031236154,314436.55030059326,317366.48889299185,314429.1711652521,309406.375,304407.2542275569,315300.3490201121,304800.97566054814,306396.95867635607,313033.5036768944,306904.53031236154,315761.66012065875,318209.51816461753,314528.74367420835,309406.375,307345.34450054803,317991.6198373541,308460.5133760099,308136.10516726226,315025.8666998137,308560.0858849661,315454.1678476889,316033.2670490773,313875.1791730324,309406.375,307714.33970129275,316659.504336696,307806.9488748339,308185.3696666399,315361.8285039924,308560.0858849661,313375.14900060586,310597.80688741733,313335.0501264692,309406.375,308600.6750500601,310682.11763220327,307806.9488748339,308052.8915504025,313214.8317324894,307906.5213837901,312724.042155296,310928.41841189936,313516.1948844238,309406.375,310058.87640549184,311716.4051452998,309711.35850873473,308396.0342822821,312188.54199338576,307906.5213837901,312282.5982256081,310572.0961104074,312446.4945096535,309406.375,309798.9139091786,311323.6370659278,309711.35850873473,308409.71101077856,312141.0578280275,307906.5213837901,312309.9157455161,310099.050289644,311611.7852505229,309406.375,309652.2782658695,310844.0846953484,309711.35850873473,308430.0298160134,312139.2177773911,307906.5213837901,311803.80069322867,308799.12412505574,312197.64044835715,309406.375,308717.8045107159,309640.74993663945,309643.649205393,308327.05681491777,312091.7675752191,307906.5213837901
2024-12-27,327971.167,373673.78,374249.82257373515,373972.260563124,359256.21614476305,428134.51259999996,410015.18915229803,353366.2749859502,363088.61797019315,403676.78,351129.96251270385,311718.84,379253.3300463139,363358.49187768967,317249.53125,303085.84375,364348.6306451181,317249.53125,326094.2854280828,329735.5025451968,324734.42304975906,317249.53125,326286.5487152994,338424.0490616411,327465.1769853529,325491.7567574884,333167.28011177666,326099.80001755594,329132.5935946584,333206.09898617276,327802.91271177324,317249.53125,325956.4996515064,339055.6576105922,326790.7156758291,325710.5461473118,332459.2808237971,325425.33870803216,333612.04935779975,337371.36275466916,331209.1381002078,317249.53125,327242.5613345121,342046.62088470487,328139.63829487667,326041.76592950907,336060.0023247428,326099.80001755594,331673.8873114856,332440.1993075916,330854.9480250382,317249.53125,326843.37246353267,339176.46834178147,325425.33870803216,325989.183032674,336138.9629089882,326099.80001755594,331130.11549862183,326326.73753994517,331826.61496866675,317249.53125,329478.2201648003,333957.0406079851,328814.0996044005,327016.78081903135,333472.5937267736,326099.80001755594,330989.6553135501,326897.30263517087,330083.9823254508,317249.53125,330739.15312082466,334468.16093724826,332202.8605007688,327284.9265116633,331767.4178906827,326774.2613270798,331591.7524372379,327684.64814130374,332084.30065377284,317249.53125,331717.184374624,335029.13823390077,332202.8605007688,327443.9163006949,331763.96623007074,326774.2613270798,330435.66419999895,326309.9063875862,329370.0010669283,317249.53125,331106.2855774903,333532.88228750357,332202.8605007688,327434.2904512949,331641.23193439766,326774.2613270798,329555.0153452094,325128.863140431,328695.5397574045,317249.53125,330582.3771661182,332352.99950421765,329488.5609139243,327456.25899290235,331541.43923679716,326774.2613270798
2024-12-28,319922.014,363016.16,342559.72128799406,352287.46515748795,330391.7737724718,367917.21671999997,364791.6829725453,327888.1842551685,336445.3276584038,377578.38,315643.43973812973,280088.0,339888.8743557756,337772.8715877017,313557.34375,297492.75,336487.94550037856,313557.34375,316414.8763942261,319527.15680816537,317402.7491161891,313557.34375,316033.50467374106,325031.45478066156,314958.9114394269,316086.09356782073,322126.7167589001,315872.78780666523,317333.6008239159,319685.19337053434,316931.4526487867,313557.34375,315397.17776373576,323677.5011450191,314958.9114394269,315915.71968386363,321884.7067005101,315107.80715190334,318530.1342589422,320462.7837825845,318577.4858656274,313557.34375,315696.8150414566,323210.43880400143,316017.57628154836,316145.4191404552,321900.1174164484,316166.4719940248,319194.374168726,319631.33394392405,318755.09814567014,313557.34375,316405.0812848882,323263.65455021086,316488.8727489507,316417.52949532383,322165.0747219296,315872.78780666523,319776.7880314492,317264.53242548264,319842.47955535783,313557.34375,317351.86015722464,320889.7613601655,317253.85340371256,316744.081681921,321533.24210750137,315872.78780666523,318964.37268611667,316844.9707217261,318389.94322366285,313557.34375,318170.5974598981,320452.2321767622,318634.9190007599,316913.3887519291,320672.83305296634,317253.85340371256,319180.61194201163,317162.72950288025,318389.94322366285,313557.34375,318694.6379111232,320595.1506610238,318634.9190007599,316957.0407407895,320637.395466293,317253.85340371256,318083.9368473664,316310.8716240579,319191.5827485425,313557.34375,318543.04174203787,319619.2233449366,318634.9190007599,316893.56494624034,320558.6995216592,317253.85340371256,317529.5505211131,315573.9683636639,317045.5364967332,313557.34375,318028.56684569165,318895.95444259123,318634.9190007599,316968.1776778315,320524.4880748237,317253.85340371256
2024-12-29,326379.46,353864.8,346423.5408850629,350043.81905102526,332952.15176370804,375029.82052,363186.9880523904,325456.73207938264,330364.35582453455,378896.97,325212.134083182,347620.2,338870.1632665782,333306.51502269995,335696.46875,326066.125,344199.3855365709,335696.46875,336094.45768064575,336973.31002702005,336416.18235358637,335696.46875,334844.2223751936,337311.36441697495,334634.0563243037,335510.2010409046,336632.96078573196,335499.00675834826,336416.729193031,337342.3266799527,336297.26614726864,335696.46875,334726.2618612077,336606.38037997147,334634.0563243037,335414.7364567506,336390.9129552213,335499.00675834826,337359.25727803365,337427.6301163659,336335.11460980674,335696.46875,335112.8241670894,336291.06256768864,335432.315713224,335645.8153067479,336386.7516478724,335040.4189607292,337528.0749499598,337602.9580792824,337554.1133338081,335696.46875,335475.116380865,337741.22706726333,335551.2319195417,335776.3753084467,336937.2160244016,335499.00675834826,337688.6635837285,336755.9126226639,337214.4417425067,335696.46875,335863.48155572277,336913.2412925553,336009.8197171608,335824.1779235819,336852.1154406662,335499.00675834826,335954.59114787576,335920.46580892,336102.5936698889,335696.46875,336153.85520726483,336442.88822891284,336009.8197171608,335847.5448362728,336239.4437192957,335499.00675834826,335887.12934490404,335962.6273954235,336102.5936698889,335696.46875,336319.69319269987,336450.2358800474,336520.63267597335,335873.36567931913,336209.06613564165,335499.00675834826,335158.77784673613,335214.03601674957,335461.0989498244,335696.46875,335846.8452138518,335824.0629306841,335879.1379559088,335843.64368067146,336143.52717099956,336009.8197171608,335204.61716792255,335225.29163446254,335002.51115220535,335696.46875,335940.82174700993,335875.73518189683,336009.8197171608,335847.989567707,336157.8773136884,336009.8197171608
2024-12-30,340837.398,382323.72,378055.8662322599,384354.7823201843,372846.7052763098,417996.74912,391981.91976176295,355091.4465153463,361065.48478712724,404792.75,371475.18054384406,370111.3,374826.2045875491,358838.07411546394,368380.1875,361183.40625,376888.25255065656,368380.1875,369094.94785026665,369990.30491018237,368852.35844900185,368380.1875,368672.27956250194,370968.8354433743,368863.7827917057,368905.56674424116,370704.1897911477,369088.4439235028,369487.37968971604,370295.54615436506,369633.54659241915,368380.1875,368498.91655980115,370756.90690214816,368403.03618540755,368822.2694952456,370587.67294163874,369088.4439235028,370276.50736303686,370720.23332735564,369931.7257976099,368380.1875,368816.8199334516,370737.00442878605,368403.03618540755,369104.99112051865,370595.5668758445,369088.4439235028,370630.106042188,370500.3878024533,370296.69199858594,368380.1875,369044.45105154323,370851.7006398067,369088.4439235028,369145.1945388592,370692.85045881977,368627.69731720473,370388.82363823283,369599.3347318424,369976.2504614667,368380.1875,369130.71752080705,370088.46916009573,369088.4439235028,369112.6516932784,370449.16164815065,368970.40118625236,369706.88345818245,369130.5866553807,369372.3896797956,368380.1875,369473.7778865005,369823.2912406454,369891.8943988485,369100.7953733564,370067.1109121735,369431.1477925504,369667.1364111768,369209.40874247265,369620.44496341224,368380.1875,369529.6362653352,369872.30194784165,369891.8943988485,369136.70173120796,370069.2952825908,369431.1477925504,369383.76232684363,368873.4398046567,369585.0810024771,368380.1875,369269.703892237,369583.0462501537,369301.13524618425,369110.0686254156,370038.278298613,369431.1477925504,369616.9667134538,368801.2998949946,369372.3896797956,368380.1875,369300.2956765565,369560.53253567143,369301.13524618425,369117.59958642937,370045.37823223765,369431.1477925504
2024-12-31,349019.017,360689.8,367157.89753282414,389193.65404709714,357217.0545141601,417925.80832,384582.78385308594,352940.1484481321,356784.141722123,406704.2,371221.7948047728,362081.34,368247.1944604792,353840.2514298005,378015.9375,339394.21875,371066.41527549835,378015.9375,365362.86016451946,365580.14754941326,366235.0425673391,378015.9375,356986.5532773245,361061.32684955606,357844.42566570325,362013.5682666935,362760.37728979625,362039.7341165212,364929.1181884695,364137.3751428271,366235.0425673391,378015.9375,358131.56132063793,359653.9955143653,359683.55512998893,362519.35029918904,362025.95647528826,362556.78363876767,361425.1436587167,360637.40126179287,361903.79368028475,378015.9375,356490.59065520245,356024.02687072766,357371.05218862405,361757.37898596015,360340.783898025,361566.36063944193,367222.8725575264,367292.63233013643,366591.42558170087,378015.9375,361599.23606824566,361707.61401759036,362039.7341165212,363427.9103043884,362490.9937527832,364395.91310305335,369268.7778318205,369338.05217845435,368903.9285230658,378015.9375,363354.5425468624,363894.509565506,363878.8635808068,364002.1049016671,363320.66043491696,364395.91310305335,367697.3020673901,368376.33137179835,367976.1315424263,378015.9375,362585.40399479493,362833.9538268756,363405.4901037276,363831.82955393393,363244.3991660576,363405.4901037276,367897.21090520214,368538.06680824806,367976.1315424263,378015.9375,362976.64340526576,363040.51342087664,362415.06710440194,363819.8780514597,363331.4400711072,363405.4901037276,366279.7078680727,366886.6117678721,366985.7085431006,378015.9375,361847.8917243177,361975.1650743182,362415.06710440194,363689.18861297343,363157.9659292672,363405.4901037276,366829.40704255237,367386.2827294119,367976.1315424263,378015.9375,362388.2265541871,362494.28551987634,362415.06710440194,363655.74955037626,363198.3507569121,363405.4901037276
2025-01-01,340332.286,360187.97,358507.79906153434,351331.33930261445,355135.4725915066,291867.59788,340446.9452428315,330119.5686245066,329308.43874672154,348597.4,303028.0941853189,292381.25,343194.3363566799,328748.38932806865,315799.40625,333143.78125,332119.85292131884,315799.40625,329372.449124059,332348.3968130305,329533.1611901361,315799.40625,324868.20446841297,330351.9953480213,324690.40231236,331581.7318521802,336810.3009144595,331905.544154531,329785.00438593,332697.18278464733,330602.43296988646,315799.40625,325406.87398819765,330818.6633400954,326042.22280936135,331401.7079951343,338063.98234584247,330237.122066696,329868.5112141321,332691.64201402303,329177.86920162383,315799.40625,325253.62804029963,329086.32430569304,324651.77708008455,331228.39072188013,337177.6811097105,331063.04468574363,329240.0333812946,331329.88887753844,329708.27427286713,315799.40625,326334.9704645701,330541.9125991587,326042.22280936135,330902.9937109361,337421.43994945986,330237.122066696,328288.1986971272,328443.2807244841,329077.0566675686,315799.40625,327182.43925789645,330168.3598336836,327759.3542095531,331179.6838209253,337111.2719045556,330237.122066696,330231.91667004564,329012.3010377561,330823.7337480535,315799.40625,329247.33864185505,330814.63374794566,327598.7672347899,331484.0049571401,337671.2822812871,330237.122066696,330461.26760751515,329382.2345546285,329837.2241542426,315799.40625,329560.9912132046,330986.3120297123,329632.5002258154,331592.3253673551,337663.1116999165,330237.122066696,331316.8980903223,330173.2879725984,330663.14677329024,315799.40625,329950.744534324,331608.4725591721,329471.91325105214,331589.3173178488,337739.70711538603,330237.122066696,330807.1849076495,329492.73302898294,330663.14677329024,315799.40625,329727.3126311005,331166.3241543672,329471.91325105214,331626.8633914557,337685.1833218317,330237.122066696
2025-01-02,381177.722,374911.6,367209.1620322869,366957.92688865407,393468.73829517764,398134.63555999997,376167.38731423987,355755.861371354,359611.53876497224,383501.72,346621.04493179405,369066.9,356349.17273752403,354865.53233043203,375655.53125,344616.625,368192.89168176235,375655.53125,365690.1538863265,375169.04370769026,366419.76171406114,375655.53125,355690.88165440806,367931.532450713,355521.6864207088,358072.57480034407,372027.6222347907,358621.516827845,363494.021474351,367431.8268436043,362708.81015033385,375655.53125,357416.73965470126,362336.6882605972,357183.333260881,357875.27716692945,365988.1758132755,360099.55998260697,362953.20620634744,364898.801780151,362907.805164374,375655.53125,356534.7512544329,361395.80567274906,356821.54167672317,358919.3064403949,366241.70444158564,358805.1205132555,366731.2376799622,367929.7917645509,366687.7653301329,375655.53125,361130.6752882743,365596.86161521054,361156.8726540172,360562.4660021995,367471.68606810336,361350.0159951256,366961.56643064413,367568.41481040814,367703.72621281754,375655.53125,363959.5228775042,367228.34290538036,364489.70599005977,361509.89330668934,367792.9856908055,361895.41126469383,369599.62629138626,369900.8795955683,369603.4351658282,375655.53125,366592.6270807665,369734.2922017382,366101.9535867362,361947.22453899874,368763.5752366964,361895.41126469383,371958.5274316459,371940.73671450804,370853.8911783468,375655.53125,369668.1514027174,371746.9542085968,369678.700708549,362593.21797148127,369704.13565194095,361895.41126469383,371958.1340236989,371905.7530161132,371702.1391328791,375655.53125,369495.18597071595,371677.2143538798,369678.700708549,362734.3939303475,369730.30073224846,361895.41126469383,371502.1822018765,371197.0791711742,370853.8911783468,375655.53125,369029.6834531695,371100.8890019665,367352.40959925484,362600.0373026342,369725.54918505275,361895.41126469383
2025-01-03,356404.649,413444.34,412798.3285949177,403633.3428844135,416081.3818020262,400226.86100000003,400952.6042912978,376811.1820049926,384098.523701255,396133.25,356771.0025193262,386159.03,361501.4242853445,376290.640384553,380731.21875,371870.09375,389166.8819312084,380731.21875,386512.65559026645,398971.0181927675,386564.63273527764,380731.21875,383185.4409155594,401092.99438218004,384055.6639219472,383859.440615813,400145.90929447144,383507.7022710325,385719.72627257317,391306.72311234224,385303.2499708955,380731.21875,382392.716956142,392085.85997068,381543.36212383903,384433.6648861001,394971.5788570995,384116.3290207947,385602.6740107204,388614.9339552475,386830.25520160585,380731.21875,382751.8295497508,389963.46847708244,381699.6979908442,384795.9642382832,394113.30359849316,384116.3290207947,384755.6798437357,387370.22383298876,384895.50372820447,380731.21875,384100.96735607414,389670.8641686423,383800.9854340765,385145.0741705983,393466.7071191481,384272.6648877999,385765.1871251227,387570.17697696795,386147.1666375621,380731.21875,386509.4048598873,391230.53143948613,385429.25328847684,385724.11990322056,393549.92521188874,384272.6648877999,388193.8707866977,388483.8964009127,387830.50773527764,380731.21875,388612.2417692723,391964.1847171241,387534.55271952576,386325.4354757888,393918.08441636176,384694.62322113325,388943.9292047386,388982.39305745024,388408.8019356162,380731.21875,389268.77101018024,392280.55288341094,389404.56223367015,386597.5468208797,393966.24191770033,386564.63273527764,389494.07612309384,389490.5862825458,390092.1430333317,380731.21875,389583.0657756239,392662.4312371385,389404.56223367015,386743.0540830083,394020.57861095294,386564.63273527764,389188.25316834403,388795.80851612444,388408.8019356162,380731.21875,389284.9923715488,391981.9430300747,389404.56223367015,386710.97983131954,393974.1879363317,386564.63273527764
2025-01-04,348636.461,405320.53,392389.3673209823,371332.1708362923,388907.1427860782,370769.77336000005,389918.1572051611,365130.408954366,367040.41123367794,377984.78,342501.1701268633,339689.1,351187.49152478995,368089.8900015119,351346.25,324690.53125,367086.47805664816,351346.25,352692.3861786801,370154.27442778787,351923.37412935565,351346.25,354955.5150907278,374319.1580777208,355500.60201374406,353278.07505417074,373858.7339174605,353711.98807154986,352851.5339073632,360632.20625989314,351569.90034358547,351346.25,354279.80991088704,365903.93745205743,354981.3080120261,353028.1829203905,366561.1362011159,351923.37412935565,352247.2551758384,357793.6615000599,353358.5142857797,351346.25,353469.26440378244,363224.68239386834,352579.76265099214,352585.39955502003,364952.17334077216,351923.37412935565,351337.7459219948,355010.43979646155,351404.08012763766,351346.25,353315.1544561221,360964.6247432071,353849.0825914683,352646.9425615598,363635.9167583615,351923.37412935565,354076.67488974094,356303.1948495008,354108.5402245379,351346.25,354450.18753333203,360807.8959599225,353192.69406983186,353076.1511571274,363704.0790306899,351923.37412935565,355972.6738063998,356571.9147450693,356062.97438267985,351346.25,355522.837376057,360106.5094928255,356250.6279525022,353204.13420375786,363541.17109019216,351923.37412935565,356852.3721298732,356983.1669641681,355897.15416673204,351346.25,356353.9905127131,360403.39197123697,356250.6279525022,353437.67770245025,363487.97927637736,351923.37412935565,357698.56469504983,357606.9644985845,359120.9082653502,351346.25,356705.88910699147,360819.11678774975,356250.6279525022,353476.6137904215,363533.47326622886,354981.3080120261,357433.3854037153,356899.5993001442,358955.0880494024,351346.25,356497.2864177635,360271.0130297595,356250.6279525022,353619.67935820046,363468.38483932737,354981.3080120261
2025-01-05,365097.539,384501.72,367635.2338180865,363502.09942281625,364163.0957144614,372090.6190800001,362466.42536811746,347487.93766175647,352468.0813739519,364570.53,333536.3838068589,336452.75,346176.8616378237,346281.43929034646,340124.53125,360070.46875,356101.87847828126,340124.53125,351797.87903694913,359881.64926704107,351858.34106985223,340124.53125,351241.4246239924,357908.5584673119,350620.86917967827,351960.40150948137,358952.4562422014,352014.09247210436,351283.0713796215,352919.2739388549,350238.1403774679,340124.53125,350797.06261101644,352895.43578101025,351414.92432504514,351693.7835221938,354152.9904190134,351064.2859244853,352443.43430544704,354677.64107579517,351744.85236987314,340124.53125,351523.027448272,353800.1551360508,351414.92432504514,352020.14592737146,354950.3100714496,351064.2859244853,353620.20512870606,355431.75759070064,352571.60238920274,340124.53125,351587.26916089695,353207.9446793182,351414.92432504514,352067.1470657989,355080.60479555035,352208.9794704121,351197.40035014285,352408.7604214657,350419.1032319978,340124.53125,350881.9329040121,353063.49641882133,350908.5345222332,351795.1050825764,354920.8673463602,351858.34106985223,351302.3014219479,351617.52751523966,350927.7115371218,340124.53125,351047.2597529172,351967.94005567156,350309.36637517397,351891.5107676741,354692.61907645874,351858.34106985223,351654.7734288578,351388.7179242209,351907.065173352,340124.53125,351501.5577323344,352144.8401575419,351103.42152054084,351906.3340715746,354375.917556314,351858.34106985223,351637.60316872224,351553.68076060625,351907.065173352,340124.53125,351658.02936841216,352379.0991178558,351103.42152054084,351959.509671342,354402.57415775326,351858.34106985223,351981.9579545238,351676.01143627637,351907.065173352,340124.53125,351861.9847069246,352466.9971290794,351103.42152054084,351942.58176544175,354397.9042856508,351858.34106985223
2025-01-06,361923.244,398386.25,393505.7166952875,380706.36113173416,382553.14745911723,402256.4555999999,366667.8387861706,363025.1334554992,356983.59184888774,384185.03,345865.80801185174,385800.5,348536.8088060034,348906.02814176196,358140.3125,400028.25,374369.8155790876,358140.3125,378057.817413249,383079.35461220564,378571.941834501,358140.3125,377973.4184739507,375756.1120953489,377353.0960114396,378442.07202230446,381145.4400926121,377353.0960114396,375755.6515475169,375434.3705312625,374317.82636266714,358140.3125,376978.32638488605,376214.4107943546,377120.4854897491,377653.1591372747,377068.4134249405,377120.4854897491,378007.023343159,379204.1851160737,377530.0879393447,358140.3125,378295.56073960324,377921.9766365494,377120.4854897491,378334.8547561815,378640.9950093007,377120.4854897491,379691.69882931036,380825.6075018745,378223.8530770963,358140.3125,378096.5641292662,378535.62470710056,377353.0960114396,378322.8045049496,379194.5153035152,378283.00144018326,375951.35092076345,376282.39624633844,374523.4660904616,358140.3125,375910.0162435204,376563.67966357624,375125.8217992729,377710.7436308868,378706.042255616,377120.4854897491,375291.9572837783,375335.2748349912,374969.3125365679,358140.3125,376669.6938830873,376754.61856490816,375768.03477055894,377885.99133228156,378686.865526657,378050.39091849286,375265.6642548958,375105.26211943687,374680.37214225024,358140.3125,376427.45971890725,376513.05165363173,374293.6740592309,377795.5297231055,378376.43247882754,376288.3377497071,375560.0995549422,375489.45254609943,375610.27757099393,358140.3125,377130.0890801824,377273.32675820426,377218.24317845085,377961.0401796008,378467.3852775532,376288.3377497071,376011.8470259958,375847.8808209995,375610.27757099393,358140.3125,377251.51488121634,377467.58620853093,377218.24317845085,377955.0841340568,378464.35627430695,376288.3377497071
2025-01-07,361606.159,383752.1,379869.7631598797,378483.08806679945,394923.83921046695,387424.80276,366950.8018375788,364775.05457287707,365195.5339135239,383399.84,361114.2219954141,386892.72,346959.02422984503,357849.6735382484,358502.21875,357273.5,371557.7452189755,358502.21875,364185.180030084,374408.8397028741,363778.0614554081,358502.21875,364438.5994179528,373366.6055295714,364016.3226238111,364671.8729532119,372855.4299595821,365451.9790351249,363174.75786671264,366665.22533422307,362440.96111225116,358502.21875,364124.22823949903,368738.4001426237,364074.8330404777,365013.142881064,370154.24221885984,365510.4894517915,364186.2648677606,367325.93226146116,364573.4554621335,358502.21875,364729.7885692567,369232.2527060875,364074.8330404777,365205.7326060834,370266.2615584823,365510.4894517915,363817.93778827845,365956.6838111762,364282.04706568737,358502.21875,365021.47706834425,368191.5606134288,364036.34544955613,365096.97533163754,369766.3894522885,365510.4894517915,363786.6198735843,364945.39581177424,363279.8936543461,358502.21875,364964.05626452476,367079.6809539683,364133.3434571444,365049.09676356026,369502.4026596021,365510.4894517915,364268.51628509373,364400.7142564637,365389.2491167219,358502.21875,365683.76151077286,367043.5591036434,365270.2934007021,365120.9859414062,369260.11255098996,365568.9998684582,366879.2764403316,365686.2306442164,366106.1098810356,358502.21875,366532.8201411,367016.24205385195,367004.656279772,365493.56400226866,369470.4722388791,365510.4894517915,367383.51466485485,366708.9736762483,367123.6119957918,358502.21875,367008.86751957657,368098.37863145047,367004.656279772,365531.2521945733,369651.48546576407,365510.4894517915,368023.9756973345,367210.604036634,367840.47276010545,358502.21875,367115.12646428065,368007.56694081787,367004.656279772,365642.08827955707,369666.97544336703,365510.4894517915
2025-01-08,357605.639,384258.2,383918.14096960676,377802.30233555596,388590.8153866601,385815.23491999996,387705.8008549302,367194.3968546536,368762.8307606182,376463.38,366115.7249908362,355883.62,350895.04212565697,360607.3201284909,378202.71875,352700.1875,372327.71353846724,378202.71875,369425.77082521626,376275.8999027546,370137.4771961565,378202.71875,366524.2348573734,373013.01347644953,367042.07482066384,367241.24729993835,374757.117510023,368594.3943186635,369236.22818483505,371805.0175942543,369342.66210977023,378202.71875,368241.62054405326,371462.428269,367967.6092273746,367959.77306561597,373305.66380554193,368594.3943186635,370879.6300081693,373254.2603571669,370286.8518538674,378202.71875,368737.9830476926,371832.06045264204,368986.4863003273,368551.32970625267,373679.7200226074,368743.7689763744,369416.96272219147,371046.5152104434,369342.66210977023,378202.71875,368771.86796229467,371022.3489822134,368893.14363408537,368728.2770158842,372931.1918068403,368743.7689763744,371197.10268979945,372657.100535279,371188.89804883464,378202.71875,369922.89894769486,372076.48671349953,368818.4563052299,369120.1418533776,373259.8363857046,368743.7689763744,372802.35658021725,373276.427083854,373305.3504938019,378202.71875,371292.8180569317,372818.57755971473,371501.2581038674,369410.19253234915,373412.2790065472,369193.28745205933,374464.49823747744,374187.00115908985,373857.3297319477,378202.71875,372459.81825738656,372917.5182333376,372370.7605191092,369777.54731638124,373507.2921136342,369193.28745205933,374905.8561564062,374800.9277973998,374876.2068049004,378202.71875,372386.4466232821,373113.52762956615,371795.1893877204,369798.9477109885,373507.5992199067,369193.28745205933,374639.0118061411,374546.5008387086,375098.7151104743,378202.71875,372377.4031569742,373048.80527021684,371795.1893877204,369854.6464067146,373497.9766807342,369193.28745205933
2025-01-09,352123.565,354245.6,350496.4657565257,358047.13337088673,365429.269941277,364350.10815999995,360492.7126436486,357407.2864284753,358470.6357818684,365585.78,344157.24933851196,332988.06,336066.2810990551,353455.61764053116,338220.96875,353104.71875,352834.52567738533,338220.96875,349516.5808239642,355055.16006454895,349605.1372705134,338220.96875,346512.8455177394,353194.7051115611,346481.911357578,349401.7007819035,353117.6232576106,349948.5975265957,349084.56217016006,354554.4777617845,348947.0229540083,338220.96875,347563.0829411734,353058.27296720777,346840.035390093,348977.2526906162,354585.2064854572,349051.6728224079,348164.03726513643,351382.8748427167,347702.0252474424,338220.96875,347174.3887718703,350274.9494499083,346890.67107358784,348630.42563849746,353727.42505848006,349290.48321009066,349453.1848705201,351684.85562367574,348666.2951061028,338220.96875,348639.0091612152,350584.9448308866,347957.5451061028,349252.1863374571,353653.6835379305,349529.2935977734,348946.1729381392,351280.64875720936,348711.94879697834,338220.96875,348327.6027124552,350376.50704355096,347952.5631134835,349068.7073443893,353617.4541929717,349290.48321009066,348339.37695459573,349789.5100016423,347770.4014726846,338220.96875,347719.95428618917,349089.51720182016,348150.1238548438,349030.06579189,353305.0330044103,348565.023739113,348014.7925816157,348263.00056748354,347149.80057184916,338220.96875,348153.1204410011,348113.66740688717,348334.5623283788,349045.5685998956,353067.53801134694,348565.023739113,348285.69317169563,348060.14968549256,348827.4331768052,338220.96875,348010.59144064575,347245.20399034215,347860.8864854087,348991.84904127795,352972.1332072547,348565.023739113,348767.44063551817,348663.99994325114,348827.4331768052,338220.96875,348411.024347859,347778.19293330656,348143.56651343306,348964.22211829165,353001.60226248985,348565.023739113
2025-01-10,375900.34,394871.38,380573.39193264325,381423.0407934422,381723.18905488175,381232.8623200001,392556.1334809722,375484.5517550545,379278.2464021754,390325.0,378325.2243502296,376732.4,357633.511991008,379363.7987282897,359460.09375,343763.84375,376849.7779705798,359460.09375,357886.9324355739,374532.4729474792,358220.4018192482,359460.09375,358766.3886064343,368034.8611866209,358147.17319022876,358790.65763475315,371267.2760226566,358347.52818919497,358557.39897315454,367170.59515136655,358074.79906419816,359460.09375,359104.09713229886,365300.23701177834,358709.88762007473,358985.48919690936,368811.89497545466,359094.96866538544,358771.82711255195,363047.2679395587,359179.46987220424,359460.09375,358709.14285939885,362439.53415197175,359694.0586671846,358894.60173018835,365134.3551660277,358906.16869874974,358913.6852501446,362191.94933479873,358432.02939601376,359460.09375,359310.6733275529,361990.0832732133,358946.61819099414,359011.4956312727,364756.3442757503,359086.82082480314,359793.9488535249,362726.27686770196,359631.09808323643,359460.09375,360054.0941283863,362600.7476628628,359629.8323817363,359125.2348539707,364795.07550645067,358906.16869874974,359781.8967303068,362220.2672389379,360620.86428216926,359460.09375,359989.6597261188,362201.06380181666,360397.3828424016,359029.42139625474,364611.9189190299,358143.0992699376,360510.739119663,361005.57697923854,359924.35765963537,359460.09375,360180.1238508086,360722.94274472096,360081.46059276845,359056.2174899024,364367.92684710654,358902.0947784586,360885.16805889935,360993.45481168857,360221.4356262938,359460.09375,360224.3146857902,360559.5514340722,359746.25822234136,359129.2663379258,364295.91740753327,359199.17274511704,361444.10704086046,361519.4825866242,361731.94553129637,359460.09375,360671.3733183562,360840.30076472944,360761.0236153383,359220.34222814435,364309.2805823262,359199.17274511704
2025-01-11,342108.057,386865.1,384368.7105677478,369282.1273889906,388679.0460475607,332623.18888000003,367948.4213598544,361984.82858902734,373014.46791855583,365009.38,355519.904939673,322168.47,343166.81755082886,368360.76028530835,337642.15625,343341.5,359998.3244851698,337642.15625,350895.55063334,368104.880924822,350764.332513813,337642.15625,350165.043242396,363682.7906152676,350020.6510262323,351295.7979920671,365924.5075391247,351955.7258607325,349287.3339044092,365326.45864026854,348455.13140754687,337642.15625,348674.41286031477,362226.94955194736,348286.4630364557,350348.9801225173,365138.28387698444,348950.3846586448,348888.65787684574,355971.83167649084,349455.7810524185,337642.15625,348696.4449760018,355147.61047601805,349254.89420769486,349968.15631682466,360639.0059432946,349697.21070449124,350073.4423800408,355410.21136641887,349727.17837384704,337642.15625,349575.90495222644,354508.5515153521,349698.1044584803,350274.66765586106,360314.4287597164,349697.21070449124,349211.627547299,353549.7319016974,349485.93806152797,337642.15625,349254.47554227454,353191.20927948115,348931.64322570746,350347.2016558687,359672.10752890655,349171.98978403746,348236.78447002533,351641.6090229897,348973.30042778025,337642.15625,346731.6719993166,350911.5859762471,347160.99905024737,350287.1125634357,359099.73490852496,350443.1429963486,349906.1000277796,351083.4686384804,350470.99424423743,337642.15625,348112.161018377,349835.8911190049,347722.67615638464,350268.6276037005,358866.94248464523,350664.74812174134,351848.813743942,352068.891591481,351216.92653609475,337642.15625,349585.57359713886,350377.1107453447,348622.7066248526,350403.64158341615,358938.68047227897,350664.74812174134,352244.77991772443,352358.4705339492,352629.925008407,337642.15625,349714.65924617747,350448.52824254765,349305.2301062438,350373.30200697226,358968.2306821421,350664.74812174134
2025-01-12,366831.867,379363.97,376810.60002427973,369306.4346691041,380106.0780177321,350384.59083999996,390407.077196273,363782.8695402942,369898.00469268183,377399.7,373645.3201926104,350750.62,359537.7302297268,370533.4220816027,358001.0,357096.375,368468.2522489537,358001.0,361978.74726712645,370273.8203391002,361335.1732861665,358001.0,363739.47787044017,369853.99827578105,362483.55656089983,362488.85087340174,368888.96068905015,361875.98533161957,361738.1006297211,370485.0095078818,361227.4672256166,358001.0,362764.49037131027,370389.7243735532,362110.3655758633,362751.3588733292,369524.97063742427,362421.03123338835,361593.82560055715,365246.90516622836,361504.2759577862,358001.0,362050.0040489425,365942.80837072525,361903.10576292546,362748.4882151045,366917.54297689046,361659.6053826576,362073.57448764896,365946.58640142233,361504.2759577862,358001.0,362466.21946697996,366450.3075440332,361860.0283819731,362785.021682678,367013.546687971,362115.4461415209,363222.81697003666,366118.88441086654,362146.6241649863,358001.0,363422.4351587492,366626.01243306504,362836.6508821441,362784.5703406592,367017.7789786323,362115.4461415209,363708.54141983483,366029.41216995695,363598.11467339564,358001.0,364197.23885983403,367488.3647849498,363425.192944565,362773.0210001088,367026.3416051206,362145.70411242195,363601.7348747302,364467.0668818203,362561.95013315766,358001.0,363767.94476840826,365106.01473095,363090.49987189437,362674.5379444258,366673.01189054304,362085.18817061995,363650.6161520424,363422.68026473693,363167.1265064525,358001.0,363672.503167904,363838.1943890831,363285.40168964025,362490.83080531977,366403.7204238504,362115.4461415209,363764.4554670423,363714.61397795554,363458.3234184709,358001.0,363814.7643828237,364189.9621463136,363576.5986016587,362553.89084945654,366426.5589425606,362115.4461415209
2025-01-13,430026.498,434250.72,437192.51221412176,423053.3229324781,432471.70075170684,428068.2476400001,458398.1977536183,404819.20523958723,424582.32710554486,439259.94,432462.6327697901,405879.2,414067.16736143443,417080.1393035676,456010.5625,410159.1875,427850.33645479,456010.5625,417160.00687216513,432506.1232053093,418005.719555557,456010.5625,415811.76271666784,420822.2945305433,414876.1488458771,415627.6094559493,424565.4838312829,416349.9340426605,430334.6947575115,432195.7584712232,431755.7774421979,456010.5625,430339.5657903296,431022.90241158963,429253.7314114227,427059.02174313867,430404.16041166696,425563.62458348623,434750.27228476794,434566.0402322869,435116.1247413496,456010.5625,433420.5767857743,433648.5583912153,432989.5727746338,429007.39288984163,431244.04973673355,428585.1622656002,434473.7445279483,434573.2544545454,433995.2265628594,456010.5625,434061.0011128857,434207.40798156575,433357.55456101627,429044.4826078944,431610.23968883656,428942.4093037896,433634.6942489862,434054.2672710407,433715.6013620988,456010.5625,434074.25005040667,434233.1086407938,434026.7330744504,428133.9465140408,430434.0159807112,428001.30826255353,438426.29829682433,438213.04909806215,436274.6846309637,456010.5625,437493.0311616167,438183.08998374373,435637.0126291205,428837.06917198177,431319.0725725169,427747.02339301,439717.31863170397,439524.436760464,439999.66948689386,456010.5625,438970.2731334816,439054.82958366507,438082.3989811464,429436.7829766213,431818.82035065937,427747.02339301,438355.37497060315,438503.45347378874,437276.1944266922,456010.5625,436913.4810469672,436847.04313493235,434502.5380224845,428666.88476443186,431075.1847509024,427163.1693899633,438580.5586540553,438694.53599425755,437276.1944266922,456010.5625,438088.9938235813,438240.1996009824,438370.27231030515,429077.16486198583,431220.9576100629,428104.2704311994
2025-01-14,411590.473,447250.06,451888.89317884814,440801.85829744826,452425.5703389114,447186.23040000006,458441.8334359214,421655.8902783613,435832.5177437345,445604.75,416526.47325515794,414814.1,404855.87459196674,425956.1891406636,430556.65625,427752.3125,434769.9470440676,430556.65625,426691.18632846,440182.5012875923,426715.09769496013,421655.8902783613,424459.7654624351,433832.70323215827,424681.77967496554,425188.351967275,433964.39341891446,425093.1091934273,430645.5038409716,441994.29406791617,430214.0208644557,430556.65625,429337.0455934395,441182.2115148964,429072.8205932518,429234.0856200391,439475.66968548624,428734.5042783802,431994.4358299184,435322.1326806943,431668.1778601833,430556.65625,430558.8490688027,435045.26282605046,430117.4253163792,429623.83813655237,436464.5088523327,428734.5042783802,432997.07706350804,436724.85840722115,432458.32322185836,430556.65625,432139.9837850863,436297.56307837163,431664.3607590105,430080.92322193994,437469.60538631596,429423.87550278055,433900.7377759028,437281.9761908039,432726.33962551615,430556.65625,432258.19735023554,436374.59934071184,431932.3771626683,429989.2255158571,436608.08877834724,429204.80564043124,434058.8403294318,436429.63995374483,433646.2080645899,430556.65625,432180.49210002384,435061.1922115287,431390.8398428886,430012.83294044057,436472.09795409057,429133.5696827026,435149.72044518683,435784.99660964764,435509.72086802445,430556.65625,434361.6750440873,435907.2100367863,433413.44888013566,430501.7298215765,436859.7275372844,429133.5696827026,435221.39371042553,434733.97036860633,434646.437610136,430556.65625,433536.95183548937,433428.33861704747,433779.74824316136,430368.343653154,436210.7941333832,429923.71504437766,435056.9836263239,434855.35441173444,434646.437610136,430556.65625,433698.1257926966,434176.45403126674,433249.00157077017,430362.3150416916,436214.96168212505,429923.71504437766
2025-01-15,413876.108,407230.25,413382.7773052586,416862.96462065954,426850.69614150433,416485.8532,422477.363793561,406514.9806422172,405403.80748826603,415465.78,393436.4927658272,393654.72,380810.40916993696,400225.660248482,398848.5,391800.8125,405963.40452504746,398848.5,400338.71580467443,407792.5020728676,400787.3332446202,406514.9806422172,398349.7346970802,405585.1757076843,398555.4209911578,398790.9652475227,404629.85467357823,398555.4209911578,399676.7778530048,408719.1628226891,400326.937236102,398848.5,397774.343316828,407910.0384264254,398118.2574683399,398323.2682342777,407373.8703791985,398825.1659961841,399336.356282788,403292.6671810746,399081.3387425985,398848.5,399132.45997045364,402661.4672749294,398425.12883731176,398725.97829993675,404834.1142637831,399071.7444361738,400557.08694189636,404749.33313243045,400102.6191546574,398848.5,400161.46979997994,404048.196903862,399923.8315734324,398997.8042867945,405557.54931487725,399006.1653767223,400234.3631111705,403325.9246152692,399870.9185661014,398848.5,399882.2332300164,402812.24412330653,399715.57765210175,399090.4477242378,405019.4333675235,399006.1653767223,401452.4088613584,404286.6584322188,401669.2333261557,398848.5,401027.19824254874,403849.296133104,401282.19182360003,399411.9868935671,405322.36923591595,399006.1653767223,402094.645914924,403568.0177430348,401728.6721361141,398848.5,401314.71071511804,403663.5697212514,401452.4131744937,399655.3961809842,405244.6366092223,399006.1653767223,403299.2173132197,403437.42775067297,403561.40976254724,398848.5,402229.44704513706,402676.1325212712,402049.184269822,400054.2394353965,405254.7523590165,400974.6989022099,403316.9743500054,403419.49509168626,403561.40976254724,398848.5,402095.944697803,402381.74516874563,401634.65305418166,400078.8909592136,405223.6835167282,400974.6989022099
2025-01-16,400574.967,428112.3,431396.6416336912,417232.71834179264,428806.1537684841,425055.94195999997,422608.31273255555,409023.98345974635,415400.1900123417,414052.2,400196.030208013,416185.6,382683.5355453765,410058.34369989374,406608.4375,409654.90625,414471.68592412636,406608.4375,408359.18962026085,410919.63650871365,408369.0211851294,409023.98345974635,408713.91235086444,409266.1929283134,409283.8271122933,407213.25798102963,408928.55820054514,407084.6701991949,409538.30848535337,418660.7208810037,409335.390373696,406608.4375,408822.2234816706,415705.689225283,408412.59357089386,408556.67163143685,415312.25744395505,408527.61956897704,410030.9929453813,416036.5839377352,410198.09929171205,406608.4375,408500.74530550884,413317.57600487996,408431.8048780317,408550.74221559276,414028.932536048,408382.5496285009,410061.3204890045,413461.58795424027,409748.32295060286,406608.4375,408372.25396229257,411705.62935978104,408267.5236304177,408409.4498642575,412589.9729406362,408382.5496285009,410505.1464845324,413015.1962653926,410470.6067155998,406608.4375,408908.43276578165,410832.1127318443,408891.2968963531,408526.01797216304,412289.55149349145,408382.5496285009,410210.60610634636,412742.09901870805,409757.8940638107,406608.4375,409048.3713596606,410912.6902977588,408930.91195195395,408516.4762415652,412357.95854282944,408382.5496285009,411113.4957400613,413087.20310123585,411033.57499960053,406608.4375,409561.6479934943,411711.1580484074,409449.54521760985,408445.29454656923,412422.69794534834,408382.5496285009,411624.1344291043,412174.95713802904,411915.3321956494,406608.4375,409767.3345010828,410546.18701684626,409956.9052880348,408518.84135754016,412172.6350689192,408333.29437897005,412202.7372888559,412580.06417829066,411640.02340985247,406608.4375,410290.11516418523,411025.90505626996,410478.5346717017,408415.93305657676,412147.573776557,408333.29437897005
2025-01-17,406929.254,422906.4,411950.85380453215,415054.82005423005,411710.41229847516,430356.80436000007,427451.8048225994,411687.87496575183,417257.2638867174,415692.62,398607.95696531044,399921.6,385802.32699343323,412582.7381303306,387793.5,382967.90625,408782.9925020921,387793.5,398770.43410126184,398987.9599837104,399390.44045825093,411687.87496575183,400260.77638621995,400256.1923684741,400427.5490892033,399290.03098270297,399482.661349084,399620.2306368224,393610.65417002304,402420.0500535328,393317.43182911817,387793.5,396209.09044240206,401574.7331874729,395187.94224252313,395461.80551750015,400228.437583922,395518.45116946363,393143.2303939659,399057.1788339305,393014.0794385694,387793.5,394954.34278015955,399033.8988970059,394610.41396871366,395324.36357956054,399398.5609435621,395748.2413480351,392742.50205298146,396528.12589071493,393509.07861337723,387793.5,394519.90409718594,396876.70930546295,394610.41396871366,395075.7463819352,398131.6266731528,394380.6237901422,393188.76867220167,396316.125301918,393544.4974310423,387793.5,394657.5044752328,396597.96897155803,394610.41396871366,394976.9759979662,397964.8331203959,394380.6237901422,394180.9891965199,396788.05797657213,393764.74276508595,387793.5,395488.4478941211,397298.3846220932,395361.0772952302,395110.283543032,398079.82192051306,395748.2413480351,392955.8690657149,395551.01485571906,392856.70556433586,387793.5,394301.9124139716,396354.1826908128,393988.6339369175,394888.87723792193,397977.87914947217,394380.6237901422,393259.4600448889,393875.0289972781,393475.80620835256,387793.5,394586.97460880794,394793.82214374316,394841.2773536052,394953.10696347407,397706.7838124584,394380.6237901422,392659.42214177176,392943.60602000117,393476.87941467273,387793.5,393954.24324826815,394145.5998335701,393474.73300203244,394971.43052454066,397596.78622097074,394380.6237901422
2025-01-18,366363.101,394965.56,391564.88335429283,381803.66517575533,395333.88893638283,380896.84128,364018.1929249995,386161.99778138945,394422.96938388946,395207.4,373019.81901820196,374473.7,355277.06850139645,390297.4766392536,354871.65625,370679.6875,380199.6535330374,354871.65625,372777.95291907084,373176.3517953895,372802.1778007281,386161.99778138945,372072.7777999386,372676.600085817,372160.84924207104,372052.7043860668,372183.9252852494,372068.71975317557,370971.2356780445,377118.71327398863,370270.61769492045,354871.65625,370910.2540755768,375115.1858762966,370736.26998814836,371124.50671171857,374894.0351888687,371308.3667143388,369248.3200861,376337.6657049707,368765.0909092062,354871.65625,369120.3033862081,374203.46224754606,369065.58705808216,370338.82637722936,374709.68641953147,370555.60332148167,368402.85844387737,372901.479372818,367668.45424592576,354871.65625,368408.2664835111,370909.0615230412,368312.82366522506,369955.2121872083,373115.61210161704,369065.58705808216,368556.4123725941,371953.136439653,370347.9906238487,354871.65625,368741.4111534456,370331.38436850655,369502.34377974854,370049.6744871856,372917.2192890163,370555.60332148167,367669.9276685211,369459.27416427643,368463.38740413997,354871.65625,368060.023074181,369262.38081436337,369502.34377974854,370096.6297067026,372616.7518648087,370555.60332148167,366441.5790518127,368208.34094246925,367521.56269660697,354871.65625,367377.58444641496,368639.1950531897,367822.05884548294,369915.0237048012,372400.68698763027,369065.58705808216,367427.3734799755,368205.0299411452,369143.1212250581,354871.65625,368036.3389522505,368677.9095266436,369186.3371085577,369982.0410640468,372383.98794342665,369065.58705808216,369124.9634555908,369721.8079195667,368585.34481080575,354871.65625,369009.9065439859,369771.0160040968,368885.8409596818,369971.630018574,372498.9751531207,369065.58705808216
2025-01-19,377160.57,387312.47,380007.6368882353,375939.26655918855,382841.1502974201,367475.2141199999,373167.1797083826,374280.0615274798,367894.3547210133,396115.97,374954.54790753406,349507.34,353006.4772863547,371743.49817620206,353785.59375,373526.40625,372103.81122945406,353785.59375,368160.68355517666,368353.8293396573,368243.84513517295,374280.0615274798,366084.48354126373,366382.76748990157,366363.7677542206,367212.471925891,367270.6046715811,367339.6947912434,369292.8884165939,373422.7755672302,368580.95177332277,353785.59375,367234.2798375675,369632.4805290783,367269.13053558656,367914.39075049275,370124.09300542553,368245.0575726094,366450.0595726735,372784.1482842623,365689.0590088009,353785.59375,365535.1164829463,369797.42144272744,365317.27646154084,366652.03445922025,370311.8917549646,367269.13053558656,365384.140801078,367727.3990336084,365080.89645580406,353785.59375,365145.5013281164,367100.27088814584,364377.2377710646,366381.25056794216,368757.81237908616,366329.0918451104,366125.266369557,368402.77170397097,365080.89645580406,353785.59375,365582.2911091429,367487.1755725613,366204.3207796791,366482.6116376718,368803.751856438,366293.2034985637,366809.90361350676,368814.2811532683,366576.1033269391,353785.59375,366115.2914828319,367439.1770224196,366204.3207796791,366566.63651720254,368717.6828507096,366293.2034985637,366192.308933784,368521.8415159473,366075.85392931977,353785.59375,365567.91559587856,367541.1869426895,365671.95298300957,366408.08189741336,368655.53149902524,366293.2034985637,365685.21673557826,366590.1269817826,365376.4385236389,353785.59375,365182.1181029709,366014.04703781084,365671.95298300957,366407.61385558546,368499.66632460017,366293.2034985637,366308.9839351925,366192.54750224063,365972.0329997447,353785.59375,365533.30028185045,365473.4156821817,365192.57955867803,366490.38662362617,368406.02455830056,366293.2034985637
2025-01-20,445040.714,449099.84,436182.2310349932,414300.95030764653,435763.6078572221,434101.41484,438340.7095070738,411376.8017336694,418935.1857231747,430851.8,426043.8934629733,426263.03,401386.882863904,413050.61404154333,431917.09375,418023.5625,425709.1756748134,431917.09375,415465.3326944707,415419.3681969062,415473.24101962266,411376.8017336694,416641.75900972,416324.84529364714,416796.4344720036,415883.90299808746,415257.37716241815,416134.8377458131,419727.1797329888,430074.2873141444,419144.531100144,411376.8017336694,419683.43823647854,425550.18011280615,419489.6154088902,419355.56551976036,422747.07272926194,419489.6154088902,423009.2459097502,430403.3756880896,423240.13501312234,431917.09375,421815.82612536015,428056.9024058387,421762.346113604,420727.06289547344,426074.6781327346,420784.23696996935,424254.88059258094,427271.917579494,423600.05806024163,431917.09375,422650.46772969037,425532.3598410411,422423.94283979456,421195.7663765606,424352.4887171771,420784.23696996935,424728.4702548755,427459.8084784008,423959.9811073609,431917.09375,422950.902531829,425623.94884827745,422923.62259567797,421281.0742783227,424395.1783249954,420784.23696996935,424395.80371443834,426258.213284726,423862.53389518923,431917.09375,422879.6179450961,424633.66425115376,422384.7449956709,421310.2818216736,424078.0955684922,420784.23696996935,425962.94621734135,427798.14818255306,425808.126229637,431917.09375,423909.06051889795,425450.94763495366,423046.3417218614,421478.98523093975,424207.3042068769,421445.83369615977,427384.4949391656,428350.70472715877,427023.43929420767,431917.09375,425052.2467375473,426205.8062587042,425185.7273475701,421646.7864321678,424294.9059221423,421445.83369615977,427300.80789744883,427227.8109822769,426224.28470346064,431917.09375,425116.0251996257,425277.2145941693,424746.49580394244,421462.6342273847,424117.57927145704,421445.83369615977
2025-01-21,430568.789,460315.78,458070.5996169377,445765.8635199181,455812.6413930735,438540.1935599999,452363.83312370133,436883.88849014457,453243.06561167724,443469.34,433557.38446144643,418578.88,407920.89403209987,439184.41801068565,446498.875,445710.9375,442394.4396213123,446498.875,435951.187789152,435167.393913865,435418.4151894301,436883.88849014457,436766.6663315994,434430.9859153622,437413.8615019494,435894.70923470304,433195.40487511037,435997.1504563282,442467.36273244664,448321.3867925359,442596.55418116064,436883.88849014457,441563.1738723414,444788.1764874946,441312.3701615043,441407.0508258566,442795.4450045014,441312.3701615043,444572.9207011989,450080.0942659839,444390.45934970456,446498.875,443348.52009353775,447810.5304534056,443549.7880154326,442682.36102915637,445934.47896417073,442190.5623291095,444793.9380825362,447345.6970416209,444427.98018303793,446498.875,443464.80284879723,444852.7665619618,443549.7880154326,442778.34280516085,444439.28684272745,442190.5623291095,445657.07977748255,448287.7270454356,445906.60800470883,446498.875,444154.9026763285,445766.60236504825,443970.12368256855,443038.5630877636,444831.0716819863,442927.70254975505,445634.70201744174,447203.25739078224,445406.88329052634,446498.875,444206.9072503284,445426.61862025945,444505.5141046726,443093.4502853088,444720.13323670666,443348.0382168911,445746.4841830034,446723.0826375727,445444.4041238597,446498.875,444202.5934249768,444920.9791183308,444286.9282360782,443058.2926513825,444630.1474072135,443348.0382168911,447195.45379622956,447881.61764663714,446803.6298101827,446498.875,445414.55806727393,446038.0139347925,444744.78473654744,443154.7693748034,444816.97706813575,443348.0382168911,447301.4199680194,447132.11173993937,447169.6085739325,446498.875,445647.6069708043,445476.78464884736,444909.01370175567,443189.80267368344,444716.5770757934,443348.0382168911
2025-01-22,427778.111,457043.66,445568.34263870615,438959.14359294315,446030.3365276295,439612.09875999996,458146.9476055169,438082.2199670008,439808.75231107813,442940.4,428566.2273008344,436741.97,403996.21524611197,435929.38057211105,437218.9375,419349.21875,437866.25680146215,437218.9375,434477.52420675603,431491.9820283826,433986.06474999775,438082.2199670008,435831.0742934129,432285.50416749564,435179.57719557197,435016.08270662645,430078.43234123645,434804.08757036633,433756.82446262223,439496.8274823067,434289.1328461431,438082.2199670008,435416.9312647281,438620.32868791436,435140.0718342383,435690.4543168247,437120.2140000906,435140.0718342383,433363.22735160624,439894.720796375,432790.4239950301,437218.9375,435064.12609914044,439898.2867567183,435057.85445642873,435295.3186415405,438299.695986757,435098.9631453335,433087.51249890425,434600.32075026596,433199.13501273043,437218.9375,434923.85583765566,435456.47853560664,434533.4106601254,435284.4250802441,436417.90658424504,435057.85445642873,433296.9876081657,434656.48506323283,433303.6592455169,437218.9375,434124.08141021203,435062.92505072826,434458.749893195,435219.1406065667,436335.7161880731,435057.85445642873,433456.6802039682,434634.98379839014,433303.6592455169,437218.9375,434282.58228858956,434619.8835252328,434637.93489291193,435295.8177639682,436218.4143536105,435057.85445642873,434134.1194588046,435339.7571338514,433798.4248995079,437218.9375,434979.5568710166,435304.5719334247,435488.87388100714,435321.9842465244,436298.88386003603,435057.85445642873,434553.04727845395,435531.23083316674,434934.19925608457,437218.9375,435702.49837007,435977.62828233687,435845.01053787925,435307.07499449165,436338.61153161677,435057.85445642873,434995.574876162,434845.8330332455,435627.7471941675,437218.9375,435994.6312818598,435523.42218664906,436212.6144185759,435438.40171248815,436285.4079993705,435057.85445642873
2025-01-23,381730.438,435496.56,435386.59397099854,427614.7763563761,442232.99255225767,431571.3319599999,441565.2743006577,420401.7887282679,422816.47954669606,429583.7,408039.1318655937,394230.72,388516.9019962453,416967.99832927703,414261.3125,421407.46875,422006.20130709134,414261.3125,413657.2409541182,400927.77797563456,416348.52107945416,420401.7887282679,417066.6757991412,404216.1314480767,416106.81288634276,413574.9331127374,400063.8679973108,414221.34363702266,418548.67466910987,419495.3820957166,418254.1177883052,420401.7887282679,417948.08720339363,417915.8067897396,418101.2900220698,416531.102720961,416789.98166586173,416793.79332519346,420061.2170521364,428227.4556094502,420156.166248349,414261.3125,420619.78143371467,427809.50559249794,420827.0754745395,418682.37388077093,422406.9585078669,418785.76701760036,420689.7213470984,427262.7524908825,420136.65547702793,414261.3125,421287.3796736237,427126.6900807164,420807.5647032184,418878.8655319555,422234.35533071123,419020.8060641845,420493.87456623657,424702.50424409733,420136.65547702793,414261.3125,421486.8041897232,425130.6591370251,421144.4405042846,419099.5023214551,421732.28117638343,418680.51290942257,421525.06138963357,424433.0415648719,420445.1525245708,414261.3125,422351.13744145504,424827.44791986415,422444.62916145875,419167.8245379308,421653.67605797545,419739.60481521935,421396.64273863385,424387.95405537094,420104.85936980887,414261.3125,422209.1288148832,424620.9772183746,422444.62916145875,419088.6998347549,421692.22412893904,418680.51290942257,422281.21518681804,424573.62189775496,421831.4431481004,414261.3125,422521.5790117903,424539.1462445889,422152.2255315412,419213.20745059516,421794.62577850407,419739.60481521935,422154.79987823265,422733.60333589657,422184.0216387603,414261.3125,422385.22958506615,422961.687336799,421522.9461005575,419204.12767039554,421505.37098076055,419739.60481521935
2025-01-24,345498.214,381111.9,389789.2031386667,389145.8650439519,399847.90089259436,416065.30424,382438.96753613173,390804.61778266885,372869.55195825384,407584.47,370764.17648127937,352803.53,358977.821478552,377822.73373296665,343658.28125,355306.8125,379266.0761523377,343658.28125,379276.39797398,367176.63240460923,377710.6544913857,370764.17648127937,378621.6199769665,365790.76772990136,379481.36235866114,379951.4598099958,365934.63799909595,380036.0543229469,367723.99665692,367843.5323829467,368327.68555127084,390804.61778266885,364128.4719990135,365409.57026334835,364577.5233121806,365535.50748927606,365353.6342111604,366267.8949923077,361276.208897508,369057.8780368336,360643.08344669885,343658.28125,360617.7852655778,366128.07347501616,361752.6935657464,362497.23396856536,366141.2098248325,363904.62293790537,362003.6891460236,370249.1155812681,361318.0799602792,343658.28125,360536.43489979557,367634.74495815916,359533.69951812737,362777.82575884345,366893.68514259084,363930.69253469916,360713.8628836913,365571.79593932873,361318.0799602792,343658.28125,360827.806121503,364781.4433726873,360489.083133781,362393.3835439758,365895.09645642724,363930.69253469916,360933.8327289132,364765.96402491094,361043.7750980667,343658.28125,360880.1114503982,363989.8613541289,360520.1008984732,362343.5247687164,365622.78528594424,362976.38580606156,360856.5180227512,364237.5013775479,360645.41080061253,343658.28125,361027.53941414965,364205.5947323659,361936.1677163878,362489.8090855479,365689.51109541784,362976.38580606156,359242.0421600448,362363.6462795386,359965.4089341875,343658.28125,358322.4902515046,361660.3966297789,359902.4179368549,362048.0643821127,365368.62038006424,362514.8281140297,361150.66633821203,361996.3827959344,361350.34819186915,343658.28125,360171.47640081344,361565.76797376387,359503.85124215565,362174.33781468705,365281.9799852475,362514.8281140297
2025-01-25,293118.443,314376.8,304729.16297259205,332352.6549528938,309997.28193975444,354200.84356,321472.0995676762,332702.42967285594,328564.58159412595,337397.7,330715.6727360301,318530.88,313834.25411795214,329981.0763876212,296724.3125,312430.53125,322534.0184167668,296724.3125,332677.18119948974,319100.4525538158,329607.1709151429,330715.6727360301,328373.0975740743,320166.0975118394,328761.6503786779,328692.6634825553,319436.91797480406,328856.1929444836,316383.6897846703,316444.888883874,316062.08507380367,332702.42967285594,318735.10856872826,319011.80242099124,318962.7102829949,318309.03832669597,318399.5729061577,318795.02356804395,312488.75435904576,310292.88322505687,312637.5433480655,296724.3125,312107.72033346887,313949.3762645159,313394.62270458956,312992.07241936756,314467.44128380227,313496.44742917817,310437.6696130671,308697.3205259992,310618.6171840133,296724.3125,310089.2941415744,310706.86368378176,311152.04792710656,311774.3041769294,312789.0165577836,312386.8878629725,309141.8021958823,308934.36735164723,308696.824434818,296724.3125,309645.3678788592,311049.7780630861,310206.5102796452,311847.33375517983,313230.20153582236,312967.11632659304,309563.1890421737,309599.3573321814,310410.06810971594,296724.3125,310103.67570889,311260.8691880084,309763.52093480097,312030.7275815077,313183.6795633966,312126.5210884978,310483.98648831033,310594.8506973372,310410.06810971594,296724.3125,310609.79537303373,311549.98270177434,311700.4132231297,312162.73836944945,313287.57360860694,312126.5210884978,308600.5798533701,309213.87551913003,309348.20472654887,296724.3125,309390.28657132376,310721.91080297006,310567.3980118523,312060.7648329073,313208.7931740951,312292.28038979037,307193.0653526141,307250.7841468544,307362.8367020994,296724.3125,308115.9827340479,308965.8896190357,307422.80566794466,311872.1666219218,312905.8430001641,312292.28038979037
2025-01-26,296506.013,301444.1,298665.3245842627,305460.059549492,290750.6155901256,342399.83164000005,315151.27871624514,314690.6129811523,306426.3929831346,328547.84,337212.24300798273,276489.34,308820.2186814689,312056.2174774638,304318.53125,296960.40625,309292.86759742186,304318.53125,314385.41623851145,311458.00361289084,314837.23922020156,337212.24300798273,312183.85196783155,311039.4858614722,312245.3731552998,311493.36456786393,308679.8969437049,313811.7403818705,303572.30752411904,304608.6674236996,303938.46467694914,337212.24300798273,304596.48841309396,305892.91353189544,305166.13704799075,304804.44067763345,305213.9277664466,305166.13704799075,300791.2964173934,301080.5677882124,300512.3127795827,304318.53125,296477.7867907732,300941.2060827568,296678.4032034224,296826.19075051264,302282.3393335018,297873.08566681057,303702.7134218386,301130.8200465693,303299.589565297,304318.53125,299505.05910498305,302054.6385224315,300654.0014177081,298071.4108153803,302523.7182121878,299044.18989081087,303572.2675771263,301361.830144755,304166.7714001931,304318.53125,302219.7482533261,305949.19640395255,303117.693052304,299667.65776655974,304081.7495296113,299335.163047763,302869.6454055554,303012.8221824966,303898.6845195107,304318.53125,303577.689401434,306543.78352632024,303117.693052304,300241.1279841808,304280.9496314896,300396.19104921626,304621.53675728943,303918.78810979734,303963.7683639446,304318.53125,303377.0335482838,305752.5425145822,303494.8817107094,300364.2764400094,304295.3334462333,300396.19104921626,305548.43284615513,305393.0831540984,305669.4713442977,304318.53125,305347.64137392776,307179.5692185068,305881.1091169246,300739.51854440547,304600.18142343854,300396.19104921626,303905.3240067771,303398.77526185726,304847.02530810895,304318.53125,303415.75334331824,304948.765160772,302848.7490320279,300367.4812777927,304073.5598996664,300396.19104921626
2025-01-27,311247.996,337202.72,340501.0403966872,315568.2829666365,336411.88428110187,361348.16419999994,351462.71108178666,339711.39473024156,336531.6354865036,360930.94,361499.3567060575,324757.84,338711.2737419765,334943.2401966805,322051.96875,326764.6875,339226.47600251145,322051.96875,332279.5355872508,330715.5596426291,333248.46188637963,361499.3567060575,329118.8443779738,333141.0976894305,330705.5657936162,329487.80852018436,329490.10645394365,330705.5657936162,330070.8839006011,333685.5654418726,330224.5662038174,361499.3567060575,329468.5296436469,334263.92816651607,329090.08267627895,329914.0312184894,332734.03109049186,331465.57882894843,328296.31920506165,330296.7518463128,328283.6751618638,322051.96875,327578.14800624386,331298.5211407878,327383.42749885377,328015.50489626656,331936.87805237767,327856.7485699003,327497.161140964,329961.6322577742,327208.9445071019,322051.96875,327070.6271808803,330709.75438204454,327254.57630837755,327825.65574902797,331493.7601170608,327727.8973794241,326734.9177601022,328277.61994004087,327171.28572286863,322051.96875,326420.4729692842,330726.0560178506,326404.26083218714,327636.2065718669,331783.8051066863,327727.8973794241,327014.11135736934,330403.5215044855,327246.92359381256,322051.96875,327248.7081717803,331240.66115070955,326320.3946514587,327656.51042232965,332035.1122595599,327727.8973794241,328257.23651928763,331499.8396936542,328078.5500742798,322051.96875,328296.2954609564,331453.94710739393,328210.8719257148,327664.45722590445,332050.7545031097,328813.04418723745,328932.97814706684,331266.91045369965,329444.85335930024,322051.96875,328540.98260327196,331599.381555654,327986.45674714335,327722.5413523625,332119.874789706,328813.04418723745,327526.11186957214,328825.98191266385,328025.79663668334,322051.96875,327319.9167500155,329515.38566823094,327914.62079514447,327654.98671382276,331869.92341991613,328813.04418723745
2025-01-28,306245.736,334792.7,344995.6772239994,325486.88703157986,334164.8198216524,350826.2036,344153.5921124514,341670.19575774827,343737.9075465439,353444.8,365995.17631722847,291819.38,333290.0237778501,337572.84444771626,319187.84375,310842.0,335465.3364257847,319187.84375,322884.8719825285,323095.170926134,322807.847034968,365995.17631722847,316106.05539160524,318740.385776219,315540.58637435234,319387.97296858043,321293.3602263826,320487.3875693561,322875.1793328937,327679.47883276385,323054.4376686872,365995.17631722847,318823.00913745415,324447.40653896506,319092.7508412905,320345.6815502157,325895.28817827103,319835.8386389095,319190.9290500786,326344.2572118748,319371.1567138601,319187.84375,315502.97749239247,326415.3936458195,315885.8903015976,316579.50601280155,327515.46509353234,316954.84381482855,320656.72997822554,325326.19221888593,321234.58974957437,319187.84375,317307.49443324265,325424.8576028791,316446.0629206452,317335.5758372678,326745.1310602622,316954.84381482855,320832.3857967428,324059.9576771319,322014.02083637565,319187.84375,317500.25676527387,324447.8152943132,317749.323337312,317273.9907794466,326191.18634165596,316283.31143254996,320769.4124088317,325297.49125601613,321140.8668678784,319187.84375,318479.3746209439,326073.14793773415,318655.16262302623,317662.86632827955,326644.9482004431,318258.10423149524,321438.9634627861,324637.50850136933,321618.157368864,319187.84375,317774.32710892917,324611.706433847,317953.2671787341,317614.3637273339,326294.83248751384,317189.1507182643,322641.3322477866,325406.4667390735,322354.63645566173,319187.84375,318691.51318629883,325144.0531678343,319093.77610730554,317688.92262022157,326394.83569509233,318258.10423149524,321492.582015137,323109.35233583266,322125.59852856875,319187.84375,319496.0583117958,323540.62489193154,320690.6109572497,317692.16717789805,326189.7520600198,317189.1507182643
2025-01-29,311789.537,339992.62,339666.65206190175,327220.1181237588,339202.238692543,350278.30568,339983.34097431076,347866.7580622931,342291.15111052804,365610.75,373164.36495795136,306702.72,330899.73343201325,340709.5473407892,341273.125,303194.25,339203.7119457393,341273.125,329809.44282251154,333446.0543816478,329271.19255089725,341273.125,327712.9315917236,331850.89717613533,327773.772141812,328564.7179037433,334221.2179592297,328145.7907879066,329026.2131854869,334062.53930769843,329895.38449245924,341273.125,328920.6383343322,335938.65911722265,329850.20359962276,329502.28316522465,335056.4156524122,328636.98861476505,325603.0867496026,335951.2382033378,326605.1789326236,341273.125,324957.8347892144,337924.30867170385,324078.9976331447,326936.1805692907,337963.61637210427,327644.58096647804,328795.0494939844,335576.2205430284,328312.3649445283,341273.125,327133.850548342,337605.9931112711,326938.4224394311,327675.10322992405,338009.514983846,327644.58096647804,329844.3184543682,332564.9834502664,330555.1412588769,341273.125,328261.04295179114,334412.0649309224,327432.3934664781,327985.9954340621,336723.4459828381,327644.58096647804,329526.29397926724,334767.9145741359,330064.7080947581,341273.125,329219.56954143284,337906.7229046473,328979.98965421825,328221.03305053886,337323.73521567986,329290.7907879066,330182.2529756983,331656.66323963855,330754.24762316287,341273.125,328257.08316836064,335434.6255500139,329614.19359035045,327974.3307283259,336880.46931400703,328005.621212134,331551.15377918887,331331.67445844517,332723.578853698,341273.125,328996.34887446946,335681.4301537096,329651.83103356266,328097.53415190236,336839.5306073807,328005.621212134,331542.36809983343,332375.31603726017,332409.59632692207,341273.125,330856.6995905575,334754.1336108482,331298.0408549912,328323.4956432087,336769.6946461027,328005.621212134
2025-01-30,336213.071,339829.06,333922.3304310228,332136.1132044411,326184.3080218184,341240.782,332240.25543520384,346380.3220261047,336681.1005283519,358913.84,371971.23248136824,288147.3,325922.15917057125,335716.0082841351,321980.40625,316979.46875,333882.9803555345,321980.40625,312911.3761635913,317108.26172202197,313619.7642045642,316979.46875,308947.1485097275,316518.67898559617,309654.71619103395,309864.7304581389,317463.56146401714,310316.9496829115,319009.52822204505,322257.67121121485,318735.7508344489,321980.40625,313547.61722672905,322483.18139094557,313864.1167668027,314105.85835439415,321350.59462823,314526.35025868024,318476.1610791025,326013.0292904382,318489.90136473393,321980.40625,313672.09666824486,324383.95179941785,312588.3383539183,313972.0836478023,322893.2909068301,314100.50785770064,321568.7395692115,328817.4886827949,322421.07830899244,321980.40625,316857.1074915515,329772.49705318344,316519.51529817685,315375.794352141,326018.9438037344,315996.491488653,322534.5413711722,325092.92733282736,322475.8417440106,321980.40625,317582.37884044007,325032.8323245992,318792.84849243535,315600.14150507806,324628.14908448316,315285.76515910204,322195.64701915625,324185.54486359,322713.981624963,321980.40625,317885.9320495875,323891.3095021524,318596.98876787035,315823.4161317943,323942.5717183206,315285.76515910204,322598.77209553693,323927.4879074019,323029.6229814481,321980.40625,318185.92422784236,323445.2105128073,319259.2222597479,315987.25480460294,323766.366442114,316658.7249805306,323499.48438463185,323191.48088397575,323929.8163514277,321980.40625,318227.3025928333,323116.5248499138,319259.2222597479,316056.0329506146,323755.49812384654,316658.7249805306,323188.51211811276,324477.1453815409,323151.6578476272,321980.40625,320532.1546567251,324709.4447199847,320870.32196212886,316275.0574312235,323931.57373974624,316658.7249805306
2025-01-31,339400.198,368276.56,358863.969474464,362124.7953236609,362256.34996128455,370306.23143999994,372558.4951966147,364783.71884113865,365880.2287767007,386466.84,382855.483671879,323279.66,345387.72514497256,364329.6503108196,336678.84375,330009.125,359603.845292769,336678.84375,335026.6308896217,340183.63118979475,335962.1062638069,330009.125,330264.52940737456,340131.4602235969,330489.63900190213,331790.6045781203,341522.72819639137,331582.42887595104,339872.7827245989,341701.0389134726,340493.61789856356,336678.84375,334094.37841803965,344531.6701143845,333650.77979642205,334896.61119378684,343486.17623990367,335830.66906832944,337871.87103046017,346512.62649496924,338429.1777140827,336678.84375,333905.2021280384,346905.0241959763,333238.9163966614,335036.2322642521,345832.98826377135,334328.8610326151,337488.8157132865,350412.98642250075,337696.8634214649,336678.84375,334080.85091935203,350352.12866542826,334331.70627071033,334914.16570843617,348024.43287924095,335101.2000138069,338633.61006017803,347923.34338366,338271.5910912893,336678.84375,334388.2871941313,347859.71232528996,335193.1107280926,334938.61268958513,347215.3617288577,334234.6032876164,338809.87689196743,344565.303067097,338622.9708513505,336678.84375,334541.2323151419,344112.65968617145,333688.4574542831,334957.6149542308,345574.3336795298,334234.6032876164,339263.9331477269,344231.72593402513,339697.5329456964,336678.84375,335338.3216717085,343786.38035263336,335513.56162094977,335180.5289573578,345443.0827885728,334234.6032876164,339862.38448124815,344101.2480821627,339524.9672878194,336678.84375,335715.540462283,343424.3660793578,336095.1071645615,335192.7568471257,345332.6478142723,334234.6032876164,339632.1683158843,344468.06058443355,340805.7436372837,336678.84375,336651.1388937981,343915.7851266954,337335.8205495212,335276.3087780964,345424.07321417844,334234.6032876164
2025-02-01,321731.001,330668.03,329920.1241389654,346035.5118870883,328118.12917820184,348177.88068000006,336060.54547003435,343800.31664921675,342675.7757012459,357796.66,355091.26044754626,298910.03,322288.86359683616,345059.5487327827,314612.0,309122.0625,333889.11584879446,314612.0,313595.86215991917,317296.5280874887,314751.0688775046,309122.0625,311422.5327972338,322129.61842152674,311303.45535714284,312771.54445758066,321990.9617522265,312714.9998590718,314713.6153557317,315497.1105147925,315219.841034961,314612.0,312460.70579175174,319267.51220946276,312557.4364139844,313370.4712176702,320491.97805879056,313080.5647922545,316460.55474566645,320867.3703616944,318020.3639637551,314612.0,314029.5234758842,320207.220775813,313895.57575192896,313748.35312108684,321520.57877943135,314053.13919701637,314806.70223580016,322186.37338957505,316081.07255059056,314612.0,313644.8483831787,321234.34765134007,313406.1676117541,313292.02483091946,322271.11407016823,313426.1486685956,316721.4555137445,320907.9146724488,316550.4996339239,314612.0,314134.94322077837,320286.21434687014,315100.6163609342,313477.1665972489,321557.06999682664,313426.1486685956,316802.5056964443,319564.10521660675,316690.5013209811,314612.0,314006.8537807956,319023.11420813366,314735.05142775155,313501.93704068084,320787.6960284258,313426.1486685956,316924.7054228338,319585.3130382908,317661.3066592863,314612.0,314296.23011025914,318438.86942018697,315386.11134291644,313593.5971713317,320810.3185288202,314173.86146621464,317242.62475971936,318966.1412786051,316911.39366660465,314612.0,314473.77726602205,317617.3005123293,315499.6243444182,313590.68183213804,320652.4061406337,313426.1486685956,316197.0260964348,319321.6037751943,316917.6764750611,314612.0,314857.0191931081,317851.89903583314,315075.7395833334,313631.44434093067,320669.5537698176,314173.86146621464
2025-02-02,352113.241,353691.6,347695.97860240797,346714.41877331585,338761.0206681347,367638.60592,364813.2434011178,346388.43128284416,345433.95256128366,369661.44,366907.0106134493,322349.25,339491.4580155038,352151.6339064406,337721.0625,337381.4375,349120.03566629987,337721.0625,335577.8808416721,341635.4433906796,335818.713176331,337721.0625,336525.40865156474,346065.7131255361,335985.2962161342,335690.82040670386,344553.8984196202,335070.68745459575,337265.9957189528,342304.2408246798,337374.27614209324,337721.0625,337304.99203254085,345452.0749904625,337601.71483665844,336472.7413954272,344359.5954308287,336586.62890771497,338757.54194816994,343276.36390944174,339251.1425959921,337721.0625,338436.71409654006,344512.3422173955,338633.6070974529,337097.07177998516,344773.42127596773,337302.4473600959,339000.634072643,345180.7059321315,339107.3470632564,337721.0625,338906.6782671268,345451.2957190614,338448.82538169064,337242.48991852626,345482.500010247,337201.970192691,339702.74737554614,343694.0678790577,339810.8277180183,337721.0625,339187.8387648468,344781.3101592927,339107.4850319973,337415.7376902674,345383.8898948505,337201.970192691,339162.6934706009,340284.3565917277,339116.0206665009,337721.0625,338631.9725557397,341315.92039329396,338412.6779804799,337497.57402359834,344418.45804020605,337933.9612641196,338909.38590431656,341416.52174808003,338478.37241705775,337721.0625,338603.04687956424,341166.1323435061,338486.0094016018,337564.2479430289,344386.2770634086,337933.9612641196,339439.9835156786,342158.27492654324,340031.2091313589,337721.0625,338703.65519260115,341576.578386457,339088.87492021784,337562.97380474955,344236.5067157565,337933.9612641196,339883.4720647799,342974.10099847737,339646.136606901,337721.0625,339478.06849193084,342223.5729132765,339262.6835087447,337578.88341218175,344273.27244318754,337933.9612641196
2025-02-03,405923.088,424457.7,419687.6695814432,397228.03889361676,398716.64578255545,429614.7423599999,440194.1182980315,387835.33332158066,393331.16844263766,419925.88,407433.923828608,375624.75,385766.28129581246,395368.0283388799,387034.59375,396693.0625,403927.4612595444,387034.59375,389436.30926603876,399387.19187354087,388014.31236791983,387034.59375,389657.6289819993,400902.20859517105,390045.3913390609,389176.9204530917,403330.893238071,389106.1372752883,391262.60967895086,396314.93228368956,390739.22159629187,387034.59375,389285.21458952967,400399.7644907414,389007.2175980813,390154.7713837755,402494.1756944705,390048.99442032696,391843.2245569237,399972.6644474255,392363.758660048,387034.59375,392086.6980602447,401572.83518481045,390811.10462174367,391468.0464599285,404576.1479435898,391026.7723301548,394143.6290643239,405230.4604830558,393464.80032017006,387034.59375,394766.9826900661,404959.15323830955,395385.2064293638,392234.29789167823,406551.9126784094,391547.0952446399,393820.701817364,402664.395641573,393229.3271058844,387034.59375,394358.26908932335,403107.2509295133,393689.2541892177,392229.6483829353,405945.1464538789,392090.421137497,392125.67029391177,395555.15439000964,391543.63613124413,387034.59375,393017.50599882985,397141.272357948,391993.07300339884,392207.6987874839,403475.07543089666,392090.421137497,392141.315242797,397220.2772943802,391703.0941047525,387034.59375,393411.48718666506,397232.631298697,393775.1250867322,392370.12049690436,403342.41114595183,392090.421137497,393430.85515820177,399440.49725303624,391642.1624181855,387034.59375,394114.5271266214,398806.6099651552,394305.938212396,392466.7781812086,403214.4544882852,392547.64718716685,394642.2073444306,400410.8087225349,394905.5086934404,387034.59375,395328.819216141,400880.9374697731,394611.84793703613,392355.68768023304,403292.6817326401,392547.64718716685
2025-02-04,399029.853,446173.3,427799.2356133489,422254.5364059486,430233.3152077324,425070.23507999995,441918.1607364925,405494.1663283003,415401.55169195414,427914.44,404589.149592396,409859.94,386374.9329013639,413651.53776765167,399810.84375,409089.59375,417708.99642167916,399810.84375,407978.0686400142,422245.142875968,408917.05567168834,399810.84375,407823.2669976071,422447.5747328189,407459.31772738846,407157.2038007876,424835.0846012046,405938.8088934002,408287.4555490699,417853.276704922,406691.9114178319,399810.84375,407224.005931256,422309.07425520674,406401.4469992302,407757.55728733016,423576.95058573916,407704.70026244776,405636.9881746449,415296.51167394203,404602.8839837338,409089.59375,406848.3349775719,417403.2095070917,406889.3985894247,406368.21445165295,420425.7580403509,405492.4592558622,409209.1279358379,421871.6941259159,408917.96319936507,399810.84375,410080.7793345328,421729.01652354153,410658.694383474,407613.4717452727,422545.77650919295,406574.10977246397,407054.0476049056,419717.90138625464,406231.69831841276,399810.84375,408037.37495696277,420074.329988193,407972.42950252164,407028.84919809346,421823.23641443625,406574.10977246397,406938.5489870241,412174.4801003283,407088.7390263311,399810.84375,407411.52457109425,413187.6742638898,406391.59492661443,406860.7309987634,419347.4568267438,407213.91505097045,406917.3826559499,413494.5366585468,406329.69153622317,399810.84375,407923.4149062365,413999.7632879659,407940.2508662501,406948.5900252056,419265.6136902666,407177.2320152562,408536.1621265934,414407.9417594375,408117.56643950136,399810.84375,409300.9858158976,414887.87698964984,407972.42950252164,407052.9961667564,419181.5289898555,407213.91505097045,408405.4888467187,414244.2567952516,408161.0718737407,399810.84375,409910.0145561951,415191.51227072347,408637.3949659668,407026.9739407087,419217.4489652756,407213.91505097045
2025-02-05,394689.058,423951.62,417439.6437214108,411975.4075393301,421854.1255594272,429717.04484,423666.8103331871,399425.7743369992,392791.8676706195,415642.6,382790.5928953466,377485.47,369833.138596965,397639.6002751127,380531.21875,386744.96875,402099.32538455987,380531.21875,387051.2608717205,404362.97186832514,386775.6856256124,386744.96875,390911.88612469204,404408.4444796335,391798.24986825045,388317.53314068605,409162.0396319721,387953.4356256124,386073.4828854504,400558.12403616944,384717.40682190174,380531.21875,389196.6159583845,402828.55052929424,389401.28478487534,387555.2677225618,405766.7969832937,386259.5534958558,385946.9028593886,395225.06336551317,385447.5285089564,386744.96875,388370.8836798817,399752.44508837146,389057.3135757676,387233.21346807847,402466.37896429375,386700.4820672844,388686.9698931122,402027.3691426496,388449.4685308186,380531.21875,390612.36957302573,402212.73870567203,390812.9997808186,388063.262658348,402637.5294088281,387946.7358840956,387530.1111079925,401101.9303178886,388153.57567367575,380531.21875,389496.7018131794,401971.36803013086,388449.4685308186,387594.56681827165,402323.309393756,388456.1682723353,387627.2594044489,393229.5750894617,387114.16164644464,380531.21875,389740.6974687596,395410.7259151469,388945.3383158768,387636.9700499737,399942.4170296622,388456.1682723353,388200.8085281385,394656.919792354,387114.16164644464,380531.21875,390352.51001746015,395391.72036198986,390999.41410555237,387675.43496863253,399901.5405234752,388456.1682723353,389047.15188559226,394342.09878055594,389233.28588352527,380531.21875,390898.86747535656,395395.6977409302,390999.41410555237,387772.2563292348,399804.3986895079,388456.1682723353,389928.868899847,395377.3237134821,390407.6283912666,380531.21875,391270.13266825513,395908.7133951064,392238.80506069877,387806.87372726656,399912.6573961548,388456.1682723353
2025-02-06,384536.867,406466.6,406206.72002956836,405724.752013169,403325.2925805963,427855.18752000004,410624.34950337163,389355.47812722006,390005.7684557672,402247.8,376547.57389701327,390188.44,364577.32459214836,389351.03109918785,374787.78125,392061.34375,395288.36310453614,374787.78125,382577.7368980751,392757.37073082925,381947.03652945685,374787.78125,384600.6610988104,392244.0976685338,384978.7082290442,382675.9657172543,393222.917967545,383770.50974374247,383082.4674499863,387085.5335181411,383463.0752127515,392061.34375,384822.6607751608,390180.33168196253,384066.9716219014,382943.553522484,391095.8312419331,382461.746926702,381660.26910768537,383684.85243923176,381152.9841096614,374787.78125,382802.92772883875,383834.98531621974,383045.38318597374,382193.0577870733,386582.80437178904,382461.746926702,383859.5343996211,389735.9386186246,383073.00410627906,374787.78125,384750.64889142266,390804.8293769737,383984.7407134219,382962.2983995223,390268.3911974662,383530.8811845539,384545.4946520933,392139.64540063136,383777.4648471678,374787.78125,385681.3506985693,392983.3628970544,386108.53032335825,383347.56132885884,391375.6494180506,383530.8811845539,384807.69758791575,389335.4265899113,384134.61456178874,374787.78125,386075.0108020009,390629.0694234129,385650.65324508335,383244.01109951595,390631.02274837816,383530.8811845539,384131.0817018583,388602.5216407724,384134.61456178874,374787.78125,386458.4162741097,389874.6725293497,386651.29346811917,383125.7199036639,390175.2024647216,383530.8811845539,385918.9939931753,389228.253983363,384165.79253114964,374787.78125,387497.98020934,390167.936885471,387074.51893343485,383305.4804345269,390156.10023327917,383530.8811845539,386072.77283322776,389863.6062372391,385691.74380521727,374787.78125,387626.69660065667,390429.03671364195,386861.86853963515,383275.30121684715,390247.93125476094,383530.8811845539
2025-02-07,351138.501,395479.88,395038.053646799,398418.80765866284,398081.2327860724,385787.4017599999,380178.84314980987,380416.4123857876,374445.75182281394,394799.8,362822.1732947594,371396.38,352408.4612099429,376875.0981808764,353951.3125,365744.28125,379056.25947636826,353951.3125,366153.798331036,376706.93162099534,365957.91833516624,353951.3125,365435.75096316007,371527.01625033666,365467.09698907845,365329.68246063887,378033.83788115164,365981.1936327853,367149.76402097533,371895.39406639955,367105.256215269,365744.28125,365780.8891400689,370623.56943654676,366720.2361935908,366095.55948836077,375578.27598773036,365150.98091764987,364293.8500467116,365031.57205432997,363880.90281859675,353951.3125,363838.8519192323,363398.1875821173,364029.9682662068,364930.2367169792,370829.922985862,365150.98091764987,364455.5666461344,371330.5741787044,363818.458248215,353951.3125,364602.176773095,370869.4076798952,365387.7135241559,364513.2893010412,373726.9949663388,365516.87264574785,365644.91109619796,375615.2382515723,365339.4390510331,353951.3125,365944.63801946107,374539.43049802695,365600.33063107484,364689.19425235805,375312.8497505999,365590.3417547982,364130.5912241189,372822.38492316194,363696.2491448871,353951.3125,365143.95985276526,371679.39924960345,365112.229799649,364286.4654657215,374276.77290544345,365590.3417547982,363515.2253841739,368740.8650751295,363113.6400923537,353951.3125,363967.1220991949,367893.46017364715,364362.57012329705,363976.59924440976,373000.00363805844,363343.64383813157,364205.22952465876,368649.25640985696,365091.1906875918,353951.3125,364274.01607047836,367336.8851675045,364423.587174192,364074.59550245333,372849.74590613286,363343.64383813157,364070.32262200187,368292.240281533,364676.11742540105,353951.3125,364192.1752403785,366932.137840524,363716.0057219544,364215.03012883215,372777.37674110115,363343.64383813157
2025-02-08,319719.092,356746.7,340083.14428406704,358930.75330295943,332000.0126714184,360776.69039999996,344051.27611214336,341081.82504806935,338934.6904495496,356242.7,333760.333659628,328989.66,320191.9144274965,344371.2587835945,315328.40625,316565.0,339203.622442595,315328.40625,326372.70530131913,347206.0368381876,326331.1339980946,315328.40625,325365.47426172486,337767.10021163116,325880.29066636093,324358.54958080547,342777.80847323383,325251.8365363307,328389.8877643841,332933.0310650793,328246.89185683714,316565.0,326984.59111904097,329837.73598491255,325638.14610532485,326219.6066851732,336168.503008393,324918.581943623,325685.8499570865,326116.70450484555,325914.53807957505,315328.40625,325000.7859424821,325536.7579654481,325435.5643759697,325197.2810130951,332159.44747756555,325150.1775711229,323802.60757046257,330591.38636178256,323148.3193872987,315328.40625,324124.6072506611,329559.50089678064,324528.96819682245,323870.19224221853,333303.33869418467,324558.5272735038,323358.3706124839,335068.30210727383,323392.205094985,315328.40625,323486.706007011,333669.3025128647,323893.06673098967,323170.97696517035,334950.2070367493,324154.22143517085,322274.8188750606,331544.3969260901,322682.78396403266,315328.40625,323186.82422484155,330854.3831134424,323303.760601637,322772.5244157741,333977.1289295241,324154.22143517085,321917.5123117805,325465.83126771206,321861.88220718014,315328.40625,321914.646953829,325874.4096225268,322436.13585699967,322461.2785802843,332395.0880256597,321590.2720304089,322172.95466340304,325242.67704187374,323040.6792564214,315328.40625,322200.01767087536,325537.60438101063,322495.02127366635,322525.52036700293,332260.86735208484,321590.2720304089,321510.472137972,324439.24147768074,320727.1172667024,315328.40625,321795.9863880844,324793.6956706375,322527.3402304545,322710.50444157334,332109.46338803996,321590.2720304089
2025-02-09,329377.351,322529.75,323976.31970387645,335642.8397548924,322370.1505327258,358277.65736000007,336989.0404199692,331161.5809074304,327312.5236680774,353982.72,336253.2908122522,307294.62,320879.848909097,332452.30582196225,324443.84375,323872.5625,330495.9371926856,324443.84375,321125.6436994103,324434.33024374506,321102.55579653766,324443.84375,325021.68704754015,328240.7650765689,326052.4791805879,323441.85575246066,325695.9926695659,323534.7760346329,319577.3553898731,323090.670296724,320579.1792361119,324443.84375,323919.512287157,328429.86462070723,324785.9979657385,322147.4222632542,326747.531092359,323153.9096452025,321702.37059376616,325021.311570134,322649.6501565436,324443.84375,325088.6077554572,328371.6057112463,326337.6452871671,322918.3644905619,326907.6927968251,322984.1956051595,323639.4552843103,324612.87513250497,324007.7676401513,324443.84375,324457.31239682576,326122.6814735242,324797.1932353894,323150.48324309336,325860.599680184,323773.6212003976,323927.94476457825,324205.5912691385,323820.2853239534,324443.84375,324488.9176931808,326010.53016308177,324636.91478823905,323421.9851213293,325697.0603521415,323943.3352404406,324267.54362771567,324602.5091287434,324728.06210966763,324443.84375,324697.10827880364,326115.1743418767,324664.1186572867,323502.1335191185,325715.77221217856,323943.3352404406,325101.3522113672,325566.10105012567,325306.3353555184,324443.84375,325955.96249543136,326904.58445662964,325994.87299456453,323538.47187207633,325827.2022093081,324113.0492804836,325210.66793679364,325841.7708783415,324275.1633458945,324443.84375,326150.55555459554,327079.30166641186,325994.87299456453,323532.02141684166,325865.2192353767,324113.0492804836,326076.19535547966,326206.59113914106,325433.70337616006,324443.84375,326462.81262585684,327285.30560828315,326364.7033916263,323535.8336249634,325883.0084118697,324113.0492804836
2025-02-10,357797.801,365711.9,356150.06194188463,366772.7506131665,365039.4372109139,395525.39456,388217.78577906516,363990.6428910723,365810.6618494571,399629.53,373977.41056581907,360187.47,358553.38147948607,364536.4796183973,365000.34375,366478.1875,370372.0962672841,365000.34375,364304.0555987182,366665.90990579524,364410.54705659323,365000.34375,367011.58083902556,371157.190443518,367587.9997658534,364706.54313808604,367643.7384298562,364710.10509230755,363325.7234201181,367228.3133353539,363774.94140183134,365000.34375,367387.96224465355,372989.8161709341,366761.0599102374,364394.57635007123,369997.87606031087,364332.73337704496,363141.096630366,365608.36300235905,363068.4827150394,365000.34375,367007.1840566256,369881.5423187947,366882.72443347727,364364.32517275156,369697.81999682623,364318.08477651695,364013.2665837078,364998.9638328609,364240.02331160236,365000.34375,365293.58588346373,368944.09062990063,365360.2643897049,364230.7624061665,368800.7066285478,364310.6446088734,365073.5120047353,366408.61734329164,365050.73943887046,365000.34375,365103.7558572825,369203.88670623983,365279.92396268004,364635.9971298927,368557.70866609,364617.6428122312,365074.1156269426,366940.4896893033,365246.04003410856,365000.34375,365579.34394497395,369579.46119360335,365246.04003410856,364656.81701976905,368615.8486109241,364617.6428122312,365327.48773929663,367362.60927760275,365175.6665222038,365000.34375,367319.99199849623,369870.9394491347,366532.2845063932,364703.3745131757,368573.21450921864,364924.641015589,366224.2308299362,368475.1957560299,365175.6665222038,365000.34375,367939.90606117185,370278.699921494,367730.339264044,364711.54811072955,368643.0325263767,364924.641015589,367668.1939400232,369180.6868050558,367704.3470389333,365000.34375,368585.1309519628,370675.6341425552,367730.339264044,364702.0817376021,368672.4654006567,364924.641015589
2025-02-11,361005.879,355729.47,359086.92362031137,379449.55943313753,377481.25501530746,396908.52823999996,376672.37248496816,374284.2328283888,379322.6446397517,393794.28,372661.3544187569,348507.1,359556.89291771443,376392.4124179142,363170.15625,356081.25,371273.2284010833,363170.15625,359259.8965801916,359859.7904370044,358884.1290477687,363170.15625,361525.27914398117,365836.57072886685,361054.91790816374,359429.3918208452,362188.41723817744,359885.5766192469,358474.3596213548,359235.26709318394,359656.1599566082,363170.15625,361830.6769041431,364748.6496105639,362206.5636257616,360024.63466047065,363218.87686712557,361209.282495525,358305.4687213352,359402.1339872425,359467.3483098326,363170.15625,361733.963473064,362879.98645623826,362654.3590020798,360185.7328101944,362292.72242308035,361209.282495525,360591.9198737097,361116.5806954439,361464.9082027088,363170.15625,360860.4476200538,362574.3128030075,361838.9137416162,359563.6292117659,361755.8427602579,360039.9412066082,360347.8299633465,359914.4613357895,360848.18596445443,363170.15625,359870.5693158171,361651.56669579854,360848.18596445443,359265.03245796246,362099.6304200573,360212.00136528845,360568.3203087432,360794.5268231194,361202.5044168354,363170.15625,360198.1179265112,362580.23425135296,361202.5044168354,359341.42657110177,362240.57783744135,360212.00136528845,362064.2434203399,362055.634697609,362341.76278589247,363170.15625,362604.061488756,362965.47639977233,363339.04391612904,359492.0966994504,362180.61363662535,360384.0615239687,362071.81827182526,363088.1563026093,362341.76278589247,363170.15625,362323.39896575746,363333.07751567836,363014.80838360783,359641.7876754466,362284.7945095076,360384.0615239687,362941.38002242637,363355.7302886441,362901.08744758024,363170.15625,362572.6838390504,363654.36019753944,362914.4188793447,359767.36081365205,362298.6763162512,360384.0615239687
2025-02-12,403211.335,384842.94,381577.1848210253,389152.8373086823,391819.38310491096,402777.42600000004,391169.39642941416,379422.1869547161,386497.50374181184,398745.12,379259.50627998135,353225.25,363882.931097849,382202.54032075655,380173.9375,355174.0,381328.1430706099,380173.9375,370621.483307878,380669.01746812684,370740.5496806451,380173.9375,371201.6132214507,384806.8166828575,370926.1449187404,369601.12730756705,380307.8945564519,369958.00503778795,370058.45173460443,375740.16100086144,370409.45413768553,380173.9375,370343.38525461004,379651.24400259595,369739.4742197287,369450.8272849783,375655.07708256016,369182.2428281617,370673.6517629232,375884.5817327948,371477.99666823377,380173.9375,371131.5071995918,375965.61405480327,371331.61003263,370187.9478791313,376652.3541898014,370376.5185577215,369482.39466933545,374151.6978419347,369932.67448837217,380173.9375,370102.7370242723,373400.2176915476,370343.58297775756,369459.7806833206,374324.6183683609,369278.8429624834,369562.169316986,376399.7842603985,370512.2565113982,380173.9375,369668.53455028014,375766.03532411566,369514.1609684386,369136.58687488287,375372.50991134474,370054.6051721097,370366.33378886443,376615.86179168546,370289.92317806487,380173.9375,370465.23219803104,376060.16070403566,371480.39639235055,369455.5941732006,375499.2514473211,370054.6051721097,371851.87811857334,374125.56889562996,372352.75873629854,380173.9375,371818.0398847424,374168.2992297114,372227.02553728694,369631.6822080772,374898.0409676088,370054.6051721097,371904.4471046683,374704.4798187347,371938.3412868341,380173.9375,372096.92789349577,374766.7137434831,371324.8843600184,369668.57610274886,374934.39383744326,370054.6051721097,372000.11100788525,374051.43476899504,372557.2808039678,380173.9375,372247.73119135684,374223.52686621336,372726.1429736523,369658.1642077627,374855.9429017302,370054.6051721097
2025-02-13,413870.008,409575.7,409245.8718922971,414880.6393617116,405817.7638831426,412508.98748,415189.08531377674,393537.0023388973,408840.3339007021,407535.78,378097.2433478455,387923.38,368979.0286366229,395122.38789563783,385812.9375,403733.25,399786.6250200423,385812.9375,388185.8833669231,402931.35994362214,388108.2462771303,385812.9375,389980.2024019569,403182.10822935635,390564.82390697574,390248.0251814346,402994.5520439185,390015.8259545155,388763.7686799306,392073.81405466545,389615.544145071,385812.9375,390064.47328336164,396925.53111322876,390481.75768121454,391148.3057658426,397752.8586860287,390843.0352164996,388748.66515611554,392447.2709631742,389306.00011629186,385812.9375,389770.4102129141,395647.0693711857,389728.9064907384,390656.7575650422,398268.8751880505,391335.1058955003,388624.544576193,390134.62754919264,388355.12486739876,385812.9375,389319.8092668307,391993.96162693016,389631.379456131,390297.0217018275,393763.5489120978,391121.2465260234,392412.4123346795,396673.5930921724,391891.7754028647,385812.9375,392417.09178457444,396259.26162989845,392201.3194316439,391474.0991821503,396861.7958851304,392087.9570859765,394221.0811183058,399499.8398243881,393856.28235370945,385812.9375,393828.6636685349,399389.13302013243,393856.28235370945,392149.9793183408,398153.2267816996,392087.9570859765,394505.9468128951,397663.3840851473,394247.8560089006,385812.9375,394077.3792081714,397691.2973063212,394247.8560089006,392202.5716366186,397818.6461276029,392087.9570859765,393962.09863426257,397801.6887735487,394232.1505037719,385812.9375,393647.8926630127,397363.7205911926,394232.1505037719,392108.4855455768,397659.6929714878,392087.9570859765,395571.72444540076,398623.8260677319,394901.09153295134,385812.9375,395131.7856185105,398664.7137339581,394901.09153295134,392125.14453905914,397673.45050860074,392087.9570859765
2025-02-14,432698.1,422849.78,429578.3091743417,432513.5154046772,445499.4357810713,430557.0582,429723.7085367727,412387.01059433765,423759.75843878137,426009.78,387389.7252316575,418876.44,380953.5389160053,418897.0295213487,397603.1875,397409.875,416933.8768199329,397603.1875,399405.99628100474,413228.27278194437,399314.6837448268,397603.1875,401877.08014886297,405537.25062745705,402590.3772006681,403217.20792190713,409218.24409360916,402590.3772006681,402865.4675937426,407276.18826806895,402750.5438638745,397603.1875,402796.70895777387,404169.7962968299,403144.1918609858,403177.24569766934,406796.0226461641,403792.59595066815,402209.9699453055,404546.9747325489,403889.137835272,397603.1875,401570.01770563296,407058.9717961041,402937.1113357493,401689.83660599333,408929.7309040349,401549.3056863196,398079.4624492493,397320.6984527864,399714.4131907644,397603.1875,399219.38618357654,398127.0331629924,399503.44705190696,401082.27153496497,405578.906395864,401540.1003291768,400737.68697999115,406353.10055876954,400206.4707212408,397603.1875,401986.0671881635,404991.1248019297,402636.328457464,401092.1563973233,405772.4869979464,401026.927201431,401762.420093613,407698.0326206087,402985.1649316212,397603.1875,402272.3911591781,406717.6929871027,401801.3568959069,401481.99239940604,405992.8040469009,401810.5622530498,402167.7094217851,408502.73336792924,401792.1515387641,397603.1875,402255.7140201748,407783.2450163694,401801.3568959069,401592.2170417048,405996.30964149674,401810.5622530498,402568.0275546869,407057.5055168501,402870.70651643415,397603.1875,403057.34832344734,406414.5978529749,403120.6757505976,401597.09593329707,405772.19047495775,401819.7676101926,402906.4584662903,406706.2748906351,402023.71005864185,397603.1875,403336.85734204075,406292.33457549347,403574.5874332102,401693.90899055963,405693.7429456678,401810.5622530498
2025-02-15,389731.255,393363.88,397896.0303632145,399247.357666458,392609.47774102574,380342.17616,396262.86770242173,402273.9489935227,416786.2473569783,403224.53,365138.6615013572,405837.2,367267.76750743185,414662.8152157408,385301.125,393773.78125,394265.85668054334,385301.125,388961.56704348966,391182.0320829877,388907.2832380654,385301.125,388127.6634017716,388390.157377854,389196.1953145882,389162.16765486606,389734.53558587993,390121.64288375113,387962.8017757718,389783.6809581216,388152.32656382606,385301.125,388582.44252823957,388687.4777903165,389718.1830623226,389398.9011316635,389744.8863885416,390525.1027051797,388975.9041579575,390027.12957888574,390120.83265380847,385301.125,390207.68444524385,391194.42589152255,390263.76145346713,389817.06318055216,390388.306884477,390525.1027051797,386546.17314789025,386388.3457421874,390019.8076482287,385301.125,391917.7937244269,392855.25625756057,393576.23676639865,389841.1027522712,390400.1646183632,391070.68109632423,391942.3220881356,394543.35044527194,391981.0646846584,385301.125,395915.39887361636,397065.70086317696,396314.1733519938,391120.488955869,391700.09426582,392309.32614111097,392860.15912992944,392627.02793316374,393491.2116974868,385301.125,393324.72091683396,394310.4807100485,394102.9905679958,390917.48671699665,391495.179955312,392029.1602998511,392695.5650771103,392157.02725654765,392703.8113998677,385301.125,393401.5009262818,393786.78328223247,394102.9905679958,390860.0311301835,391436.00599951355,392029.1602998511,392725.3087842292,393192.8128567397,392804.9272161171,385301.125,394154.4401801142,394401.056530396,394814.8818111853,390902.01141589833,391475.9740337852,392029.1602998511,393134.67010398745,393285.6908680106,392906.04303236655,385301.125,394221.3987523391,394405.5438404724,395218.3416326139,390965.9213343342,391496.4636852042,392029.1602998511
2025-02-16,401629.638,401599.53,405196.2377960215,405631.7512881785,403202.1924319719,391327.20196,424769.6383659492,398092.78478934465,404034.5909070652,414596.3,376413.3451181976,398201.16,382897.83937886957,410829.7477001727,395706.875,394990.53125,400499.3157323847,395706.875,399017.695180719,401096.7218238452,398844.82231041254,395706.875,399387.73291281017,399057.95820756856,399266.2337360174,400203.16040782613,399257.1264765019,400017.91676497995,398874.4160647177,399770.2534620989,398200.1445906054,395706.875,399397.20374491205,399160.3754926894,399378.25101127656,400733.4301785884,400843.9943046519,400143.3069096601,398857.68344269705,401440.66215071885,398215.69057475054,395706.875,399542.24257392925,399523.4111890704,399612.7195877626,400631.76101166324,401703.67467301106,400164.04564738186,400105.92772042216,402896.0001087677,399881.27629947814,395706.875,399444.59040077205,400817.0944769361,399352.8866086178,400168.5708636109,402354.44860483345,400450.436684332,399862.41022959055,400291.7701878328,400332.83291109564,395706.875,399009.0861022371,399619.98640611523,399178.94892682857,399221.6091771665,400657.0999035435,398687.74852465256,398610.74514798785,399955.90863052907,398384.8019896423,395706.875,398314.10983817047,399406.9735228105,398277.9718892465,398843.7884816374,400544.97339421656,398687.74852465256,398312.1681310785,400594.365568122,398266.02669202327,395706.875,397944.28058733244,399996.8668148187,398153.6701761468,398711.24779810495,400742.6192805428,398687.74852465256,398021.76387825934,399928.9009790354,397729.29770848795,395706.875,397985.26982489205,398762.00263331394,398193.3081987703,398679.5725156848,400491.54717257235,398687.74852465256,398104.8733816388,400235.53974148876,397695.1861013451,395706.875,397955.85548998625,399036.9198728856,397762.638691291,398779.6326178204,400486.55032810295,398687.74852465256
2025-02-17,452934.436,453058.25,446181.4947456589,449051.65183789557,463094.7060040887,446536.38764,495895.71054696816,434844.19522631867,450224.49308568705,458758.22,422958.6267570562,454937.03,436249.5894861291,452099.282059139,493469.625,444341.375,453446.7091592627,493469.625,472021.6449499477,474220.09783027426,471312.0226363737,493469.625,473281.14871220326,471574.044601063,473409.97780740855,476394.1461819987,476625.5224118421,476999.4472340431,474769.2025422087,474696.5082018886,474736.05570721824,493469.625,473549.9199140918,473424.60823420563,471295.6226721436,478965.6918452847,478949.471380344,477388.69438050163,472061.1357998836,475363.6986155494,470400.70559169556,493469.625,471026.7161881877,470607.5952876824,471043.8361168173,476884.57235537795,477300.99609614373,474885.0920987782,468260.10147958534,471113.2658549406,467521.5058419023,493469.625,470809.0607467658,470109.41541428806,471043.8361168173,475888.34567354486,476821.37997034163,474885.0920987782,465198.01642755035,466679.3141992133,465916.26723980537,493469.625,467320.5257384964,465631.5422777736,467061.80235704564,472270.52992663794,472955.56658922904,470590.8431322402,465081.78686802875,465771.67384865147,464007.81502336403,493469.625,466744.8969688456,465969.04874066956,467973.9623582579,471450.373639217,471817.36304734874,471259.559997297,468711.50204492797,468639.900522621,467812.7167705478,493469.625,469812.9263518499,468675.9382418104,469528.6992946538,471898.9902943489,472254.12802951486,470755.0049377732,470437.8486138246,470854.5165081313,470451.5323923186,493469.625,470500.34250949166,469795.922151965,471255.27248901554,472316.6050187433,472416.65401300933,470755.0049377732,470394.90257659473,470949.7881023704,470362.2567269161,493469.625,470139.7154021417,470016.4611170025,471255.27248901554,472163.5679930587,472433.3465748645,470755.0049377732
2025-02-18,441322.332,484618.0,499823.29728401353,483962.06654399214,496234.8586971309,452114.71992,499457.6864688872,457334.03292908845,485831.0038540694,474942.75,434822.9894557935,445307.66,452619.41491056135,482112.3043808564,493678.15625,455113.84375,473198.1853796262,493678.15625,481647.37417362694,483297.47991058417,481257.4805146641,455113.84375,489545.7389479364,490310.75328961574,489211.80252588564,488830.6086809096,488896.01453374047,488332.46882286854,483240.8347728195,484532.3185329578,483116.530532189,493678.15625,486933.7607160567,486870.5279822743,486831.5375686775,488406.3892813942,488893.9538144319,487622.0120421895,480166.3577521969,484534.5890250736,480231.7201252629,493678.15625,484202.1252451086,485291.5806956927,483651.1359883369,486505.0301855672,487949.52194831363,485318.6548993323,477358.3040510851,482598.8565046276,477058.71395699214,493678.15625,483839.48936449434,485576.0589907344,484907.4035188537,485826.28946743556,487741.8599981891,484734.23622537334,477831.559347381,481470.22163413966,477605.615262475,493678.15625,482426.7889234511,486462.4605935882,481764.589761209,484575.41227962787,487395.8437870459,484127.214405054,476979.924605608,481534.0565882783,478310.6777366931,493678.15625,481227.76607505046,485013.0734804785,481381.70818464376,484014.0789790863,486074.2357365778,483973.7464159227,479309.92741844535,482671.4409970818,478861.43258760474,493678.15625,482966.3918624838,485393.4412926853,483862.14625479677,484166.48291216994,486239.32347584015,483973.7464159227,480328.1079213746,482131.40947186906,481428.0930957163,493678.15625,483176.08125966723,484472.4043481428,483366.7245956033,484378.24104723096,486112.55114989897,484440.70772544655,480424.9337976418,482243.0578760318,481605.1740230122,493678.15625,483187.12686356966,484417.96487311303,483862.14625479677,484454.95027843554,486287.0968772979,484440.70772544655
2025-02-19,427881.826,480247.66,474382.77429166326,486127.7958064293,496686.5657077993,450741.10659999994,499289.88711359614,459764.940596425,474354.130278451,477671.8,420280.16369990865,440268.9,452876.0736510558,477518.4709819466,479352.0,432707.84375,466818.00849848497,479352.0,466340.1033042076,471162.5993726494,466062.54651880974,432707.84375,475617.18775970466,482209.34513813106,476350.47639441106,469536.2118106471,477636.32182840427,469638.76186725934,467816.0161391547,476614.1112500365,466898.4895794493,479352.0,474135.10963414086,478419.21868627914,473094.8958098468,469028.03831520805,479427.2358444147,469508.3304354249,468016.40794491133,475933.67372309975,467090.45876708184,432707.84375,474313.259410782,479378.53898158344,472393.4241510764,469435.01187221374,479526.22903557966,468806.85877665447,468383.52590905625,476438.6616896899,469011.24256718246,479352.0,473882.7903588419,480554.44190986647,472630.05394671153,469568.83831927285,480001.27440261596,468606.25863246515,463305.5173831172,468978.74574606004,462509.3358838471,432707.84375,466969.92504536756,476162.68978087464,466230.6463367508,467340.3661314738,477426.9698717336,466526.49230571074,461394.7165938796,469602.3641557576,462101.6598040755,479352.0,464788.66201177065,472511.295581406,463229.24576265016,466129.0645865979,474408.420241,465005.4496662329,463142.4633946468,471176.71287604707,462188.97070969705,479352.0,465513.9140201276,473258.49769203685,465328.3392612953,466038.85767682537,474228.8201472399,465243.44346249715,463355.11589229957,467678.7182905194,462766.02582661726,479352.0,465588.5833169129,470599.5409131452,465328.3392612953,466029.7820803076,473797.59276858,467427.2001080414,464393.2161943838,468818.7670615386,464891.560438307,479352.0,466110.0658409158,470802.86973106273,465328.3392612953,466118.228049489,473872.41926383023,466866.54936861387
2025-02-20,404368.684,445956.84,439409.640746604,449441.37587418896,461615.7875288054,452871.69060000003,476678.925715264,438535.33193124016,445649.8162667721,462682.56,393671.30562639725,396568.2,428928.42411369766,449495.90610152914,420731.625,423634.9375,439058.1573836332,420731.625,428185.73028582253,431853.8412305217,427969.16836181004,423634.9375,427598.2789720852,429124.22334158304,428762.34171895287,424612.79562337534,433221.9373964659,428314.08829990536,419983.9824763635,442650.4978432141,421919.168207169,423634.9375,420595.68245293025,430414.8016786372,422104.8665011025,418783.1426277433,437112.7563169377,420513.86640796944,414801.2354589867,422324.20460688276,414616.4306905599,423634.9375,419542.4948849523,427153.7000110979,419147.5475737881,418061.5648097754,430495.81533784146,421403.95945742924,416327.19606136845,424671.93448519526,418959.49827163445,423634.9375,420198.644760776,429466.47540872067,420273.0921106542,418188.4536191904,432526.1355352893,419070.06477661995,428075.81812132674,429563.96156732214,428567.1576308239,423634.9375,425892.07822694344,437208.8023146546,425811.3757765323,419002.86830164667,435496.0910144175,421441.4493496253,425375.5921067293,430679.89363806753,426134.22980287985,420731.625,424985.246490196,433200.3857309536,424624.7032986249,419211.18492559926,432233.66182875785,419529.88758567546,426550.2376706315,437537.00632459694,426464.21847505606,420731.625,429312.1965363853,440525.0485596419,428527.197047252,420339.7058223366,435841.2724590627,421338.11586867296,428015.2001535271,436770.00180257903,428036.41303617076,420731.625,429343.45097695186,439934.8202485148,429158.5015023496,420418.5743887708,435665.6855762942,421338.11586867296,428699.5959731451,435509.3166483849,427853.2659011824,420731.625,428121.9545979338,438232.25424229674,428121.18861152686,420592.63450591674,435551.3604041498,421338.11586867296
2025-02-21,377623.702,396573.62,397985.1757527751,422671.58183641295,403325.72267362964,429328.86979999987,413904.9961906767,410288.9832045118,409272.3061258838,443242.1,358987.9891377663,384184.4,395831.95618397,412524.19118093007,376653.15625,378125.90625,402193.3973057704,376653.15625,388973.63128362194,399138.39177166385,390200.62834134104,378125.90625,397117.2176498865,398817.01933687046,396636.06076666655,392257.6636436031,398056.12672907114,391131.5911738769,380418.21153205645,391050.72517108725,380866.47052791074,378125.90625,388927.4913829028,390380.1213872137,389275.52230179834,386811.1048970187,396304.15326821234,386810.4006966688,382211.5854783782,384326.0490497067,383556.2577674503,378125.90625,388902.8338190657,388140.01025563537,389275.52230179834,387212.54584637063,390744.0604842847,386810.4006966688,380697.8260554017,381297.57791929867,380532.4563853328,378125.90625,386057.60954347666,382652.7425349223,386401.3796447804,386576.77822342305,387122.78387006617,386740.2697442878,384801.6718688484,384882.5060994869,386011.31705043063,378125.90625,383955.321043262,384097.7298090063,384847.58742594765,385399.2592652485,387628.6653646697,386740.2697442878,383051.13293832284,384881.9110671272,384883.4085510513,378125.90625,382603.43142722896,384416.2542142405,383914.545967155,384534.12287600536,387407.16092575237,384943.99684969976,383977.1751754285,388418.6223840674,385617.1785498812,378125.90625,382538.82804456353,387434.26566208457,384822.2878803555,384627.93391747575,388935.38874652644,385496.6952836156,384887.37845458684,389553.7722766736,384639.7527532403,376653.15625,382746.68863618193,388633.6141180102,382170.0898146755,384015.6307474532,389495.9404878137,385208.1952836156,381301.78763098764,385357.43743121123,382215.65178216423,376653.15625,381425.6851694741,387023.7857002042,382706.89320470777,384023.4668386312,389233.2558273468,385208.1952836156
2025-02-22,322057.911,341046.62,348040.35959061637,376858.92014399613,347948.5935300755,376707.81444,337209.4395790998,363363.1583090194,365597.20823217044,382659.53,323355.1311641716,361703.4,344895.1112662209,370068.5553887756,330258.8125,340797.3125,354033.9986096097,330258.8125,348611.83490936266,348215.80333453603,348533.04657808936,340797.3125,357461.5104519571,353705.79167530715,356975.922766985,353762.179067975,351471.05573062936,352127.84806252515,344642.5273206822,348841.06258245534,344490.4613636434,340797.3125,353944.6359253322,354639.6413735804,353884.6216934531,351079.93487594085,352592.1582580164,350074.6523181277,344310.16136787157,344931.8577237506,344655.40957384196,340797.3125,351689.2081475223,351460.562653554,354393.6505365005,350557.41844460496,350887.1759941604,350074.6523181277,344591.8069274225,344686.40614579886,344165.44826431817,340797.3125,348548.44446150464,348050.4947367444,352065.7088657468,350463.045674615,349490.9560186677,350074.6523181277,342305.15240756236,342660.6038864033,343169.9199905087,340797.3125,347230.16146945034,347130.9815780699,348027.7432930883,349571.9502534302,349135.7910232028,349036.5469889931,341939.19143300137,341617.22622380557,343606.0639157967,340797.3125,344412.314056052,344708.8444375219,346221.11237847025,347773.8878066912,346514.8237420167,348542.852048517,341219.89206781087,340144.54673817457,343313.9894189729,340797.3125,343953.5765046221,344352.77855564974,344875.216752454,347461.0934798295,346690.95675562683,348542.852048517,340290.43891373486,339316.72052114346,341186.8249924395,330258.8125,341735.2677553685,342863.5194853923,344039.5552939155,346737.1971472998,346350.6718966809,345335.4665394694,337900.4096506892,337844.8905660381,338117.35421604756,330258.8125,340672.6818547965,341653.0661374465,342546.5634991794,346370.2821453888,346086.07457571547,345335.4665394694
2025-02-23,332223.081,318348.7,322421.0467771147,333644.2989927165,325001.3439857951,372580.75539999997,330590.3089027507,334389.0489182795,322897.3550691438,360254.66,310347.89450205676,318432.75,323113.08326801617,329964.0805149843,319442.75,321707.84375,329542.3935887238,319442.75,327190.9886675268,327212.37117291347,327385.75120763254,321707.84375,323820.7624706023,319849.332269238,324759.17952191824,326918.8878244417,322979.07869380875,327181.69912429916,320503.4721791345,321800.94874145754,320017.89797613746,321707.84375,319689.02801891975,318664.5811732437,318500.4412146774,324007.04819968896,322802.5482940137,323787.1169345387,319868.1181514368,320324.75168077665,320932.27090029384,321707.84375,319368.77118882805,318087.74439348903,320611.04712658224,323881.93110126944,322386.75532988575,322925.7051218203,318210.7194321887,318104.6771267882,318429.34235718776,321707.84375,317747.25530661986,317357.8593303181,317223.799286204,323606.4627819459,321404.69486798556,322925.7051218203,318393.64829604793,319083.27454418945,318223.38596343703,321707.84375,317887.6982146099,318127.6781310174,317685.5589721472,323105.4381008181,321389.4234327764,323090.21012511285,319032.84716864023,318768.2006178388,320144.4064623059,321707.84375,317872.7934291879,318188.27504661155,318451.49357993156,321740.8494360928,320444.86379074637,320715.7857608272,319935.97115268966,319676.5353001049,320614.441040032,321707.84375,318369.7067034446,319039.2536285892,319148.40038935747,321958.665864639,320959.88067206874,320871.74260606524,320656.0498749209,320940.4954585597,321478.4574693634,319442.75,318503.89859944454,319623.3068511475,319196.4956274527,321091.47921803675,320730.55721626565,320655.139388487,319673.98769528157,320274.77185296104,320565.38492945954,319442.75,318498.1295632848,319476.26351235335,319352.4524726907,321225.07662974787,320859.95863550436,320871.74260606524
2025-02-24,323037.364,334814.72,341426.79466093157,344253.4638698845,336247.8963425546,390033.02368,337669.67639883823,349080.385375246,341873.95914247085,374165.62,330042.00425130804,364170.94,329941.28068004624,337344.279815008,333736.84375,368010.8125,347520.7801144192,333736.84375,348187.880272089,348168.0450565793,351311.48897250276,368010.8125,345135.13796123944,344354.9084280482,346485.3355861642,344394.3512643994,344682.4836557288,346268.1066976371,356287.0092809588,356440.17400405416,356241.6589840407,368010.8125,356476.34004109376,354253.56598045793,357148.7686669158,354054.6475074119,353256.498143396,353577.11261935905,352871.9688267947,351181.2014993048,351938.1124169158,368010.8125,354227.73695950897,352741.18377580366,354792.1766074543,352794.7891872849,352075.4350892077,353211.4102384067,350511.2547198865,349186.6513892954,351572.4100359634,368010.8125,352103.16508212505,350405.67358147126,353160.0828574543,352032.59543108696,351060.7360031165,351766.5942335895,349466.951832213,348022.1420771125,350174.494857392,368010.8125,351313.78149811155,349779.26786216244,349771.27800037374,351687.2166283331,350807.6642019435,351766.5942335895,349007.53173715505,346598.12721154094,349633.9519671055,368010.8125,351130.2445067382,348799.4519222072,351762.16767888283,352023.1909627908,351128.45339894795,351766.5942335895,351307.78448731976,346731.5553248027,351805.5827441839,368010.8125,352856.8868228119,349103.1937489638,353804.38473834435,352315.63795597095,351333.8351647846,351766.5942335895,349673.91660448,345918.59952435317,350351.5438241238,333736.84375,351998.9619566803,348562.76469131606,352303.81479786814,352262.3706548692,351275.0109657656,351762.16767888283,348957.95780757174,346658.20729247015,349221.95838279964,333736.84375,351417.1063616284,349145.70107800676,352486.6659883444,352348.9917683281,351363.49727694853,351762.16767888283
2025-02-25,342063.981,340231.03,345633.9963024514,332395.67782718805,342067.6857121978,379642.9544,328520.5104737655,345668.42497604137,333762.36277988093,353801.84,330107.31845180306,332850.2,320294.4534113054,330840.5616039549,325548.15625,319582.28125,337396.49639590585,325548.15625,334643.3019950149,333404.1546227715,335093.6481615477,319582.28125,334391.5031602991,334403.32501312485,334788.98561982036,334032.8269242681,331886.2734394309,334073.46997336386,327871.32694721187,330259.50310883764,326170.96803712606,319582.28125,326229.0646442019,331334.53494918515,326626.58675986726,330051.51913667965,330977.996190137,329770.7081003435,326955.39001050405,328833.288218846,325732.70918359084,319582.28125,325746.4902873524,329350.7357282663,325815.44635757216,329398.7322021783,330594.3552720675,327826.5703908196,327840.1618604415,328514.2923226469,327497.5115503435,319582.28125,327356.0844508759,329380.7397774176,326099.5356432864,330030.36823633907,330857.09264290833,328327.7626385245,327414.1550177111,328390.9563606335,327291.3364538561,319582.28125,326898.5431368797,328491.67779167026,326600.7278909914,329770.5698992134,330672.37042914995,328959.56769804837,326377.7725904959,328022.4499573215,326627.19073006907,319582.28125,326050.9924912979,326941.30075320683,326451.0043932864,328433.6549077985,329133.73952612234,328327.7626385245,326364.90252974705,329267.4902624974,327435.5752669375,319582.28125,325968.50086701603,329462.78625469253,326017.19160986727,328215.9439293514,329311.5887770261,328327.7626385245,325474.66121772793,328632.5537556365,326129.75145855465,325548.15625,324969.5673713229,328553.15461416356,324970.2913122482,327952.443695457,329145.34958933655,328809.8442003434,325404.6943701566,326801.2863176907,326039.31973486184,325548.15625,324832.288022576,327330.0215251161,324338.4862527244,327866.1548103997,329108.2266606535,328809.8442003434
2025-02-26,327904.77,350371.44,351462.6724142222,340559.32246904966,349348.8223538235,358901.42159999994,331339.64937933924,353041.89004203794,343620.0879699305,355567.94,331269.34582181094,350479.38,317883.69664525514,338238.666877047,338397.46875,332095.40625,342838.48003816773,338397.46875,336454.84076681756,336794.44642174774,336876.3844800415,332095.40625,334375.15045224794,335673.1413563817,335518.57805229083,335348.1398463021,335232.1399872822,335912.8310539953,335518.65093493654,336190.9623531553,335695.395689302,332095.40625,336148.0672318445,339570.08445093903,335646.72688107984,337810.74817715253,339333.07011154026,337877.9457731352,339717.0205415661,342260.04398904537,339861.50039463065,332095.40625,338432.74497857847,341994.9515748064,338273.00813107984,338749.16784221627,339410.84052024083,340052.91874670784,340227.6236627474,340374.30499177094,339522.0659694788,332095.40625,338710.94994894415,340356.5871345302,338273.00813107984,338692.98768508947,338651.2642264033,339138.1554525084,339183.57438986975,339102.3493118726,339822.16418376454,332095.40625,338236.3579894375,338303.34668529476,338573.1063453656,338378.7840962149,338213.2940286497,338231.87982771505,336922.8386614664,339470.5686290205,338165.4478763203,332095.40625,336056.50097247434,339200.31694649835,334902.75592720835,338670.34133139503,337849.8921405832,339128.79570403276,336850.5928900478,340293.8452039338,337329.3570038531,332095.40625,336457.5663798532,340509.61991991824,335613.7003335386,338747.859183828,338292.92553561943,338302.06458004116,336079.62705821614,339544.45167436806,336754.0281348055,338397.46875,335514.2525279353,339342.7747706637,334507.51868726185,338591.29161377175,338113.1010949816,338302.06458004116,336271.28447136877,337746.90672296216,336855.44734217424,338397.46875,335527.7202072868,337892.5959362255,335144.9305528121,338549.4877934186,337981.94371975237,338302.06458004116
2025-02-27,329002.254,353597.1,350315.30154630344,338416.98912675516,344498.74970659305,360107.21884,333215.80636830494,354063.6323355411,340318.08412362036,360395.9,335334.2583162277,314658.28,316727.93897013477,339791.75213949924,319414.09375,327462.84375,339221.19668153196,319414.09375,332528.93704031134,332974.5987478941,333719.1606945422,327462.84375,337333.62366203836,338097.7123293137,339030.91378457966,333591.37594406604,333034.3512901476,335682.74294388335,327797.7171390086,331742.4926642805,329990.37731967965,327462.84375,328225.2419049541,336480.01185714453,328447.2894528522,327764.20236916904,332406.10613306245,329764.3743686201,324030.92514448403,332469.5079721468,324631.8334292815,327462.84375,324277.87765582005,337667.93543301197,323753.7300546365,326890.8802497464,332543.1565924717,327227.80730999506,325313.52764852514,331360.55227141303,325266.58045309095,327462.84375,325438.4522123314,335602.56538494735,325756.3212244568,327174.5603852836,332399.1419972971,326774.34205779014,325850.71794806106,328784.08611438726,326251.150789578,327462.84375,325879.9103061993,334249.60379133583,326366.0622958854,327016.51211133244,331943.9652425207,326774.34205779014,327191.74850705126,330906.2252049515,327326.36442328343,327462.84375,327655.0746873053,335217.7365951894,327717.55006511905,327998.4670440666,332993.2470823516,327560.5697223898,327411.41649602447,333261.68096802785,328086.2337502076,319414.09375,327728.74367286754,334127.5114682657,328455.20326892217,327955.3062295362,332846.3684617376,327560.5697223898,328283.4398923841,335593.3402102939,329439.4877717831,319414.09375,327971.9191921106,336615.38382769556,328541.7530721386,327962.94516125444,333570.27952887345,328430.22855256946,328902.8198729649,333575.6612618092,328697.74107397796,319414.09375,328064.557564744,334390.35010595183,328385.477252915,328081.921085902,333400.54746679025,328430.22855256946
2025-02-28,325590.739,390258.0,381153.2092531483,353276.6545602013,374690.74187941465,387977.46356,355870.0302742979,360918.6354969037,352234.314139464,376279.3,339895.183895451,351515.8,329257.30780925474,352437.51960322954,310779.4375,317425.375,355597.933198091,310779.4375,347406.5361280597,348280.02134582994,344829.409460504,317425.375,344393.6346396044,346586.1906191184,343476.1736074169,347071.1595369429,347105.52063901216,346912.57443598815,335012.16926364956,347783.4101767733,335263.8133602509,317425.375,335985.0527856003,353363.1067864182,337489.48725924775,342998.27307705616,353306.02234705345,339611.81785051443,329589.0204993209,347346.098416369,329946.9471496193,317425.375,330540.8798783458,351357.7822051864,332708.43344221474,337353.9767506036,351999.58913614496,336631.54591883824,336026.6855921335,347079.19374299096,336799.53800389543,317425.375,334513.8111034501,352369.29038394603,335613.2283084407,338308.52724812285,351194.6908105479,337065.10738297406,336968.58573427657,344610.8885514966,338186.00211796444,317425.375,335887.5500290654,350731.9921070057,337563.1177943791,338592.40977451793,350769.72409460583,337065.10738297406,336638.4473445993,342014.41539086675,335454.55558594584,317425.375,335556.2578789471,348484.23980613105,333303.27840521757,337895.85382807656,351902.15164494,337961.33174512244,333210.7471596338,341916.79411146825,333494.01761869097,317425.375,331845.89907367504,344431.270402046,331623.0643945957,337370.41074998066,349299.5906567993,336337.9775784558,331395.4762214404,344733.80537705234,329920.773966086,317425.375,330061.96002094774,347504.2417619604,329673.1749086573,337043.3030327769,349832.6700562614,336009.2846844145,327727.9660893237,341161.792305551,326583.83398974803,310779.4375,327095.6605012258,343284.057361964,326663.3566279216,336407.7363244453,349132.6421497952,336009.2846844145
2025-03-01,286562.955,352001.6,327570.53600387054,326344.9279484834,326819.1459375144,355005.78732,322403.6787654975,327303.79141879885,318642.56227505207,336044.16,308142.57538257324,267841.2,299826.72214179835,320541.7494329259,296543.25,290682.53125,318380.9463584343,296543.25,303447.45869523025,304850.7213902934,304428.11511749355,290682.53125,310891.38551130425,317219.8347401486,310991.88716555893,305655.22761457704,306229.4930034777,305049.2854489486,300601.5636277993,309833.4629035516,301727.6299319986,290682.53125,304064.9884931926,319842.5041280268,304919.78797161067,300689.4988022839,309232.072185429,303044.91504431417,292300.8817249983,311085.50496004906,292885.2033466806,290682.53125,297945.0557499968,328162.40234138886,299409.5637887566,294559.52595051937,310084.6314666937,295447.56065225624,294105.88048171933,310042.8279145459,295805.15870382346,290682.53125,299402.8052728814,325864.2677795786,299805.55680022214,295537.3194783618,310212.5109423891,296610.9443544529,294610.0472194469,302732.7435793647,295548.9063410888,290682.53125,299277.57184485404,318627.9526347201,298717.8737645078,294827.9906206033,308398.47994343046,296610.9443544529,295629.7595127944,305130.04061786074,296240.59636533767,290682.53125,300313.23341259523,318146.589326074,299961.91261649824,295493.4111014058,309881.5357566123,296610.9443544529,299628.6782869757,308601.09881808364,300851.52199286263,290682.53125,302206.9969469081,314678.78312144364,303049.7175467947,297040.7173448111,308800.54885950504,297908.88773169176,299741.4810892083,313382.9002020364,299428.29784209264,290682.53125,301947.2066878505,319142.9349361982,301230.5003845592,297871.61568233266,310646.9704944092,298276.62124025903,301179.44458338467,313127.6636628382,299618.9768977497,296543.25,302460.5056353465,316070.79395390855,302597.2652655116,297925.07859517,310471.5079821073,298276.62124025903
2025-03-02,287697.592,342941.22,322923.595093935,317131.0999216065,332283.7290373652,329790.24844,334943.87031955126,317893.52621112845,307517.8962124635,339770.16,312989.6034427714,314906.78,304677.6896748767,315485.1677253634,303698.96875,294596.90625,319436.6971552707,303698.96875,312440.5258710964,312807.6715691724,311663.0404162735,294596.90625,312723.7820706308,314827.3636989937,313459.56979336747,312743.17114726134,312956.24052894016,311389.8925462882,309350.75265533465,313615.6882616281,309535.75715809903,294596.90625,309336.1818102503,316409.37479819596,309110.66903545207,310407.09004277666,313424.21148532367,309826.2280812837,304449.4272522777,309992.82184104214,303627.97608706256,294596.90625,306428.32947588526,316680.63386723865,307139.08666767075,307064.36373135226,312999.64874505094,306715.14165209496,308289.8002433166,313095.7008373293,307405.2295248136,294596.90625,308371.2543859562,315437.664539788,308127.1303875588,308336.26324919646,313203.0169404056,308251.3631270929,309740.62339113926,313860.09342499357,309248.2091530408,294596.90625,309141.8830579876,316050.9738093015,308127.1303875588,308725.1626453381,313495.29236937297,308684.79467471194,308473.9732917852,312946.05985042825,307793.9726494635,294596.90625,308236.70086151356,314640.9097525723,307693.69883993967,308632.0691463577,313153.511252387,308684.79467471194,307810.1951048892,312541.4339742286,307999.52367329504,294596.90625,307418.6581184761,312834.51947269443,307899.2498637712,308123.6618511911,312074.93552776414,307590.98437556025,306924.9791084047,314430.74588004476,306643.64364388323,294596.90625,306737.08592262026,314503.35314892576,305576.2329295975,307532.8478990891,312141.83194430114,307222.6411622204,305553.14342967595,314009.57523424126,304700.3902061322,303698.96875,306046.00938367646,314166.21330227563,306009.66447721655,307403.38379446964,312072.43354416447,307222.6411622204
2025-03-03,327104.247,354591.28,338385.296702922,333827.8777357559,349355.03986999916,373427.13535999996,370256.62747382175,337963.10714906454,327894.65373648494,364786.7,340872.2289587715,313914.1,335001.92811863753,335457.7167092027,328536.0625,328298.03125,342171.1845376441,328536.0625,337350.6183458909,336875.14010371175,336944.72187080444,328298.03125,334748.96566897095,335223.56232840515,332994.00437329756,335352.3521577382,335791.3694472406,335576.0080731123,335912.26476562594,338111.00000254845,335642.9777053844,328298.03125,334979.4099082664,338260.1034086113,335696.1906226946,335062.6735019843,336379.8127941508,334988.57157507556,330205.9936817477,336791.2019662273,329524.7925030949,328298.03125,329429.5746282782,338951.614703773,329983.6527828971,331067.3650225835,337332.7127993003,331194.22922506905,328408.969464405,332213.71221193933,328577.1031350041,328298.03125,328318.17910161277,334012.9137836839,329213.99318563094,330265.6550969703,335573.54972694046,330520.61464173574,328923.91145126784,333052.30028519453,329175.8744544694,328298.03125,328380.18302976055,333724.8717181445,328517.70895944047,330595.36804042116,335598.4749880997,330520.61464173574,329990.34390171303,334951.22510795883,329175.8744544694,328298.03125,330367.8462417622,334334.1807267633,330921.14862056845,330770.48699929577,335697.10582955176,331108.05113977246,331447.8551151184,335619.67255163594,330327.63439632347,328298.03125,331600.66216729715,335176.7922414505,331093.80697911564,330959.3324858096,335435.7902217809,331205.56404649763,331385.3443468952,337742.7130065835,331465.9431278688,328298.03125,331105.11433139024,336876.8494180004,331227.93312167824,330825.044461061,335426.8513850393,331205.56404649763,331694.8539567981,338586.1270151394,330921.5026516783,328536.0625,331211.7276880035,336847.1903217854,330161.12392324605,330779.9747283006,335435.9974518243,331205.56404649763
2025-03-04,318104.395,351122.5,351132.94938249834,342685.2516202909,368047.9337388254,358996.39736,395525.9619731407,349178.02720113023,356341.08790052705,363299.8,331809.4246199706,332012.88,340184.71397611604,356231.87950455514,321129.71875,325927.46875,349575.06681847025,321129.71875,334262.37884736044,333732.95379576855,334145.23505056533,325927.46875,329720.1514800041,335198.752112043,330263.8376728947,329928.0401631637,331863.61580126965,329053.72249334725,333694.34577032964,334819.2478836636,334263.4444930443,325927.46875,329292.89921493863,332739.6338709473,328815.5700942982,329565.9956637221,330948.6755477551,328763.9412433472,327957.24547356716,333832.87035296217,327511.536314294,325927.46875,327115.67582872795,331488.7055131526,327334.70087953063,327483.34770649474,333780.25871465635,327045.2686414202,327240.55629919155,329549.23634207126,326836.1805823753,325927.46875,326620.6771270032,330041.04567836534,326598.0281833263,327209.304950294,332254.35270511627,327335.0498914202,327844.9512820069,333681.52754331345,327634.17024286534,325927.46875,326892.91669486166,330101.500900737,326887.8094333263,327284.4329556181,332757.6450428077,327335.0498914202,329235.7897668375,335544.8198688124,328142.72766524495,325927.46875,327562.8615597375,331791.05635486747,328303.39856886957,327305.0137115112,333105.01663367223,327335.0498914202,329478.39234173286,333604.6292438649,329821.71789221687,325927.46875,329658.68833966606,334523.4284816922,329062.71853964956,327251.4969800751,332963.8510910608,327335.0498914202,328918.115109396,337567.9630546482,330110.5087698661,325927.46875,328436.135115464,337013.0134947795,329014.1886961454,327303.07938699686,333456.79104745405,327335.0498914202,328163.2513981555,338438.6714184026,328164.03555558034,321129.71875,327933.6679185444,336766.188522424,328936.5411170081,327203.8903319149,333328.10399478476,327335.0498914202
2025-03-05,282368.209,329943.5,316559.0043655241,324031.068958038,334398.51429127634,335082.81116,343949.58388454595,334964.86640626873,324181.8824483121,345070.2,312186.873722068,317656.34,307041.4570609191,330580.1185392694,311548.625,306569.9375,324917.6516390815,311548.625,313973.5657114573,314189.8976586942,314359.39230094245,306569.9375,311658.76178178255,313526.6429263098,311545.53421574854,312163.3869188224,313500.8279812196,312391.22046062705,313182.7989804034,314082.3206606506,312701.9603986419,306569.9375,311175.9722621067,312872.508874211,311017.6101086057,311741.2072646172,312910.8052578823,311789.6367726122,310723.74022426514,313953.4652956907,310475.48220696714,306569.9375,310263.28979157866,312832.6013799185,310238.40184982424,310722.31723424915,313929.45687053114,310416.0264205908,311560.8878360103,315141.8576699591,311701.9327922986,306569.9375,310900.1905830271,313572.10995319544,310936.92832801293,310995.5502908534,314451.5241862518,310943.95052773366,312060.39885864244,314670.622351073,312005.49113553856,306569.9375,311154.15611469,312701.62205637904,311174.0086851558,311039.79738507257,314059.20738846937,310943.95052773366,312753.50414899,316319.2907945867,312563.80803897034,306569.9375,311554.47348934424,312632.0699232653,311441.48183858756,311128.9290159445,314151.10137691785,310943.95052773366,311873.854186402,314689.04462679743,312115.67521073495,306569.9375,311264.8115808436,313116.76581932674,311002.6484250207,310986.0732409615,313649.1432610792,310943.95052773366,311528.01537757285,316686.1725370905,312418.8560553011,306569.9375,310470.09155971406,313431.9175175144,311507.1363797695,310905.1542614122,313769.101475242,310943.95052773366,311346.89584003674,317569.2366571782,311142.6330488975,311548.625,310032.8177764471,313805.3557917657,310905.55269175465,310868.3688561091,313673.72617591184,310943.95052773366
2025-03-06,257196.062,300176.06,299356.53965750575,285831.7884546584,309202.3120436978,306407.18888000003,300798.9937074565,306822.03580990917,285807.5430974446,313028.12,291387.37840160023,286950.72,277042.74756676645,296035.5562148454,276717.5,273641.5625,293947.07017225894,276717.5,284150.60324475146,284037.31416583224,284048.89357213833,273641.5625,280258.8644711026,280739.721547772,280565.22716236196,282458.5993918488,283110.79683921335,282401.77808156196,283302.7679431823,284087.0719662997,283413.96968608047,273641.5625,279982.37698145345,280924.8585712144,280077.93103140953,282150.8374482835,283520.63980643905,282401.77808156196,280119.67131621315,281413.825225723,280154.2020458409,273641.5625,278468.23868875,279216.2178851336,278241.38011220953,280787.238422384,282414.4454656687,280711.70037664764,280645.7042606091,282996.4381858411,280435.6345764953,273641.5625,279060.15545187553,281043.2002754278,279655.3920169714,280824.44168047636,283013.63940512884,280500.4308694287,281453.0227805489,282363.91674788157,281069.4039217334,273641.5625,279769.9817660744,280456.52716183185,279655.3920169714,281069.2164885785,282570.02894670167,281345.46972188575,281851.203412243,282657.5663106878,281714.68716488854,273641.5625,280315.3849291674,280896.4178456725,279801.86523125716,281153.5886565294,282392.07912761654,281345.46972188575,281198.5114975594,282570.5657432042,281080.90082967456,273641.5625,279487.49537366634,280360.90708360117,279065.5051774393,280963.9391418297,282033.64625206374,281345.46972188575,280844.50230167166,283068.99333208613,280327.8982556672,273641.5625,279239.05985790386,280914.4017278524,279064.3506366196,280961.93983142683,282146.11846922146,281345.46972188575,279096.66545060487,284302.74503559526,279849.78018713696,273641.5625,278233.40305084555,281685.7168777847,278230.73275130824,280650.98696137767,282210.52898695815,280013.13473847625
2025-03-07,259704.676,265304.2,266922.976837937,264819.9873876093,275662.64247484104,298630.34252,273245.7691308589,288730.74993218144,270146.68230576755,289969.97,276483.56358284585,254627.25,263362.862040286,277899.71997572895,245829.6875,239822.640625,270097.2687042037,245829.6875,258025.73513782158,258120.5645524964,258272.23914791158,239822.640625,250092.3445748684,250604.63225703812,250400.61260901092,254331.8728051373,256085.67830603546,254178.1789323772,256293.41537311507,258134.87450967747,255622.1809171756,239822.640625,249916.65082229927,251731.821759742,249695.63121020136,253918.41671380214,256510.10387033114,253473.19753356767,251377.54907315475,254405.54586238932,250986.12341081744,239822.640625,248776.0467081503,250854.7951239485,249409.58135901092,252000.4131159986,255346.23240390385,251441.38944628928,250098.9563528082,255724.32717001735,250350.86702173256,239822.640625,247532.08487887998,252179.55528449724,247195.1459880256,250948.60049478826,255783.5488295437,250686.6624602014,251795.8319998292,253940.0726979243,251341.8982717325,239822.640625,248982.01421822433,251145.2072830352,247900.1273868351,251349.80731717142,254966.82776704925,250686.6624602014,253188.71430925434,254559.50527137108,253506.58805543947,239822.640625,250465.04200446414,252349.7187770589,250350.86702173256,251806.56927330804,254878.90349105472,251391.6438590109,252680.64369451033,253615.47984630975,252948.22964329895,239822.640625,250231.6633878302,252051.83275831133,251052.8983986509,251634.87208872457,254687.73581544613,251391.6438590109,251656.05567605095,253539.19693616361,251355.4602299576,239822.640625,250143.2520555903,252569.87731172572,249723.1216882909,251699.7240167791,254602.6858037797,250686.6624602014,249273.3557718999,252739.76577408335,250475.85031433788,239822.640625,248311.04015498573,252221.6243284954,248146.89272828164,251256.54495750484,254512.51329182286,250686.6624602014
2025-03-08,207975.263,233078.83,226576.9182100954,236642.71361404387,221183.11885380247,216283.03843999997,202432.6506009492,249706.19224388225,238102.57515596523,235205.7,234022.3116958119,229274.16,218239.18561452703,241434.484748322,208027.03125,227213.03125,227828.1292784933,208027.03125,226416.25127169065,224971.5993837769,225965.47752539272,227213.03125,226411.726256574,225470.1005903356,226623.6636521815,225607.1727967199,222783.19572204968,225769.1799063451,225191.2926287275,224504.13414033048,225207.14323003983,227213.03125,224421.79509586951,222055.80699390377,224531.3094089255,224464.47149241137,220418.1380392721,224266.1932609076,224800.8761920121,223842.95013240038,224590.44471070817,227213.03125,225084.8538259546,225969.12518441206,224855.56085872606,224597.0804135392,223218.91117459803,224266.1932609076,223399.5910294861,223031.4176755979,222900.368932735,227213.03125,223464.10292095208,224399.3632861969,222866.1129288643,223970.6863168584,222045.67298929254,223941.94181110704,223744.86603841605,224267.21658318263,223322.7691920594,227213.03125,223472.57528080663,224354.03155695673,223715.83917083027,223953.21051350317,222609.6181053043,223941.94181110704,223967.86302791134,224823.10973388815,223420.9180015832,227213.03125,223342.00200056488,224305.64967968225,222900.368932735,223946.20499149492,223314.40214329006,223941.94181110704,223288.9971982465,223849.55199986952,223745.16945138376,227213.03125,222264.35264161555,223492.02045786983,221559.4239024744,223786.03974263175,222935.02231546422,223028.322763488,222713.16824907134,224874.79527915083,223659.06057606929,227213.03125,221606.01513197558,223881.43261958144,221947.56815792806,223741.57254955627,223541.48070882354,223941.94181110704,222586.7746160964,224394.97051001212,222299.67525434503,227213.03125,221526.1698692061,222926.4529040136,221922.20278410695,223748.95895946695,223269.21326394088,223941.94181110704
2025-03-09,217171.966,208762.17,206152.29873175063,211701.2885003508,203997.22126478475,208517.9134,198951.39401539206,228004.65714490006,206171.23136801337,216632.34,227996.43726588978,217984.0,204834.3131700909,216623.8296081798,208562.375,212858.953125,211850.02854795678,208562.375,217494.49990821315,211401.65887462793,217097.70231406373,212858.953125,215423.19241106618,210507.493401005,215372.5364137409,216561.85222074913,210022.74848599173,216227.47689954427,216706.73649564985,213798.88491855684,216807.3732906782,212858.953125,215285.00038366573,211113.76608093857,215644.7201823547,216567.64594734897,211312.56301354597,216881.78638029657,216267.08495122805,214380.22378955662,215842.4908613501,212858.953125,215548.2457971954,214452.04457765556,215644.7201823547,216482.13410953182,213210.74864309104,216160.95380215897,214092.92286387022,212766.00447477348,213793.85710941284,212858.953125,213824.03888104795,213473.95231517317,213998.45606774616,215362.43522112299,212726.8981237135,215440.12122402136,215610.1649413104,214465.68309028324,215246.83924112187,212858.953125,214571.37595156336,214295.9406365419,214486.5557701271,215639.3819962593,213158.8691126841,215684.17107521184,216059.87009263627,215584.27474836988,216211.72167044994,212858.953125,215104.16970823237,214899.2774126224,215002.78938993136,215773.57603764773,213698.92581694195,215684.17107521184,215971.45598825952,215263.1963661802,215967.67181925947,212858.953125,214742.16244009603,214793.93985217222,214825.2626361262,215787.76441644254,213728.04122153827,215684.17107521184,213446.16843329946,213331.58923677256,213208.7565836126,212858.953125,212942.24136823893,213337.38733792896,213273.65553632623,215690.32891108817,213655.06660336157,215684.17107521184,213006.04469009675,211627.34613627396,213461.08784984623,212858.953125,212604.78888131864,211760.29800479722,212371.53432422003,215590.40541164714,213378.99352851513,215684.17107521184
2025-03-10,237629.171,215299.6,225815.46342465797,224882.55990690438,230627.2200458958,234338.16968000002,226127.00722552522,247477.97171042458,238432.7442678231,227023.77,264620.71887493617,257439.53,229021.38768066606,239239.3967119641,229851.234375,250384.875,236038.7759685865,229851.234375,249055.60865388997,241530.21947665268,249184.36880885164,250384.875,243706.66552941073,237130.01464589091,242742.9554120573,244909.47786970646,238075.917795116,245793.95631415927,249078.41241413052,242887.69315175572,249362.73429316463,250384.875,247145.10556394377,237193.83538186815,247229.70984522597,248005.17160557664,238246.0824868212,247607.71208926744,248672.88959592706,244200.8377610051,249071.22225829575,250384.875,247461.3762732718,240134.65999725807,247907.60717260384,248017.87122011528,240220.62992886477,247607.71208926744,246559.11082378152,239842.84274612792,246551.812517848,250384.875,245814.5298291332,238379.95739894413,246551.812517848,247109.59384457237,238945.31270583894,246251.91743451165,247950.80538869713,243331.85271731333,248237.51788094023,250384.875,245038.36025797224,240989.93321513367,243878.81385978757,247014.8456661163,239900.0243767129,246212.40092525765,248267.472960094,244146.50935045155,248573.453892845,250384.875,245500.3695356683,240659.8977728496,244892.6471990702,247064.95599140006,240103.2036923353,246212.40092525765,247474.69554874624,242878.7935630819,247023.12192412614,250384.875,245035.86896484293,239944.92696609738,244892.6471990702,247133.7310248025,240121.94388247875,246548.33693716238,243620.46538975532,240243.64616277913,244283.9816073316,250384.875,242772.630866536,239998.26112011942,243539.40226719715,246740.03534206204,240166.26433496195,245234.6085145434,242807.2586494604,237293.35087595956,242351.84262405697,250384.875,242297.59812974848,238086.09299414582,241013.63563266315,246738.3083563532,239985.42347153273,246212.40092525765
2025-03-11,253409.545,243924.61,255890.67254353114,246190.8780132349,253881.0290291549,242442.80939999997,251951.6020382063,263355.93624379137,254952.4696014896,244880.14,280550.09857801546,259149.12,236546.26790172997,253724.74753673593,247598.796875,244082.53125,251941.44760072595,247598.796875,256388.11026302053,252838.63660169972,255831.54285720468,244082.53125,250837.86204333894,252544.80454952765,250430.46191876102,252705.4356194036,253347.5356905634,252167.0127439046,257522.41465752525,254104.39054995417,257893.44743734965,244082.53125,254361.5015868079,250837.4897552415,253937.3739173846,255672.7863712528,252109.04765407834,255673.9247425282,256845.88151318143,254498.71110386384,257637.8855697447,244082.53125,255018.3692527274,251629.23127323363,255506.48352229013,255892.95988380947,252281.3462547152,255673.9247425282,251391.91315444704,249400.90202834582,250947.24413677532,244082.53125,250552.19254457174,249323.1056182105,250296.83104685933,253202.32549055194,250779.2665233349,253769.9326971465,253782.6059543436,252276.11254642648,254185.75240771723,244082.53125,251483.58471657283,250650.8283929294,250822.85942908458,253601.9442284055,251340.91866342997,253769.9326971465,255047.04568125622,254195.27832979572,254903.20925295533,244082.53125,252774.41908812025,252127.71738411835,253635.7367827172,253882.43537633115,251803.69311296917,254487.3895423846,255286.66356829283,254077.0619441489,254286.14987263316,244082.53125,252987.47673288977,252605.09321643793,253276.86709946627,253990.5357251569,252015.7598587399,254487.3895423846,252042.02925240068,251881.96132979853,251365.35496479887,244082.53125,250688.29822846258,252247.0929799094,250822.85942908458,253674.34165726946,251997.9215605249,252391.96903399006,249570.20962002676,249621.4889740154,249473.6397369663,244082.53125,248995.34527842893,251332.48344941996,248931.14420125197,253656.7570301423,251832.209405741,252391.96903399006
2025-03-12,258208.842,247127.53,254211.52913379623,254932.4584550986,248403.18611320754,241599.33556,251287.25551123134,267293.4602779856,258525.0210495576,243193.12,278876.4088200181,268229.03,235978.2755018759,257468.39659980044,241477.34375,251353.34375,253330.38013483808,241477.34375,255071.64574220544,251495.30586810262,254985.82538092887,251353.34375,249716.32409222698,253482.39082231038,249851.5271210156,250807.1487244434,253194.40383110516,249589.66672824777,257790.28712058917,254790.13499376565,257369.40054167653,251353.34375,253613.8036418728,251748.28625996353,252571.6862277118,253775.91587942542,252177.4491617095,253882.30837390313,256407.4009977064,252784.02912621544,256531.46640732881,251353.34375,254167.119597075,250884.46730764408,254144.16876667095,254249.16618928328,251607.8477726158,253882.30837390313,253571.20655872428,251878.32831703554,253104.21565072154,251353.34375,251991.66975377232,251356.43010877862,251993.210188574,252846.43685021723,251581.97229669214,252571.6862277118,255455.07199692688,252124.6543550851,255714.64483476532,251353.34375,250765.4262128331,250502.9193245453,250021.89999494224,252218.6847110804,251446.0862568952,252309.82583494397,256218.4102580733,254373.1864715785,255714.64483476532,251353.34375,252033.82985095278,251964.20586158382,251594.38253390143,252508.44958481012,251833.14104801643,252571.6862277118,257331.25900190623,257159.15059331676,257828.87114762334,251353.34375,252918.2013799947,254396.1017817273,252397.9867005681,252680.19319225708,252375.78531183087,252571.6862277118,252793.49059620645,253527.9621337204,252405.18285541932,251353.34375,250237.16022307827,253098.72540922748,250528.91797446692,252304.976512667,252244.97970316486,252571.6862277118,250883.6988946569,251276.37490781682,251159.20671550988,251353.34375,249326.37482218468,252425.48561479134,249354.39989417064,252246.358581766,252103.91395699768,252571.6862277118
2025-03-13,300592.383,291715.75,296353.1035816643,282707.0740073793,284935.44839569065,261719.43675999998,299005.61189786723,290137.2446666129,291855.27888754377,283111.4,316193.138092402,270291.47,271427.4352664462,289057.1698624543,277530.4375,265644.1875,284778.9460945374,277530.4375,285567.45623636775,284960.054876824,285553.6107624732,265644.1875,280551.5875698114,287593.38628964935,281580.8296473133,282126.83842925273,287061.08910147514,281596.05605050887,284620.25822107564,282420.0194085144,284516.63375294243,265644.1875,281434.79186867224,281999.1415281939,281917.1280108788,282382.7609307016,282080.3977540959,281917.1280108788,283482.51701963594,281163.4434078409,284295.3346457996,265644.1875,281348.6791902016,280898.87985711393,281917.1280108788,282199.34929391905,281553.07189612667,281917.1280108788,278021.90166601585,277395.62310580007,278915.1369703327,265644.1875,277800.07393754425,278179.8559133965,276536.93033541203,280291.781746847,280475.7000872124,279510.03512552637,277957.72902245604,278470.34697661997,277200.82765684056,265644.1875,276055.42457468493,279577.5014388636,274901.9220587687,279349.1773015526,280403.20582478755,279510.03512552637,279655.21625071537,280246.7783373846,279898.5396961718,265644.1875,277917.9982838648,280542.77019647264,277545.5404544596,280005.5830407221,280787.6948299768,279510.03512552637,280480.6210980175,282244.81584813405,280119.83880331466,265644.1875,278680.2044558222,282404.7462228066,277545.5404544596,280125.224197507,281325.42177156155,279510.03512552637,278606.9292925345,281573.5495865789,278496.4242766714,265644.1875,277565.070409672,282607.44524646626,277599.6340980999,280020.8875384235,281497.5455645595,279510.03512552637,278508.3890329899,281945.20520979963,278787.0434306501,277530.4375,277663.18305233144,283257.017526831,276654.87054996955,279867.26331576554,281608.02528619464,279510.03512552637
2025-03-14,307909.377,311505.34,311847.943058218,316573.3883517942,309794.94278989424,275224.1648,316550.6594119348,310396.821534837,313619.93435178755,309915.34,306501.5046638386,296488.06,288380.33824125724,305544.99918964057,278303.5625,291404.46875,302803.43184288015,278303.5625,292336.47594083234,289913.07047455234,292741.5258029476,291404.46875,290094.4152783206,291466.35564372706,290774.91397371714,290315.31095115305,291676.242793759,289576.1610377602,293564.15760105423,294026.67418832186,293415.3873849917,291404.46875,289973.7591719853,293114.884674489,289237.6890175806,290833.7769076355,292107.1232780331,290488.02614573576,291784.8055175646,292114.5863740983,292948.29028767854,291404.46875,289825.66003021545,291978.0234116076,289237.6890175806,290757.69782428764,291892.8851363696,290488.02614573576,291570.43057273235,292060.03578173276,292853.23649416247,291404.46875,289940.79759046744,291547.537454704,289766.48790263594,290757.82692841,291955.1994610843,290632.0323604378,290505.3556510821,292671.7189743762,289678.3712019769,291404.46875,289494.06032897683,292897.14809402,289534.36498727486,290293.6152191699,292123.00183011434,289769.11967364815,291174.9396886432,293004.04621725867,290639.3535669216,291404.46875,289949.75824456173,292196.7037298242,289773.424995493,290290.4514203632,292059.17669669865,290011.1955665053,291980.03122866724,294818.3443490749,292703.802119388,291404.46875,290580.7023564327,294627.47268792964,290495.34735221957,290387.49092784326,292372.8040624428,290011.1955665053,291532.81573623675,294557.8477655222,291212.73143218213,291404.46875,290784.0821407424,294325.4461056724,290588.87875361065,290320.4658710572,292648.7740830391,290011.1955665053,291140.69395112194,294997.6124612803,292173.2815040267,291404.46875,290294.73592580436,294675.77967203426,290206.16219408653,290303.815367866,292899.8120787004,290011.1955665053
2025-03-15,267578.325,283877.5,291917.35066642327,305041.49954650144,295137.165924721,266425.15148,282463.61115575593,287321.1305213078,288077.63088289235,283610.38,278491.6447798444,268548.03,261393.95020978322,288422.0759173328,271539.25,273467.28125,281715.5765723042,271539.25,273262.8593439885,273421.9042029252,273042.5389947071,271539.25,273866.6508840247,275066.25929978606,273856.7149266148,273652.43052084954,275058.93268445216,273856.7149266148,274572.81135420065,277198.35074789025,273975.25862757454,273467.28125,275638.6485459849,277561.62035897607,275377.9667440635,274528.922870438,277148.737289554,274499.39200994815,275098.7138396889,276422.37614459905,275286.93395675253,273467.28125,275413.0284451223,277047.39446851815,275525.4111383418,274508.7851447206,277775.05883758015,274646.8364042264,275223.6614172089,275791.2162350415,275230.5223497852,273467.28125,275592.5069787791,276822.15117610316,275286.1557321587,274475.1818697156,277483.1542434831,274407.58099804336,273173.11368991825,278757.8842013458,273078.8757913989,273467.28125,273254.7396872153,277793.26852123725,273226.3201856772,274245.77032924583,278040.3910652131,274168.3255918603,273148.1907631367,276790.1857063011,273078.8757913989,273467.28125,273510.58352270094,276515.4064224617,273226.3201856772,274229.37852985115,277595.61113330035,274168.3255918603,273796.6628925121,277045.61920264066,273083.881197582,273467.28125,273895.161020132,276871.7323547148,274104.8949197926,274211.65198533965,277712.9861619144,274168.3255918603,273880.9667809414,276170.51652861683,274821.66540217726,273467.28125,273447.9554249626,276351.45137715945,273621.78540597274,274211.2608680208,277621.35037646064,274168.3255918603,273026.55633097264,277188.17316276627,273299.10699485673,273467.28125,273820.9632930917,277308.1294817653,274546.7609346893,274258.2417149721,277722.56232387206,274168.3255918603
2025-03-16,270116.018,265331.88,269543.19786157116,292605.77289048943,271311.57009452843,277922.25399999996,284974.5165069628,278644.6499183995,275481.6681738408,285747.25,281691.7419073697,291262.75,269444.9381131343,283816.5230963895,277015.875,278488.09375,278885.5117541791,277015.875,277495.9462315991,281076.67914284806,277492.9348900472,277015.875,277659.678191922,282029.86486491415,277715.5952189695,277674.14476328087,283568.3632970959,277785.70087373146,280781.24929664057,281898.9166638863,281030.39908817085,278488.09375,278784.33986341313,283146.6735493856,279039.6402968411,278654.3987045926,281010.58824297896,278426.6442969155,279091.1937566093,278958.4239909829,279144.734092038,278488.09375,279089.43273683236,280187.1418985611,279464.11457195325,279542.7678356516,280588.89296361315,279890.06199521176,278588.41567781044,278798.2896695094,278779.5007720552,278488.09375,278132.152066542,278791.5757339674,278213.3420392729,279264.83968670387,280696.00280662836,278639.28946253133,279200.4029424153,279771.09481934103,278930.1537138595,278488.09375,278807.75844200747,280729.6236758501,278434.1006358391,278955.49416429014,280622.91816411074,278556.8404431328,281056.4809467207,280896.46292440174,280655.18408508797,278488.09375,280293.54296744755,281294.8713775575,280159.1310070676,279348.4793898844,280756.7871584577,278709.3951172933,281856.8094720554,282191.69851738814,281935.7714846351,278488.09375,281598.9227348409,282549.899487715,281865.66582987324,279635.7188465531,280998.82383893995,280415.9299400989,281279.6905982179,281924.10851864394,281327.4545203494,278488.09375,281346.4329578439,282265.372031131,281257.3488655875,279596.9450439267,280839.91486583714,280415.9299400989,278493.8343866305,278932.9939617027,278764.14191268827,278488.09375,278620.12895733176,279763.7264506757,278894.5754418107,279279.82353606797,280545.9815972117,278709.3951172933
2025-03-17,346166.566,327886.2,313789.06876990985,333013.8823633802,325034.4399264287,334866.34768,356113.4001612617,316253.4990893824,332269.251305426,353357.03,343169.3836578496,335472.3,336508.04692358035,336659.90827386006,340490.625,315163.96875,333336.49021007196,340490.625,340900.98165260954,336737.69291100826,340814.60482741374,340490.625,340584.51760397264,337628.0470211437,340690.4315494547,340310.16370900586,335673.1463624204,339736.1335135018,333713.0178770911,335314.5173989223,333705.9772635018,315163.96875,336806.3217092075,337364.1938335973,336055.9531245223,335958.7429814606,337505.8155239532,335928.3931884342,333056.77437599446,334463.2559253703,333516.89580525586,315163.96875,333023.2620894772,335557.6636858017,333426.45759016945,334729.5205541895,336639.5388299159,335291.30166363704,331571.22670593695,331435.977662814,331669.8231249932,315163.96875,332296.26041581784,333650.80140820885,333817.95157562534,334477.53396942746,334278.6419376596,335291.30166363704,327611.7820538643,327559.64226933697,327430.0823048242,315163.96875,328990.8685845383,330374.51684632804,328698.20206328895,331884.61319682735,331895.26028221817,331735.29455261654,331600.7427601588,330680.0560800466,330635.712958638,315163.96875,332525.27671905066,332530.4732313046,331903.8327171027,333026.08541152114,332619.1569837566,333908.3897907118,332951.0677264709,333146.6297143148,332936.36813282134,315163.96875,334008.24031333067,335355.1750626495,332870.896705198,333185.65347382985,333050.9467132316,333718.74321564415,333114.07191726414,333536.16185193206,332819.3000310775,315163.96875,333946.54333719297,334648.19533032586,332753.82860345417,333275.465557192,332813.88801429834,333718.74321564415,331066.5040469678,331347.3106985412,330582.1530893398,315163.96875,332099.38460610516,332107.276784171,332232.95078658353,332959.0264774259,332460.53090238036,333718.74321564415
2025-03-18,336596.919,342831.88,332723.89775075257,369404.6724560417,332849.3964618937,339904.52128,389314.2259288536,347359.04283601796,384367.0423483887,366882.03,338690.5669223954,343356.97,357353.26669358124,374294.0179022449,348150.53125,355644.125,354875.078788678,348150.53125,347216.96780028596,342598.98447962606,346750.1117967187,348150.53125,347534.15000948706,344932.1718717759,347163.83930507745,347227.96256242815,342803.6349191959,347545.1750916511,347771.2155203518,346446.5860899259,348083.82629302324,355644.125,347331.4284825274,352435.36569272814,347439.2894030022,347806.1391534889,348481.8990299055,347808.3761950985,348486.2199332394,353290.1950411488,348485.0685621861,355644.125,346229.65038834413,355932.51264989085,347393.6291693648,346923.4875389275,353553.03338809696,347207.37529839645,346547.23309532297,348362.81601488264,348485.0685621861,355644.125,345663.0955220657,352041.88572166703,347036.7913717458,346814.8743407254,349456.7017515695,346769.1498010831,350618.9145441047,351340.72247566434,350700.8483402678,355644.125,347328.3639527809,349956.74717391736,347055.393100642,347650.1867560175,348355.3444515114,347933.2998881119,348106.3864087257,346758.07857835025,348518.5410209325,355644.125,346547.2813388008,345109.68828537443,346619.7893387014,347788.64230447146,347028.65141810325,347933.2998881119,347436.21613235807,347453.4105016357,347126.1260529512,355644.125,346114.6585109548,346658.27998338663,346701.1770383958,347756.30054641585,347135.7483390673,347933.2998881119,347846.9895161963,349201.90929329756,348366.4928960961,355644.125,346740.3762249199,348159.94010469347,345966.5754431935,347746.8398019406,347011.5945680444,347933.2998881119,348666.25577036577,350071.29583206296,350552.78936816915,355644.125,348573.94300471945,349330.4150965794,349010.8754835571,347728.3206813359,347082.43858792126,347933.2998881119
2025-03-19,316470.898,321134.22,322979.3121714844,351883.3335804064,322069.08573062834,338727.71124,334977.62706251035,335597.18456991814,340068.32946805673,355057.22,313752.220104542,336251.8,319029.8833907484,342013.59839659894,334005.25,327116.0625,332977.52321432624,334005.25,324670.9349730886,321603.86591243185,324401.78925213276,334005.25,320509.4218179247,319056.73194587254,321046.7038707318,323358.0269161444,320019.97179506475,323437.35925711086,320949.46878633084,321771.4567860221,320775.6469235533,327116.0625,319408.31024063774,319981.34725004475,319369.16118003137,320846.5201493178,320883.67894359934,320718.64732311276,325625.180059265,328161.34041362413,325045.2245383044,327116.0625,325332.7049210856,327709.2015193148,324590.5899941424,323482.55979034276,326760.21028385335,323879.4150056111,324812.6798241019,326047.6991864075,324610.1888240187,327116.0625,325062.3467929222,326002.9402152702,324590.5899941424,323659.229524701,326182.52311944653,323879.4150056111,327707.51567179954,330128.46335458534,327188.90757633885,327116.0625,327226.7125161553,329128.97666619654,326753.00714739563,324739.0178300054,327688.94611420087,324900.8446010734,328183.6553107083,329372.7843720937,327970.73395346233,327116.0625,327774.61504029133,328921.4637770279,327334.3605060596,325224.1526214388,327891.2897035756,325335.88031535916,328180.79776340845,329799.61871825415,327970.73395346233,327116.0625,327561.237066381,329036.17938483966,327334.3605060596,325123.48701708496,327869.82106661063,325335.88031535916,328257.331951507,330017.823209382,327970.73395346233,327116.0625,327467.1169739069,328939.8160416564,327951.1351235861,325113.5393726257,327829.9121552866,325335.88031535916,326770.81381076295,327681.9453677612,327640.69789414154,327116.0625,326339.6912739426,327389.11831417034,326826.4539110245,325042.10959430167,327697.41041524726,325335.88031535916
2025-03-20,294248.844,314270.3,305105.2861148271,326429.8735953996,307146.37700363196,323115.77735999995,309132.6317271782,315303.27100960346,308881.5069037664,324548.78,286119.3628381542,304135.12,288613.21915530844,311090.360625486,302177.875,305062.40625,308742.1444222237,302177.875,295683.282984504,293102.0654283448,295670.5242584617,302177.875,292339.15232644975,290053.1840471443,292593.156468927,294303.689357257,291399.24445552984,294122.538579579,291044.8760003027,290930.9426381403,291048.8208157403,305062.40625,288975.25772885117,289019.8573553764,289244.7214431836,290939.123060592,290609.8860578835,290774.10355383554,297558.10830125236,299863.10649403813,297995.1991690778,305062.40625,295519.8518670713,296145.21935749333,295038.28461887466,294949.26007652614,297133.56288200495,295061.7954023188,297082.1310540091,299194.7014017794,296979.74262238387,305062.40625,295647.66644476494,296172.2378218245,295940.33430515305,295142.5985884409,297298.5714562722,295061.7954023188,299466.7562648497,301436.58137854654,299779.0940621713,305062.40625,298157.91748190916,298549.03867251176,297930.83843961457,296461.9855858081,298252.8289935572,296057.0474695496,299762.5661274231,302610.41748642514,299551.38103289384,305062.40625,298515.0736536019,300232.9779404432,298467.8164656631,296562.90749032237,298847.62644309097,296777.5822748756,299479.2712093414,301263.6343491787,299414.0224019415,305062.40625,298398.4687727589,299121.31867336546,298469.85836398817,296707.5677705881,298510.8028685243,296777.5822748756,299558.1986356055,301126.04502436065,299414.0224019415,305062.40625,298394.4645236159,299045.20789093734,298607.21699494054,296698.1413032773,298511.60112191935,296777.5822748756,299904.3027480942,302047.91640331695,300152.764071806,305062.40625,299025.55386359454,300318.3107790959,298348.6646992492,296642.3850962598,298427.23499276955,296777.5822748756
2025-03-21,250643.264,267328.38,262238.07980949385,292008.4270681424,271652.9143158425,294805.97375999996,264255.78151213436,289186.31391068455,275339.27177897166,287289.8,248097.60410267644,273281.66,256764.5600803431,278438.6418659218,242989.3125,265340.84375,271267.8378802807,242989.3125,249291.7946060967,249606.74258159526,249444.6503114337,242989.3125,248937.11619469564,248973.4528756689,248701.65316326095,248093.71651244487,249099.35536949112,248215.14920110127,250436.15595047348,250394.68175232163,250587.11844408588,242989.3125,249873.5215539445,249450.30627624845,249600.8693148333,248914.53673968115,249499.8149640597,249114.36535267363,252314.35746495854,255789.79889879125,252616.22203004308,265340.84375,250159.78392370412,252094.74371536885,249909.65009934563,248890.32644843633,250837.33696114007,248619.2259326083,252030.22635564324,254539.5651152984,252238.08810147166,265340.84375,250256.10292394753,251819.46191195122,250448.12413789297,249098.1399503889,250805.83735226237,248619.2259326083,255194.4889714577,256353.56992194662,255322.7939607406,265340.84375,254058.34719520315,255419.63998332678,254058.71458956692,250154.90803262228,251879.48766768345,250504.69121343322,255789.2153620517,259260.7886891913,255983.56050063725,265340.84375,254854.15623662606,257439.46168165156,254476.22914838372,251013.09614602954,253425.0355966146,251703.9317918772,255646.74312423926,257326.2881904994,255297.33579825627,265340.84375,254842.14686579822,255967.09203972828,254328.4784845501,250868.8869248924,252772.4756235027,250882.82514200464,255973.1282049269,257791.34274023055,255297.33579825627,265340.84375,255271.65154946496,256320.6177250023,255770.97104407393,251034.66985825147,252887.06652122588,250882.82514200464,256062.1402342329,257595.93274822936,255840.12756575644,265340.84375,255542.78835528827,256082.09940741272,255113.665261122,251029.89341181656,252692.98180678967,250882.82514200464
2025-03-22,196807.331,201311.7,204876.87973199014,232162.5496922232,206341.87133574244,222202.36520000003,197434.51355716397,231056.02194850307,220966.9904601349,215009.61,206051.7655014119,240730.16,204835.55587900773,224820.3711935083,199676.0,218510.6875,215065.8027166457,199676.0,204399.33337924947,207562.6419242922,204332.11434032887,199676.0,203881.97430048377,206790.09713305213,203882.62975175015,203208.84469427232,206504.497086649,203087.63559653933,202807.63464059314,204466.3597146573,202841.9424594437,199676.0,203757.29299407528,205334.5747897028,203636.93661465455,203239.4683088416,205222.12358832656,203087.63559653933,211112.99115609494,212667.31198353413,211340.1750353273,218510.6875,210019.22426774853,211849.68310084115,209502.41429160498,205669.17470404066,208437.15990054485,205590.52684622488,208070.01991194577,209525.89043220118,208791.93321396594,218510.6875,207331.8015005226,208741.34277232268,207301.76133308082,205093.86793018255,206906.69581985503,204693.6369652725,208540.2771987942,208025.27265314708,209385.21521389874,218510.6875,208685.64573176915,208156.6306206633,207895.04333301354,205354.49564225005,206203.2995095297,205590.52684622488,213367.42690085724,213889.3538303874,212440.25815509807,218510.6875,213695.0642117387,213490.27722008142,213744.02123266985,207308.85874915397,209266.4650216181,207241.87878663384,213759.50147267268,212817.82195615285,213498.32809557425,218510.6875,213826.42237273612,212371.99057523138,214860.00591707003,207272.26562874188,208768.2328085808,207241.87878663384,213853.16097382145,213278.62422015332,213498.32809557425,218510.6875,213870.07781416993,212315.75753594792,212501.51029140328,207429.7557998103,208767.96898245724,207241.87878663384,212940.4161543891,212286.24045124708,213498.32809557425,199676.0,212849.84493886743,211809.11381181533,212273.82523286072,207446.3892215931,208656.81167898758,207241.87878663384
2025-03-23,228436.108,200835.78,205888.99992786496,215440.1796557807,195070.42132858667,219577.47904,211815.995617508,207080.28593930806,200447.16944478662,209855.58,213712.81363726826,207804.19,201914.4077251043,204772.59380048278,210923.875,200797.328125,207062.47307444602,210923.875,209474.08726069078,213115.0049638646,209602.02142315192,210923.875,209755.92617335595,211437.9986593687,209841.21655826987,209918.64323744515,212832.68033198017,209841.21655826987,210172.82520011452,211093.26577665098,210137.43220768071,210923.875,209853.16056864453,210783.83564396144,209841.21655826987,209984.8958158628,211785.01881129757,209841.21655826987,209417.92608714016,209811.38181081245,209664.98636658335,200797.328125,210052.4749341856,211146.19569023693,209771.37489992662,209718.13122621158,211705.45980648295,209867.6346267013,209503.86319377215,209397.8221305846,209669.14923933387,200797.328125,210440.38266247185,211312.27454786657,210523.92831478163,209980.61819299194,211655.44199289518,209814.44036002966,208738.36594549124,209169.02896664507,208238.2496316068,200797.328125,209806.81072923285,211077.34934908434,209669.14923933387,209866.83430729693,211517.45176812547,209814.44036002966,207280.03482100304,208182.55556007952,207300.25616900346,200797.328125,208465.3517580708,209208.84463786564,208397.49580649246,209432.1978766664,211314.09143025803,209533.0772106359,208366.64856716048,208722.81986221747,208582.5992291115,200797.328125,209194.2206307409,209152.52295687236,209197.62234874332,209497.5180420694,211303.6896988531,209533.0772106359,208862.7519768759,209560.91147390753,208582.5992291115,200797.328125,209454.42472091087,209677.4119228607,209531.2823189814,209520.46421521524,211367.2812311746,209533.0772106359,208239.18107652216,208491.99367634408,207819.91700768788,200797.328125,208600.81571709656,208732.1598308909,208917.15664517687,209455.33747176777,211157.24135992385,209533.0772106359
2025-03-24,260270.272,230114.67,247014.86124285666,239417.00780986098,251128.49314302864,251435.40167999998,249723.19867619025,247335.10473484764,247717.86899939462,240156.16,249956.0127744687,260388.9,234457.1746735645,238269.38434342004,236515.34375,262676.5625,245753.74324684212,236515.34375,242056.05817156952,244740.4556653446,241947.31492580828,236515.34375,241070.9532347361,243053.61621504754,241243.5664114289,241300.18026410043,244712.1091386851,241243.5664114289,240943.01996916626,243002.59137211868,240701.54260437973,236515.34375,241309.94369301695,242740.98657092432,241243.5664114289,241401.38512559293,243439.30115057458,241243.5664114289,246207.3703153416,246748.4160267287,246964.69560671004,262676.5625,243573.08174028218,244243.23907826983,243769.40244947353,242172.69299544502,243151.2926023444,241785.59021847812,248571.41113455637,247389.0384539238,248364.43724707645,262676.5625,246422.49928587655,245172.86106841822,246512.92446252736,243941.00272742927,243988.49621712204,244571.15901511174,248665.53624033948,248165.20154053657,248364.43724707645,262676.5625,246672.48651661305,246189.09130633203,246512.92446252736,244367.8643508566,245091.03959231902,244571.15901511174,251142.33810640185,249782.2870186239,250678.46308765386,262676.5625,248765.9075374843,248517.06208705052,248826.95030310476,245504.3795146504,245998.43880930805,245176.89947823228,250475.29054988705,249720.70936736985,250600.645898683,262676.5625,248371.19054551938,247007.15016961502,248120.0292164718,245336.12939125116,246021.5067149965,245176.89947823228,250232.17921051427,249295.93638021644,250600.645898683,262676.5625,247962.66400041268,247092.9926112139,247514.28875335125,245233.54620410735,245970.18587408314,245176.89947823228,249289.75005346927,248337.14089721907,249756.84254946496,236515.34375,247126.36673764433,246179.64749989533,247374.2339185126,245353.99241062003,246191.8348702688,245176.89947823228
2025-03-25,235325.477,254592.6,260194.598623131,255682.40043337928,255873.35565880671,246142.16892,244551.3317866168,267029.0321746688,263888.12717844,245848.05,253292.1551303099,264053.94,228311.7713088176,255993.5689499999,244015.046875,263316.125,253518.9506776113,244015.046875,245895.41342330843,250775.01821417757,246053.63329929113,244015.046875,247834.05663671944,249015.50508284115,247990.95041298994,246615.14451960457,249943.15686312065,246495.40035906783,245096.2615369088,248479.1944201274,244864.09121255344,244015.046875,247116.57571570025,248482.08718236952,247243.1753860289,246255.3194192652,249326.8857216019,246495.40035906783,246764.98007755005,248066.16986072643,246838.04822181232,263316.125,246396.3217856254,248265.8909270581,246631.15945166012,245490.89870698977,248673.6006727938,245441.61736492236,252702.90160369733,252123.78982129044,252437.8010914724,263316.125,250529.2425304336,249768.3147196761,251041.37023458237,247942.62793928524,249618.65804573818,248604.0414041389,252651.05636984372,252210.56557789983,252437.8010914724,263316.125,250413.02956868635,249679.57087130783,251041.37023458237,248369.65586562784,249606.85704525717,248604.0414041389,255102.69176829152,254648.29108750046,255301.36157260384,263316.125,252939.88052961853,252004.90235736448,253169.60979913617,249765.94645415206,250137.28914490202,249558.70520125222,254242.6158750823,254405.9995763109,254601.17458459758,244015.046875,252423.92709826806,252347.99454698965,252285.64476937425,249271.54025599424,250169.65439251543,248639.60624291888,254129.0789186855,253943.17300404698,254636.308513169,244015.046875,252560.5606048337,252313.35786408687,252285.64476937425,249318.540479219,250222.35916976086,248639.60624291888,254364.8430857702,254147.78394974707,254452.53047141334,244015.046875,253037.10703179822,252764.9780310921,253204.7437277076,249333.4067176237,250289.6237510946,249558.70520125222
2025-03-26,252968.031,257697.23,237908.77106333847,252871.4612744518,260058.4994772631,246654.2636,242490.09066794088,267229.0981418138,250730.76491202373,245665.08,260771.27609084174,244468.38,234329.95690439205,250886.8408700003,239062.90625,232890.03125,248247.64320013774,239062.90625,247279.12831229964,251267.66150583763,246813.43645862504,239062.90625,249134.87150962302,249640.4668217375,248812.33236468653,248723.0278085526,249966.85954891515,248812.33236468653,247136.60754332715,250552.1753161414,246588.05791835798,239062.90625,249042.18598836448,249915.03233155725,248812.33236468653,248526.30890093054,250097.444276107,248812.33236468653,247523.9740250616,249052.53021346554,247842.25031531396,232890.03125,249475.93832650364,249624.87998701853,249326.73929303102,248499.49801772393,249730.41590171456,248361.57528415244,246389.3707955019,246777.8867273918,246841.80236337686,232890.03125,247553.3672990293,247239.06510076288,247080.7899735358,248295.336886098,248366.37818440475,248518.38593611508,246294.91011544468,246236.49523847137,245808.0704661939,232890.03125,247534.88213853195,247330.6399798751,247135.74879194825,248222.26406896216,248281.13929194174,248518.38593611508,242231.93790425375,243609.5743534159,242082.43876274032,232890.03125,242968.89725077146,242938.7710723128,242858.76738611376,246663.03306977777,246997.40180075332,247190.70761036073,243540.78754284472,243982.34729009448,243791.44668829563,239062.90625,244285.56972656364,244248.06020751505,244861.72174024046,246525.5135316757,247170.68005446412,247190.70761036073,243963.99758294434,244227.43977463726,243791.44668829563,232890.03125,244547.9077674884,244520.9882484097,244567.77531166904,246553.10135949534,247166.45135433858,247190.70761036073,244543.100889542,244891.20532047082,245119.12501405,239062.90625,245007.28613457904,245065.75539386287,244567.77531166904,246623.7856333971,247188.548752974,247190.70761036073
2025-03-27,251094.01,268397.3,272299.1814716058,267819.5866669925,276129.303739208,252046.56287999998,259930.77827941102,275165.9646778438,264132.15180417564,263730.94,266971.0116793215,234420.22,244496.29684320325,261661.63965776828,246357.28125,254384.390625,260529.507888302,246357.28125,254360.7251674586,258851.51040194108,253855.65771701833,246357.28125,255481.69088252337,256938.56136520617,255818.87013885847,255426.03481325397,256992.00105967664,255818.87013885847,254209.18608290626,257798.17917169654,254326.51932567533,246357.28125,255085.73848402643,257544.21252759086,255308.12553659538,255047.74449715606,257324.5201803473,254925.88223302396,256091.7890387837,257148.84499398852,256406.12013583022,266971.0116793215,256584.16071094986,257826.8257908423,257094.1013482644,255907.72484557994,257315.68623956598,255730.25183377293,257323.8666446918,257488.25305484608,257956.03894454756,254384.390625,257161.84321783646,257332.63093859027,256609.38523185207,256095.68639955082,257525.74122023242,256378.35005260105,257242.6873107771,257645.0687840597,257356.67603719892,246357.28125,256936.26201041552,257307.10837113313,257573.79564097617,256070.97891874705,257539.62743800605,256378.35005260105,254720.75512272862,255585.79287920805,254736.43339647277,254384.390625,255100.00595222833,255489.86241086168,254834.00333543489,255489.87022533437,256760.93829613604,255778.9871452524,251110.83180167899,254387.3749637621,251382.6158745148,246357.28125,251568.91969618705,253519.70531725767,251480.18581347683,255156.95663875088,255853.0370926594,255179.62423790374,251357.81035532194,253710.0263917463,251471.23417960035,246357.28125,251907.8055600896,253925.48372349286,252550.4103294825,255266.37750321694,255912.42383833072,255179.62423790374,251480.34213808505,253685.72361544543,250902.8026319813,254384.390625,251983.1129432592,253992.43477094173,251981.97878186344,255285.28127654703,255939.51179313607,255179.62423790374
2025-03-28,223991.246,232559.14,229446.41292456698,245035.4460554935,241090.13947983584,245549.7898,221348.4709036568,261915.72500486023,243597.0945195089,238040.9,233784.3070099281,229256.28,227266.33809998963,247360.0161016279,218860.640625,233173.171875,236552.25870163122,218860.640625,227290.59985446892,229071.02903781662,227257.85418877623,218860.640625,227323.73255629174,227519.78853462322,227167.96235234523,227981.46640313833,228077.11859587464,227968.5049690109,226478.63438802425,229484.93098564132,226428.20989901875,218860.640625,226570.4561960763,228070.23215990694,226738.58937092056,226928.5093771116,228034.1661666996,227167.96235234523,228358.8849884739,229140.68404315127,228249.78276782093,218860.640625,228169.6550849124,229278.7134968627,228249.78276782093,227677.1977504033,228254.89921015693,227568.23366067806,228826.90450148826,229787.77515646635,228486.77847090096,233173.171875,228576.48416533085,228860.97610727648,228601.15850710863,227409.63726749588,228067.84739579825,227449.24015115527,228517.87215366762,229198.73832777637,228486.77847090096,233173.171875,228383.14962594444,228782.78606667026,228601.15850710863,227400.02063572383,228096.7560010148,227449.24015115527,229073.9621439082,229277.2107658176,229081.02255876834,233173.171875,228509.38210121827,228849.8044511313,227924.49072949984,227560.76134247144,228039.78525624055,227420.13847806343,227586.74144608853,228821.76651322265,227306.73157974478,218860.640625,226915.5187165817,227556.6911921832,227025.45378093477,227210.69662559722,227384.29200401183,227420.13847806343,227493.24326899135,227852.19412747066,227306.73157974478,218860.640625,226794.59707665676,226891.49092344719,226654.2841456937,227171.1023534026,227307.4984993718,227420.13847806343,227771.86611505205,228054.258506213,227830.86375878897,233173.171875,227151.7761620185,227091.3003660595,227335.8332528366,227225.6784117627,227341.52097410595,227420.13847806343
2025-03-29,188269.417,204492.12,206458.91592477038,212284.45712719075,203664.3805265618,209471.87336,200226.6835462706,208523.56793344693,192057.01800506277,197244.62,191463.39251045763,187036.31,189313.3628034606,198539.17211342914,184561.9375,195627.421875,198731.01638171004,184561.9375,188542.6164336129,191051.61763550967,188424.7373241886,184561.9375,189468.32212267705,191928.57553291842,189464.10120445624,189116.4891836479,192295.36070940358,189170.67761210626,188255.39789024045,190571.79251795524,188170.50774121817,184561.9375,188112.98510844275,189266.59678829685,188499.14845600186,188298.94356555567,188814.00680104262,188198.47897640476,187877.40231592127,188369.81886764587,187869.83826162107,184561.9375,188059.14837868788,188709.03526005938,187972.22062862094,188344.9184046989,188609.8082195093,188198.47897640476,190186.06520656633,191391.16418509232,189943.5297361267,195627.421875,189789.93617577504,190621.65275648487,189218.3147961485,188911.006011016,189593.16827766536,189054.04751856942,189893.70391016672,190829.26085875585,189745.24262352946,184561.9375,189563.38399023833,190260.65382795842,190286.67483710087,188725.07241293692,189518.48189362008,188827.78917078557,190359.65488295205,191537.4874354559,190868.4156134967,184561.9375,189720.37513371214,190710.61495074438,189958.03412231719,188785.2333328438,189646.92135938356,188499.14845600186,189342.49216844206,192074.50042430044,189193.2623536804,184561.9375,188775.40344105032,190650.758946536,188892.5928740833,188608.63446013146,189289.32213055552,188288.33512217054,189213.5614421423,191118.06371118673,189193.2623536804,184561.9375,188712.33313278816,190017.10517950892,188468.04741370218,188578.59506340328,189281.1846465446,188288.33512217054,189155.15150858584,191118.43320123845,189112.8026220355,184561.9375,188608.2953431141,190090.37427169105,188468.04741370218,188584.78497836163,189303.26014580627,188288.33512217054
2025-03-30,199905.609,209623.42,204749.03864361232,214957.57016874186,204888.06404938913,213511.25916,202718.21542564678,207487.12216146782,199597.0957755849,195189.36,211580.02577975194,190018.72,202156.85951204732,205737.2455204734,207673.59375,197044.09375,204462.1122464477,207673.59375,207987.29877061438,208530.6611245158,207851.76282527857,207673.59375,208314.40286814581,208637.67619645133,208233.1591839357,208215.49026377077,208920.6081469922,208273.75379452168,208027.1551905999,209681.57525454252,208130.1884053386,207673.59375,208932.3917568769,209474.63116708462,209085.07727522927,208583.05846608913,209119.21009791034,208559.67401447188,208285.0349178642,208607.27409574512,208373.65344162652,207673.59375,208721.31319418494,209038.7852406777,208636.35507200524,208515.77460262322,209014.02396021225,208559.67401447188,205910.39538496948,205667.2055019138,205436.43840533856,197044.09375,207197.0130316944,207263.5088734465,206634.79231151726,208230.95293437116,208272.88886862365,208745.6945873172,206950.6275037347,207266.77699520785,206988.57057227465,207673.59375,208131.89017729857,208305.65610569957,207494.7372389413,208534.37417678523,208902.94434620737,208502.22955102925,206292.1651448409,206704.57594066294,206491.6604705537,207673.59375,207448.183599785,207582.89111621524,207921.2423999055,208356.02725961746,208686.0817752141,208316.20897818392,203635.95444419663,204532.53870613477,203379.1132808933,207673.59375,204686.1122557561,204744.35424065654,204725.9882808933,207453.82716945084,207265.47537645552,207624.0217386719,203324.02642439085,203667.28531281388,203550.7382808933,207673.59375,204415.55928264558,204173.33998931735,204749.09218707198,207391.9580722186,207245.65145423805,207289.48007200524,203396.3877997148,203944.47268910034,203402.21718707198,207673.59375,204378.7856268494,204171.5451891794,204749.09218707198,207345.49633638104,207223.77511110224,207289.48007200524
2025-03-31,260813.861,246877.44,247838.14368375315,246093.47366152273,252223.5928594867,263993.16224000003,264442.67457761546,247557.01759747835,248073.76920519822,252698.12,265646.5348190297,259119.44,252998.10277269513,248697.70824343798,252251.453125,235372.734375,252258.8911440145,252251.453125,259838.35800999944,265039.77913345094,259840.46972248566,252251.453125,260655.94627235556,264551.07256656466,260909.0235925916,259948.41778696244,264688.58922702825,259897.79640064825,256292.03561183627,258540.4707623862,256621.70236774418,252251.453125,257274.0938565715,258847.905660248,256586.14762261586,258127.52800377866,259205.02621244625,258098.8666578263,257442.3038771313,258781.13614346605,257461.0056247773,252251.453125,257900.41719256103,259162.79635652134,258063.31191269797,258131.86992962525,259289.63094832603,258098.8666578263,255879.7038032377,256779.11969342938,255687.621122112,235372.734375,257747.0375306627,258304.8626131177,257657.71976604988,258638.22592961034,259027.4067614182,258772.28243600368,254932.24771925982,255983.3765759483,254256.23662433287,252251.453125,257358.88998093357,258329.55057971305,257038.79914863175,257910.83123054824,259307.70161027773,257897.42443384224,254079.98668930447,255440.32880128516,253125.4412374281,252251.453125,256601.0387300241,257883.87541997494,257270.88127910794,257663.89028608616,259198.10937198144,257259.5634007932,250148.44389805885,251650.91845715715,250468.61245691183,252251.453125,252479.80665865593,254105.2752182644,252403.15635572135,256643.31066464618,258479.4274033841,256948.74924274418,252455.4374140174,253293.3161734516,252403.15635572135,252251.453125,254128.22322272655,255139.62366087336,253844.76590067512,256979.21634620687,258588.87271738733,256948.74924274418,253481.6751392402,254718.97060720006,252403.15635572135,252251.453125,254954.15680074843,256262.1188636724,254975.56128757988,257000.05115942366,258721.15159093347,256948.74924274418
2025-04-01,258092.184,262608.56,262424.54303760815,267190.039210017,265887.3097365274,270190.139,263954.2828259948,260362.70276888114,259151.9729478473,263340.7,258129.79306791595,239895.34,245994.70441581326,253584.60406755283,247640.59375,268831.40625,259279.11232187718,247640.59375,253958.1932064721,261442.79349052766,254422.87873160173,247640.59375,253261.7242806053,259729.55391122386,253549.0406904724,253796.53992901105,261313.9052225801,253797.25682905785,252046.70618806186,255899.94509531136,252410.438466227,247640.59375,253201.5641919333,256614.16332894654,253341.14909317048,251817.10778907943,254265.040745103,251822.46215592837,251231.6800794669,253398.68675093245,251322.97647412284,247640.59375,252099.48476167268,253871.26486084412,252332.06278364666,251760.850012725,252584.74090282863,251822.46215592837,253888.9987857718,253777.9953509667,253840.634774976,268831.40625,253299.85495521096,253497.46409810064,253762.2590923957,252313.86298169766,252541.9084428411,252243.5721551536,255607.04687997347,255546.77095932653,256008.00059909216,268831.40625,253951.99368433777,254947.58306600002,253847.7195932924,252419.98356513836,254011.23062190917,252619.47840204145,256901.17569950607,257164.91091659924,256876.3077094691,247640.59375,255682.63043433984,256557.4090106253,255803.4886957735,252938.19108507567,254589.060170605,252619.47840204145,256699.05026257344,257763.43016182096,256463.98346855142,268831.40625,255326.50949260354,256928.0217757569,256463.98346855142,252493.4593968753,253975.9095727696,253129.07902975974,254228.36918967767,254835.39523558668,254076.98942093237,247640.59375,253355.16617021797,254511.32966095657,253998.61373835203,252182.96062006336,253622.80591099325,253129.07902975974,253335.80910704448,254130.7780094563,252699.08168283713,247640.59375,252553.32463332918,253860.85729298773,252620.7060002568,252122.47944560874,253578.42005158178,253129.07902975974
2025-04-02,227477.056,235361.31,240291.15902635254,252303.91893906682,238191.06285277358,251504.16612,248680.7619264781,260554.3675929536,245407.11522479518,253858.84,238523.97765108442,241104.69,229410.75192023104,248885.82344749058,239034.1875,251126.4375,244949.23823008174,239034.1875,236977.90828781918,243468.16866932297,237020.25456721612,238523.97765108442,235909.28602008097,243363.02898577275,236068.17681307447,237228.26925004515,243321.5530417836,237418.6576173788,237386.58941530559,238798.79624691952,237465.0453318747,239034.1875,236403.52329933256,237096.13496391254,236548.52765761095,236994.44662239472,238471.82646576347,236982.49078765162,237401.63913000358,238582.22199301448,237465.0453318747,239034.1875,236625.2217036605,237690.7168417516,236548.52765761095,237120.1414987033,238059.64481788757,236982.49078765162,237165.5920457612,238449.85861522934,237075.75767199998,229410.75192023104,235835.87625270023,237657.23166089965,235607.71427625604,236528.35818018246,237593.623636987,236499.93624342856,240761.2931235916,240863.1557726154,240701.4414469577,239034.1875,238881.08610573382,240698.96475088733,239130.27920380907,237679.68323623633,239798.65438323282,237539.34486287867,241245.9033381798,241355.66821876174,241178.6676374339,239034.1875,239888.98451619784,240876.32752130073,239607.50539428525,237904.06150784384,239934.53441418242,237539.34486287867,242863.21416994097,243532.38870813715,242540.53230507174,239034.1875,241232.23079453502,242449.60967157033,241029.22584889224,238290.11757097245,239983.43173313097,238696.31607376845,241587.81927476233,241361.71124458296,241610.37563121054,239034.1875,239922.1780397201,241059.8640624776,240000.47393693586,238143.0826206733,239882.77895204537,237662.23580806516,241574.21442514626,241531.00577450605,241610.37563121054,239034.1875,240126.22387670298,241204.27055690307,239976.17822984466,238200.86880447646,239903.80342136376,238696.31607376845
2025-04-03,226084.059,217578.9,217622.99838576303,224860.93971349444,219711.2636426241,229408.27083999998,218752.2054157152,242550.395997846,225305.68863136886,221448.66,224159.00864413424,226412.81,212215.49719132925,231181.96885902272,204122.890625,220706.8125,222402.5543630865,204122.890625,218850.2668050508,223221.4529500545,218830.87313043655,224159.00864413424,218151.44451641262,223117.7613060751,218045.40321925803,218402.52885928762,223248.61662784521,217938.07922612157,213731.45650718085,216691.8521278091,213865.88499981884,204122.890625,214055.67572840353,216859.0351061774,213865.88499981884,214924.95513741433,217139.41847809724,215205.3480753171,213665.72934539133,216313.9861343541,213701.494707241,204122.890625,213900.79882090946,216882.21426607692,213316.13248979676,214672.0917773018,216448.97016485294,214655.59556529502,217147.62549256606,217791.28123287798,217555.49364115798,224159.00864413424,217023.22700430223,218041.34360950734,216765.7830756818,216060.49548143556,217349.54085249748,216380.42085823757,216632.4364781691,217290.99582996665,216140.35489510512,204122.890625,216760.20090372875,217590.1407740321,217201.7797462956,215310.2127078818,217042.4974789347,215224.3342059048,216365.31880759168,216991.7314981159,216618.82687684934,204122.890625,216567.66836496568,217459.74809888756,217201.7797462956,215250.95550401675,217074.3787561429,215224.3342059048,216997.03255195596,218291.68838854582,216708.60886856215,204122.890625,217272.86003287273,218514.16301860416,216980.3231542764,215310.53302178855,217281.66091410958,216121.36876451742,216464.696997363,217928.20007223354,216411.5845136667,204122.890625,216744.451651362,218090.08036968304,216683.29879938095,215216.78724757166,217098.7030862264,215167.2679064634,216643.29731836016,217522.6490617487,216297.93658193672,204122.890625,216820.18228201184,217750.3010730489,217252.03743999073,215217.19576280194,217045.9339891811,215167.2679064634
2025-04-04,193401.359,200179.75,200185.7528196105,213294.15171282407,200014.59611914033,213417.8948,201526.88616591424,225662.12936087954,213431.7631289682,197085.06,199504.94469022905,197820.19,193246.1651714805,215491.27226629425,178397.140625,205119.28125,203625.1318740227,178397.140625,196414.59543473044,201449.16131115073,195802.73784416885,199504.94469022905,196345.4312699983,200848.50624994034,196429.60771827606,196271.84087618173,201349.53526915406,196509.83425114412,191639.8032924535,193647.98000080322,191685.92080909258,178397.140625,192430.6205972246,195322.34996832832,192393.01721606785,192986.28023563055,195349.65417589346,192691.05433600827,190120.27903824238,193512.77683854962,190539.07735513116,178397.140625,190554.817257434,194001.942863174,191246.17376210642,191321.899306859,193095.78404823467,190978.82440211732,192751.72413420904,193865.67988192054,192251.30728902208,178397.140625,192779.95706343456,194257.6070937255,192958.40369599737,192180.15632559665,193196.91346814795,191983.95792903297,192752.92053291152,193819.85156244546,192185.6980220029,178397.140625,191975.16742238821,193687.9613541381,192545.218536121,191149.28559445287,192901.10589729575,191276.8615220577,192771.3025425874,193738.6400068584,193223.25098365103,178397.140625,191996.07448800863,193802.9748427785,191838.12212914575,191090.71493294885,193056.79981389208,191842.24800198723,194423.3071430704,196115.63702533988,195030.43259053398,178397.140625,193596.91821304857,195849.45495413837,193112.33669083167,191347.17131317777,193430.8441273785,191544.21088204684,192660.09368737653,194983.69415868665,193267.0400832203,178397.140625,192294.7246613435,194625.60750767397,191646.98130345836,190974.13469473715,192954.3321512622,190756.88794220352,192427.25583116972,193863.62953031305,192212.36778338786,178397.140625,192042.91234723455,193685.06673109237,191945.01842339875,190891.1474621356,192879.20542609136,190756.88794220352
2025-04-05,190227.945,207928.4,211129.12169610726,215027.12314091,208005.76461400843,199379.31451999999,188816.82344727044,204693.50043013282,204720.73367678944,178181.88,208118.5571872805,190301.2,188849.81451845655,211196.10241672568,186922.625,169757.703125,198201.9112098454,186922.625,201659.89282688563,202992.9742713566,201694.07196094934,208118.5571872805,200797.00255075848,202644.47671513405,200845.6265294122,201060.53557225646,202836.59681262783,200845.6265294122,196619.16773964913,198664.55326833014,196555.65051071797,186922.625,197194.49289697298,199816.85907334773,196830.96329906888,198035.27935560164,201007.54162425845,197748.5224737748,194260.02742871168,198198.47466324628,194546.97231890808,186922.625,194872.25222326067,198444.69530399132,195739.84428196494,197173.30867811988,199138.86959143155,197566.551618264,195950.96781959484,196876.96004703763,196373.67965520715,186922.625,196440.69303708983,197366.14095433027,196557.2215141078,197743.53285613735,198794.77876210798,197566.551618264,192401.67090573398,193948.11461326442,192049.52624991635,169757.703125,193675.17962396308,194955.09237168575,193119.5590841286,196814.68965457322,198125.7415795494,196726.51719983958,193616.3061084029,195792.04525299248,193715.34891359642,186922.625,194732.8599714175,196481.14806870726,193876.23358621544,196943.09301820328,198523.54248581143,197543.89443198245,192452.1482687589,194216.24521423038,193041.33189615957,186922.625,193783.9310590255,195202.6689120913,194019.5938009215,196563.81623328972,198164.16164112143,195717.1870956834,189084.60355831237,193312.5798798121,189435.07621213613,186922.625,190151.43121192307,193470.62338855368,189435.07621213613,195596.78009650655,197053.38998250823,195786.3008388521,189680.14873678365,192403.60754931803,190352.635386842,186922.625,190673.92887090537,192963.614901658,191261.78354843523,195602.38654132432,197047.81611826835,195786.3008388521
2025-04-06,255498.918,260360.3,247552.37963353377,245171.12380839328,257346.36294760584,235475.99855999998,271546.7107685046,235992.37935212848,250257.98694645026,235018.77,264297.56859511574,217595.9,247463.5661015837,254652.11369085012,246929.8125,208559.390625,245214.69081861107,246929.8125,258764.98262780177,262853.58584201004,258660.8175924344,264297.56859511574,256829.6045905263,261846.87902442296,256462.34574750433,257457.8938821328,261858.97751624702,256436.92890933366,257578.34425029365,263092.9218942913,257991.50364609,247463.5661015837,257656.58793411643,263140.930414133,257722.5569142501,257822.56001934368,262671.09061072837,257697.14007607946,250854.06647871414,253354.6331503061,251820.6049424886,246929.8125,251059.50104232255,252945.84094942315,250044.2756724013,254441.45919888804,254636.29116681998,255352.67357431713,253993.72021852693,253821.7552694968,253673.18472708782,246929.8125,253291.4356597178,253461.08834978775,252698.47462335922,255238.51874373428,255100.86314063016,255352.67357431713,247260.05101994885,247984.47535052372,245752.05028400442,264297.56859511574,247405.38593550527,248349.15935520246,248431.66607313298,253350.83414425247,253840.08940656492,253930.40405757504,247018.7361539894,248931.41064821777,247494.79502290674,246929.8125,247501.5774126013,249826.55109203697,247950.5221289345,253028.6459042272,254344.88266664793,252077.8242729758,244621.85964612267,246273.1894714499,244870.24212592663,246929.8125,245265.89219432807,247331.33274028797,245325.96923195443,252274.4570035189,253979.11642984327,251250.78826844646,236727.0250605646,241002.30751015816,237308.3094869323,246929.8125,237875.5195722123,241946.4175547106,237738.61975478943,250047.5883751181,252055.63995420514,249828.5187517044,238269.23472489492,241698.81302066124,238995.96602717592,246929.8125,238999.5270979157,242311.1956398136,238995.96602717592,250043.46954629177,252112.0875531365,249828.5187517044
2025-04-07,297832.672,282514.2,296300.6923009066,286278.21933801303,285471.98131934233,289233.92088000005,308154.83701737935,275307.7851450784,275667.2858799384,297770.97,271687.5779041824,227642.56,270520.8355954808,268122.09853429894,271642.0625,299813.4375,280408.5635109747,271642.0625,272245.20704565453,281358.5059432296,272236.6526573053,271687.5779041824,270244.27755467873,280305.3796211732,270482.8822050319,270593.268697927,280709.2183096493,269250.3390723282,276586.28105095524,286144.48663575156,276557.32920298405,270520.8355954808,276689.8138901499,285431.28513472696,276450.5456882679,275702.7951574565,284423.3905318568,276503.93744562595,273917.2186168156,275021.44050890394,274128.8227673992,271642.0625,274420.8543009896,275032.6893269115,273968.647495325,273117.50057205197,273662.9651568595,272682.71260526316,272038.6309288787,273446.46054388245,271445.8346721611,271642.0625,273215.9849912311,274497.84377047705,272682.71260526316,272782.6828809747,273423.48298818676,272682.71260526316,274505.2380163048,271687.7836896837,275472.48421521735,270520.8355954808,272712.6268679363,271130.08423350024,271982.384124526,272942.8719278238,272533.05446412275,274077.59841024026,274135.9478264107,273669.47026299825,274765.0574256451,271642.0625,272057.17772587336,273051.13614275993,271495.622673221,272431.82000217674,274496.5909217354,270694.281834265,276274.6627388387,276908.1276666661,276104.384073065,271642.0625,273685.4812057803,275415.29267754126,274765.0574256451,272457.871485073,274959.075956,270694.281834265,274885.1729441328,277022.93399100495,276685.65568199137,271642.0625,271438.9345154131,274326.75709821715,273248.947348658,270997.3965644048,273417.1214016774,272033.60848168493,270320.4211024378,272369.6030845973,272074.7268819482,271642.0625,268275.12442258256,270767.9613862458,268584.6267912568,270757.67886893573,272996.0881425916,272033.60848168493
2025-04-08,285336.848,297095.47,291258.55089975335,304691.2950652219,278348.845641262,284349.34272,286189.12761143735,288612.51184632507,289528.089676313,291754.12,260155.82612108457,287865.8,259215.28572129447,283090.5392029504,276600.09375,296353.5625,285007.23180037615,276600.09375,264280.7222395035,269629.0098945477,264216.2016027811,260155.82612108457,262888.2726153438,270116.3274531349,262560.50560004724,264191.13669747394,270582.43907037337,264795.485566669,263606.5995867308,271211.46519062255,263887.7954277515,260155.82612108457,262492.60608397506,271085.7912582537,262497.09930066345,263886.2445551067,271392.75125360524,264424.25822537055,267221.5544166817,266832.02763014333,267964.86020732636,276600.09375,265314.8883292133,264241.505377812,265526.10384131083,264574.72314065316,265262.6233420859,264743.04347802914,266648.11099162535,266522.92496279755,266196.37083691184,259215.28572129447,265285.68055639305,265018.9694039521,265526.10384131083,264718.919807618,264534.7881862398,265526.10384131083,266854.0879692717,267668.15344414284,267294.59321172535,259215.28572129447,265950.5169574765,266400.1543769697,265570.8914793961,264895.60056534596,265744.7883962701,264743.04347802914,272991.39922440593,273480.34068901476,273608.95915426256,276600.09375,271399.6450093271,272250.02833696373,271840.46978384804,266796.4749871784,270243.180078286,266398.73948076303,273026.28559351043,273392.1543817227,274013.13772569114,276600.09375,271775.64491475053,272345.1354676901,271840.46978384804,266884.21422609536,270562.1112731574,266398.73948076303,278513.484927992,279981.3557875974,279695.4089407227,276600.09375,276281.5210548698,278224.35169791564,276203.2178379788,267913.7616347197,271656.3961677405,267718.2626416637,277539.39400451415,278038.528623481,277273.6854393575,276600.09375,275446.8986623935,276602.57036640326,275101.0174975143,268013.4759562277,271608.46407647955,267718.2626416637
2025-04-09,249839.205,261566.94,260336.50199508618,282332.5565487274,263221.5730794404,261573.19419999997,256000.00112229804,280618.227400695,267073.96076482476,266290.97,242526.43460061387,273571.06,243876.952354824,270792.12268054567,261731.078125,269391.40625,264060.19852480374,261731.078125,250205.34983995545,249746.7152119118,250424.15081108,242526.43460061387,250686.30266366826,251554.22996367142,250890.1301534884,251023.98362745435,251340.59421472988,251740.3266187349,248171.7895329428,250043.8377082167,248089.3941684866,242526.43460061387,249948.23330011932,251618.95957124472,249673.0581405894,249911.2408332333,251201.02648795868,250954.44052273652,251589.92901772348,251814.1237995351,250829.28581308667,261731.078125,251553.8751519156,251588.17400815402,251769.2533615043,251508.21112312138,251266.15178376657,252346.54139805067,251685.58409823923,251563.72678509375,251743.79264758126,261731.078125,251259.2270905165,252038.54886543835,251194.06334284862,251602.64288479666,251638.93044531337,251562.75331994297,250276.50164228876,251111.6967675639,250343.86687760212,243876.952354824,250997.737605087,252385.24480307166,251558.8408726105,250881.07143995212,251693.80199604153,250921.1549141485,255138.87132171495,254789.68362517553,254893.21834645767,261731.078125,254755.46643754363,254314.75233247917,254620.30991775755,252489.26277727232,252401.13625690356,252348.63941594138,255048.60737784012,254724.39854523158,254893.21834645767,261731.078125,254800.3811810059,254265.57702912268,254620.30991775755,252534.73745520643,252417.05968549493,252348.63941594138,259368.47535455658,259703.26474631534,258731.07143922712,261731.078125,258411.75934025575,258126.86697711982,258731.07143922712,253173.54385623906,253047.92912119284,253627.92378019786,259715.61704923818,258873.42715307127,260474.82669062234,261731.078125,257899.06585194753,257523.63689298177,257580.40781346682,253160.93109195284,253138.13397775948,253627.92378019786
2025-04-10,252550.403,257905.05,253310.69176957395,266254.76140549727,264475.9880275352,260758.94960000002,258824.25807674846,265420.9038251719,256603.27242977952,254664.22,244668.3215455562,258403.94,241210.74729998328,262791.2857160555,234719.984375,240989.84375,254733.48072972673,234719.984375,245345.14775417067,251500.08694718505,244794.69814544753,244668.3215455562,248204.4580612862,252272.16282273858,248160.32118497026,247324.01793466855,252078.88914089306,247702.24657345473,246568.5315470404,252351.85331034946,246097.47747550198,258824.25807674846,248570.88262167756,252244.58355093468,248731.9559103111,247712.78403753278,252325.27183658464,248273.88129879558,240176.80578561837,242763.0988786618,240023.68920068647,234719.984375,242793.45459601976,245091.6471367021,243307.0635862629,244080.87898508407,246429.28538471763,244408.35297121241,240032.2804764842,241066.11366916,240322.2539328293,234719.984375,241249.1467987496,243015.71887319942,241572.53398048563,242818.94959952406,244848.4403526757,242673.82336543518,241675.495007499,241682.56879183993,241723.23612071056,244668.3215455562,241638.55515139323,244218.11703230673,241403.63295523595,242761.06926667772,245515.64564274272,242782.5454399279,241380.27214878282,242531.88512099872,241361.65288950378,234719.984375,242713.09947365575,243985.62181336034,242509.4754467299,243117.9753993001,245296.38959654805,243147.5537068902,241085.51856753347,242580.88072730624,240887.92254804872,234719.984375,242188.55098547004,243805.95324626885,242035.74510527484,242940.61138484048,245234.61106669254,242885.0029303581,240985.97826017908,243633.36221219294,240537.59132942432,234719.984375,241436.2894082701,244106.18267903465,241685.41388665044,242721.12756121115,245182.30983453803,242298.29588180696,241203.28669309028,245191.2594254722,241444.72300727444,234719.984375,240432.559884437,245078.45422912488,240383.46415344387,242546.16963693485,245061.54728690902,242298.29588180696
2025-04-11,226189.203,223646.78,228899.76206617602,240816.6017683749,228053.54794542314,235356.46647999997,228856.1486860255,236348.7696422828,229592.78634482925,217977.16,203304.2919719448,214112.75,210037.6211278888,230376.11311404256,202960.734375,226990.390625,223821.99477646584,202960.734375,216891.83701750333,219857.27213489273,216312.18156021734,228856.1486860255,219418.68346445367,221683.60964909385,219571.4031746158,219001.12258875786,221445.15203578369,218673.2059870783,212679.40600748092,217806.1995168368,212329.0753633207,203304.2919719448,216726.92884214717,220485.6016702634,218021.80714096493,215982.36931861498,220338.68361435627,215906.85487180456,209016.95127689277,212843.82485751517,208859.44273387743,210037.6211278888,214241.4596059483,217545.5778001949,214493.97183307947,214389.8739529784,217697.39392305276,214582.81745503307,208211.38629199393,209597.2318180562,208342.68005506363,202960.734375,210586.5707305686,212836.8003499363,210383.06976021297,211526.21517013307,213952.68258059013,211705.03034935828,208196.38759624946,208288.30622509803,207888.75980995517,202960.734375,209793.56111450287,212144.43062691306,209503.30928587052,210912.84065453443,213568.00311146135,210488.27526773536,209785.63595130207,210950.1842599113,208920.2425208895,202960.734375,211897.6622433106,213101.2687747893,212530.74180051096,211380.89722908352,213893.03246172922,211384.39562764665,209869.554827178,211495.97523287334,208920.2425208895,202960.734375,211789.92297895474,213420.00982234467,211297.62683331926,211313.35956236342,213940.31788932628,211705.03034935828,212135.53289635887,214433.98371614085,211513.0560475085,202960.734375,212944.11464746814,215521.90618436827,212746.1710147002,211581.54929817084,214186.9838784237,211707.1071769845,211162.95285520196,214722.22292748437,210776.1928446482,202960.734375,212209.40108524103,216158.35043614788,212624.605621609,211380.01877493795,214157.8040344317,211707.1071769845
2025-04-12,158604.924,170161.77,178931.56699031562,192895.20616605945,173754.9958859122,186011.71659999996,169126.3513704362,190306.61618607468,179530.59705445752,175662.0,153395.89576796748,186872.28,156011.96415844758,184045.61136486463,160219.515625,195484.75,176827.38893630233,160219.515625,164339.47882143807,166067.8074758822,164114.77227314736,169126.3513704362,167047.60498127443,168191.16009407912,166743.498056196,166040.89382784808,168173.76766184287,166667.7131478116,162834.13198186387,164950.47294436762,162052.32507457043,153395.89576796748,166888.8000684941,168996.47186759734,167070.23955144058,165780.32092828557,167982.80044545935,165190.58308279526,162778.3801095196,165109.12349596154,163490.440442368,156011.96415844758,166681.05863872712,168296.14444054026,166543.30126091355,165625.6962204175,167637.70530518,165087.77982776516,163662.4487196062,165255.20328848227,163936.50970645878,160219.515625,166569.98680677876,167759.48403390346,166240.30121060112,165718.43541862187,167125.77197643163,165208.9148129497,161267.1350123433,162251.31688642144,160377.55636281343,160219.515625,165186.35080629942,166415.52672570143,165452.05440061615,165129.49862194166,166640.91924641537,164621.02759661007,167475.0676027933,168407.60817935938,166582.64155485824,160219.515625,168367.44010392914,169352.31523449332,169435.14277975846,166028.09802793723,167386.71698911366,166300.32447161007,165929.30295923483,166419.0527134162,164903.34467985824,160219.515625,167416.5774221573,168001.83690240205,167006.77659035518,165739.04714056398,167112.60510913067,166300.32447161007,167539.9173557357,167870.6093353571,166907.57583376454,160219.515625,168249.55325035722,168909.8868683938,167331.71086926147,165925.6131957255,167241.04515842831,166300.32447161007,170725.38411701872,171864.5007378766,171008.62451777546,160219.515625,170280.80022311787,172218.76660654694,170252.36601685314,166149.02308848675,167683.5868022496,166424.89915687102
2025-04-13,158552.743,147576.9,151147.93428422278,155401.0888411267,147800.5573182942,158801.96072,169149.02269596618,167938.6582534467,149943.4050851614,154466.52,144819.9935346283,151050.6,148842.98919037427,159360.12448126017,142143.609375,161351.59375,153986.3302102987,142143.609375,159581.68467803224,161714.16101648545,159510.31681958225,169149.02269596618,161728.2345312619,163797.53538252207,161090.7907034095,161292.76808871195,163632.69081256108,160495.14286723683,153014.77868475943,157248.1994177397,153416.90488052476,144819.9935346283,156957.3612156593,160221.0061655719,156949.95171134715,156398.9986037597,159855.39485420854,156354.3038751745,152845.21564090252,157282.5580041602,153463.15716628495,169149.02269596618,156713.36167314305,159059.2461918795,155965.12566369257,156270.72209846173,159021.2793429289,155369.4778275199,148318.33683936403,150820.84331650447,147778.902242769,148842.98919037427,151650.50758880682,154654.73228399403,152035.04377450823,153256.51753988315,155965.00335542334,152905.10291982067,147262.6612816841,148355.41287439966,146864.23632014997,142143.609375,150905.783739586,152976.55531417756,151120.37785188918,152980.0541134827,155574.65032125058,153206.43343170613,148861.38842164245,150846.26731069133,148611.75623386912,148842.98919037427,151988.62058903422,153951.07864265272,151970.91941755026,153069.90514829732,155849.6264076601,152661.24364428077,148631.79098072354,149989.121735575,148292.73814742273,142143.609375,151551.8611183491,153160.7186829886,151651.90133110387,152961.6215602921,155637.04086982663,152661.24364428077,148922.91911857662,150486.97314629593,148594.0686593082,142143.609375,151218.7330945859,153026.23299846382,150667.25978008617,152942.01934856348,155522.40009619945,152661.24364428077,150094.0468454583,152151.24473691458,150036.42464677925,142143.609375,151078.16314113856,154190.10030268654,150041.05991031366,152811.67846118676,155633.22165306343,152047.90823354718
2025-04-14,166435.637,150250.75,149848.056899161,162062.92015651317,161654.50099507743,175090.49276,164449.41377067514,182986.18874033855,171630.89729916304,160155.03,164008.2408937317,164662.66,169536.8553590334,173410.47512621444,163087.53125,183449.90625,166418.92779999386,163087.53125,165384.87394438658,165348.37064495785,165490.18139363793,164449.41377067514,166604.76441129664,165601.970622346,165634.81412422104,166226.05359821138,165439.28267194837,165107.08784487494,164596.80397992683,165855.72416754224,164457.4095468688,169536.8553590334,162161.56117531416,163152.15867738004,162076.68703111412,163764.8321009375,164204.6726608727,162995.0730005919,163352.25649314385,164533.44843595562,163034.137900571,164449.41377067514,162563.1507455097,162850.8998087799,162424.69497324264,163898.46027774416,163851.34447785313,163825.1756623163,168467.04999793082,168360.54912024766,168238.15741556924,163087.53125,167927.3256457899,168155.87206339417,166691.15265681836,166904.83798563192,166511.98111245668,166179.33775335774,167355.6476758452,167015.49683010485,167268.5205108073,163087.53125,167147.71103148736,166887.08834031445,167386.4553649857,167025.7871947607,166559.2088643519,166179.33775335774,168704.11137220904,168509.6984645596,168282.00073193738,169536.8553590334,169465.06380269286,169274.2206851823,169009.37851344416,168503.04805922252,167809.76528532495,167802.26090181622,167014.76551169585,166635.4233703057,167025.55998562742,163087.53125,167327.47258386822,166930.4296386661,167829.5575587665,167514.37307002902,166968.63413650228,167495.15022995745,167428.75801311433,167118.64131967264,167025.55998562742,163087.53125,167796.4845730711,167351.27034887337,167090.41153423098,167643.63586121195,167093.23980261714,167495.15022995745,169146.97792363891,167607.81487346542,169538.7609579914,163087.53125,168513.99320087754,167502.57216937566,168235.62916174709,167675.8736248447,167037.43650701904,167758.417585448
2025-04-15,170270.284,181140.27,177811.04721617917,168639.18101168302,184569.3341960078,177293.389,181960.4959406564,181930.2580807472,181663.74312150266,164498.06,172202.3411080323,165964.81,170054.84247347488,179981.0832401169,147423.375,171396.0,173768.5487342267,147423.375,176248.57569526596,177704.2783876216,176237.09897773326,181960.4959406564,176458.46718996516,177534.92881485113,176389.49692728833,176655.70060644933,177708.25550745171,176533.37956530074,173014.54421102058,177380.44804880643,172902.69883468904,170054.84247347488,176740.91492875206,178521.84295017307,175870.66519491706,175796.6804896377,178535.92812435265,175195.84367306548,174173.525648237,177129.07070821105,173980.38776199735,181960.4959406564,176684.75939722534,178047.7291818561,176948.35412222537,176004.53503037477,177999.09223304963,176273.5326003738,165689.33011365109,169350.43774591835,165739.95113134084,147423.375,169991.12600901112,173262.9193132947,170704.91680265544,172195.55810891002,175162.34770772836,171711.0592731941,165029.0860750696,166141.34511924133,164598.3975599123,170054.84247347488,168733.23064667665,170660.5190631174,168180.19586505287,171385.85205809586,173978.89733371948,171908.6520695978,166470.1607643524,167756.7233235768,166919.90189839,170054.84247347488,169336.26859024412,171939.82301296282,169731.54772501616,171940.5318229224,174961.32850523715,172585.53160137762,165858.034160668,167691.86284656537,165464.81301412458,147423.375,168969.21642760176,171516.08029952378,168754.06262752044,171475.84085810784,174673.3926765305,171610.1045138101,165643.19049161783,167778.70295232828,165662.40581052826,147423.375,168301.10444010244,171002.76672878984,168448.5841886548,171431.19911222393,174475.0841157716,171507.84267406928,164111.6033910406,167930.6427475988,164721.65036808644,147423.375,166423.82457055445,170662.1664516997,166624.90315097486,171000.4405187031,174242.33471598462,171507.84267406928
2025-04-16,145875.41,155114.53,151354.35031889926,159528.4918411682,156830.5924634725,147373.40732,129450.78218986411,161661.3925294282,149237.6773976392,145975.2,138888.17085868173,143739.25,132671.42979157632,148494.8172694225,133989.453125,165329.578125,147975.94184034347,133989.453125,133646.91323596047,134043.7045122388,134809.11977867727,129450.78218986411,133447.17947371508,133493.89873236176,132829.32715530996,134098.31512949985,134425.6161719647,134619.55844810084,138296.959203211,137346.0967646763,138495.75014610233,138888.17085868173,137955.54583197797,137407.5970902567,138361.0880757614,137254.37651381033,136736.94627614415,137211.59444732135,137561.26201020766,136897.9029202066,137408.70178705218,129450.78218986411,137943.63920612205,137453.8409833816,137399.5657484659,137233.36289170763,136817.37631755762,137148.83143144404,141696.81997935905,143089.61645441345,140908.63982641228,132671.42979157632,142993.2537960766,144752.17341429833,143372.15473047417,140056.8168685644,140899.77615274108,140251.12222566374,140879.8948980446,142884.55480332984,140081.73996003615,132671.42979157632,142813.5833131323,144829.64640909978,142014.39028663165,140117.22003625016,141091.11436644953,139424.22235928758,141929.47044613038,142737.19826002902,141807.3991378305,132671.42979157632,143768.05597416183,144960.88370168634,143299.7860425924,141146.03860886215,141865.47517892162,141752.64516901196,144045.47066380567,143852.59886492725,144971.36556582153,133989.453125,144694.3592057464,144725.04398908594,144755.23837843412,141250.20987998424,141640.45068698458,141662.04401337914,143858.0381670374,143361.915700641,143928.33851205793,133989.453125,144428.36490936746,144344.81936536467,144755.23837843412,141199.2535651217,141622.06729434675,141662.04401337914,146628.8256892019,146168.98912123602,145634.584099809,133989.453125,146062.94936911674,146125.14054714976,145122.42162351182,141367.91583330027,141792.2589670007,141366.00872446937
2025-04-17,129802.672,137161.39,138315.52601496998,145177.26261497347,139115.1884003185,145867.01024,136296.72970176896,148570.3102656161,138673.0255710134,141754.89,127719.11478905639,108837.92,120219.53106354944,140864.81915851476,128099.515625,142149.171875,135921.42722965206,128099.515625,130969.50886479883,131653.9416100199,130774.25611068172,136296.72970176896,130327.20954292838,130541.74911465487,130082.82582862311,131341.3585419366,131733.741817725,131108.31914107312,131962.49328445183,134974.82658735185,132148.49074139277,127719.11478905639,131908.19132375662,135607.02159365523,131137.44262424094,132239.92311371275,135279.55239674187,131647.964757382,130946.99615945047,134289.8012437923,131104.2221313237,136296.72970176896,131374.25615886346,134751.81870424628,131137.44262424094,131927.46178265594,134915.34799388342,131647.964757382,129481.21125133583,132548.76290838607,129616.25326579137,120219.53106354944,129752.40838801788,133751.9380739561,129857.26272141046,131524.29165820472,133777.7556308616,131796.8823494653,129601.48656275771,131814.91101333732,129129.7765805547,120219.53106354944,129596.43422832225,132416.79128319112,129910.04715572228,131398.24557355128,133651.96589978258,131310.40566422863,128840.56501154392,130421.80081007125,128361.18753489542,120219.53106354944,128889.85074087633,132244.01258886224,129030.21878489543,131163.55290727466,133709.2817899694,130787.28384818693,132031.2532324706,132555.99809346788,132158.46315801173,120219.53106354944,132452.23927934986,133362.1430958817,132173.56932540785,131722.6911137193,133655.13719486058,131928.10209579027,131914.2916141235,132560.21844251652,132176.57748353286,128099.515625,131954.46301091718,133308.4825571057,131783.22579794266,131618.8718412149,133651.25627546068,131570.9790612423,132543.89668221213,133176.7129329734,132785.28774704083,128099.515625,131700.00966480005,133364.8607409136,131214.14391443695,131541.71818935563,133803.8291573547,131570.9790612423
2025-04-18,137216.538,158570.58,153003.49318868705,139764.83463449086,149514.53505994828,159353.12748000002,151435.53606985245,142827.6239051902,147830.2467863393,143426.1,147717.5234210622,150847.81,134727.9538608776,147684.35303477824,133420.5,125117.2734375,145682.76568358173,133420.5,145728.8624968816,147056.16209505158,146106.6809532301,151435.53606985245,145635.9988472961,144609.96881035288,145827.89392918072,145543.38232500484,146117.26867466778,145827.89392918072,144727.7075807229,146879.97870650212,144622.0892196513,151435.53606985245,144665.43747905057,146228.00267997876,145492.35299716605,144435.73457825428,146177.4193050818,144873.80206572867,145288.89656706626,149224.53675585886,146047.60079025076,147717.5234210622,146284.9683959855,149010.2544121094,146299.31363632815,144934.74961894794,147504.65576839587,145641.68224657886,140144.0700111942,143379.0854065651,139959.5389948912,134727.9538608776,141382.5424559437,143704.82163917058,141131.37040909857,143242.4307471192,145431.31644274114,143518.16786752356,137078.94769213878,139873.59759518632,137139.06523807178,134727.9538608776,137285.84310632842,141011.78787703562,137515.29749947088,140827.13641094472,142908.7088993234,141155.34555943642,138089.03435268305,139084.3575137694,138215.26761824143,134727.9538608776,137853.96480270414,140354.02225408214,137882.13558483086,140795.5292387227,142997.57617460215,140978.29733806546,139145.95975038933,140276.2798773651,139361.2193921714,147717.5234210622,139889.39802533574,140904.58417806064,140281.3379603014,141192.44289806884,143100.6934192823,141773.89649087377,138878.4773844347,140313.03483962733,139361.2193921714,133420.5,139498.92798184394,140849.53079880876,139675.19194590958,141079.52535483145,143068.56779826462,141773.89649087377,136786.70186305162,139116.68117560132,137741.1307052708,133420.5,137511.20460060216,140029.3432711424,137728.72578822522,140748.12232188537,142905.4439080533,141155.34555943642
2025-04-19,132802.787,156897.69,153112.6197431968,138141.68111750772,145443.567380463,142799.70552000002,147376.93378526586,145459.03441612778,129189.77831959729,131874.31,150197.8442701481,93619.5,122752.87986587192,128383.58690858807,133598.125,125882.7890625,136315.33635928444,133598.125,138217.838253825,139342.37024317877,137594.69872721916,147376.93378526586,138388.0842406657,137906.9414992619,138048.0679517303,139014.01939495493,139244.33377947862,139220.6419478919,142442.31966740324,145070.81693622912,142344.10224095918,147376.93378526586,141812.0728760253,142253.7768779144,142344.10224095918,141647.1421048914,142698.98942604207,141310.3270768475,143535.04596714483,147293.7559718219,143582.4724644773,150197.8442701481,143209.0561853931,146542.9733067838,143721.27129652724,142845.09813370073,146128.7435320259,142781.37477546142,140036.8429955025,144232.22298534538,140266.7177149062,122752.87986587192,139945.21728364268,144345.11047292888,140679.53912486185,141683.53432872373,145281.1829796291,141717.7840503148,136198.7112969819,140946.56450362178,136535.52209863334,122752.87986587192,135038.97371070177,141139.21323369473,135502.6416096688,139281.5821116509,142935.20027385734,139666.25288680533,136980.31500640628,138934.76970921477,136386.47880355583,133598.125,136243.25772928167,139234.56679164598,135502.6416096688,139721.17577202636,143110.1320917488,139666.25288680533,139442.2623455357,140621.96217400988,139302.84128879273,150197.8442701481,139367.99312114212,141102.87368084275,138786.40104431045,139967.75753586163,143192.0323103894,139666.25288680533,139797.74413286292,140808.99330966736,139804.56730890617,133598.125,139803.46595204086,141150.93645472656,139153.7979937152,140075.29484989794,143168.69681204914,139666.25288680533,138979.50757542232,140277.28395742082,139943.36614095612,133598.125,138697.4492053258,140595.68618400756,137995.93822192244,139802.22201318893,143036.21383488938,139666.25288680533
2025-04-20,121656.712,137478.72,133134.64630023538,131760.7664585984,139848.7975248699,140309.7042,125933.1366226249,137403.6741587713,127532.11610875899,127546.3,127207.58479806191,94373.69,122884.94277784642,132774.772445167,131627.75,139657.875,129964.96463466229,131627.75,127682.73363011151,127743.88106665581,127255.43426565573,125933.1366226249,128370.94058009048,128089.5826590677,127922.1244763622,128323.52927905157,128157.47689623458,128334.40893824614,128060.55998768614,128182.92144297206,128006.21861781855,125933.1366226249,128453.00413400245,128388.79542091471,128720.46559652388,128264.66920948536,128110.35184232701,127666.71161925765,128400.99963550745,129303.16697385706,128247.33249674426,127207.58479806191,128595.28999772159,129229.30407493537,128412.8103469817,128571.73641684145,129811.41678659536,128893.3968410738,128605.7144721851,128939.62471546634,128874.1407074153,125933.1366226249,128669.3316342821,129276.94168739072,128386.05958730156,128736.1768708555,129603.91355282716,128779.51545038717,130274.4601864406,131092.24497593212,129808.1285474229,122884.94277784642,129823.95684130427,130968.1179140189,129774.19129874892,129576.00548114727,130220.49748002221,129216.1653662139,129770.56000942775,130224.86521634496,129808.1285474229,131627.75,129536.88330275037,130023.45949277647,129391.80439398701,129532.62987281138,130159.32134486051,129422.00546241463,131150.14350139775,130740.05441614216,131094.92072573444,122884.94277784642,130765.68949402469,130976.50679258662,130884.4366684993,129683.63045265165,130229.90258829814,129482.69347076878,131619.21430927588,131283.65084345322,131717.08497537108,122884.94277784642,131319.1126991942,131088.0428524667,131240.07281358104,129822.34296187715,130242.27802351763,129422.00546241463,132042.31880491125,131673.14553741197,132309.95593736813,131627.75,131614.6920865424,131397.51573027618,131240.07281358104,129815.9135293633,130294.84147977908,130075.56443276584
2025-04-21,134404.469,128710.96,133713.07167029026,136694.47105121933,139759.93841690995,154923.17076,135164.90523828374,134721.23951234116,126122.76978564748,142307.89,130105.77046571823,131719.72,138934.8393324022,134885.3282363342,136101.3125,141799.96875,136377.6904021098,136101.3125,137012.04941958928,137201.3266987558,137727.60186183444,142307.890625,137913.0132646069,137713.00251139665,138434.76920272608,137460.67881347562,137591.0310156786,138350.88794814397,135821.38872225003,136445.63484727306,136176.89817783813,135164.90523828374,136392.94686593197,137025.59603028736,136672.37425430646,136822.4212440986,137294.15235689352,137236.57298317118,135854.9854695044,136635.658827916,135789.43697490767,138934.8393324022,135800.51424141272,136102.06716426217,135856.31902760692,136526.20305146842,136490.96876401943,136949.37497167097,134769.58932985266,135302.9270296542,135020.34343599607,135164.90523828374,135417.97136130897,134968.37430931255,135693.3798086784,135856.7855798189,135789.75917034582,136240.99708532315,135753.889080961,134756.7653690743,135713.83880025498,138934.8393324022,136049.7988132823,135275.15959287467,135848.76864941698,135984.9741063203,135649.24744202307,135856.31902760692,135377.97564218566,134915.2094898077,135442.47421692166,136101.3125,135745.62496538062,135317.7234244212,135713.83880025498,135913.79052925904,135612.98145618386,135900.90984959342,135367.86750910938,135000.11696675324,135293.4069494605,138934.8393324022,135666.3568330658,135315.70834155363,135713.83880025498,135813.42479980207,135412.7174081941,135615.40784796095,134905.34310279595,134836.94855715474,134946.66789601554,136101.3125,135155.37893635454,135038.4669347635,135150.73267698678,135729.22259136103,135331.44145650408,135480.47799879895,135039.49872431014,135120.6217701229,135015.80282782475,136101.3125,135313.74482726172,135197.33923449158,135150.73267698678,135744.91399838935,135350.8207240057,135480.47799879895
2025-04-22,163076.681,153002.16,157426.43714849817,150634.45963833528,148994.3696883623,148241.9956,170938.47525492834,166981.58640922443,157506.83730864082,155802.97,171901.09983046015,155432.75,155690.85221975518,161020.16627667428,151297.15625,142510.21875,156492.10195832525,151297.15625,160650.93932380428,160153.9927609495,160651.6047340273,155802.96875,158570.94031274048,158078.78478003948,158310.69179417173,160033.24505077786,159595.92914648936,159602.09994615414,164070.60709804992,161896.39441765554,164423.5502223659,170938.47525492834,161501.61865713738,160108.07265381224,161591.45104823762,161880.29629183747,160555.01248946806,161418.97390697658,162821.99423414643,165089.56144162727,163425.42628637524,155690.85221975518,161299.36069282013,162981.6369080275,161268.31447977523,161641.14876977506,162603.6975187515,160034.66112744485,163459.2122019986,166263.6525753635,163425.42628637524,170938.47525492834,162165.7120581048,163884.0860234694,161989.0528847718,162497.3107352383,163714.71803990882,162106.59797137618,158087.57169239878,161308.4658932932,158518.69332106938,155690.85221975518,158237.67001246975,160866.0769236458,158100.26772583128,160386.08759452932,162216.7392376356,160589.48711903565,158307.99212336642,159146.36183783947,158309.469703462,155690.85221975518,158378.78723549494,159204.7342329918,158727.9169386768,160275.59203661792,161863.17697470036,159863.40983164645,158764.12265094867,160148.8554505253,159290.6098739601,155690.85221975518,158761.5057728536,159990.20566233248,159499.8334915675,160565.98249040404,162587.30163906538,160635.32638453715,158576.31479102463,159771.12029847817,157637.89067574654,151297.15625,158808.18680384263,159988.44276636653,159105.90331032683,160785.15317157246,162830.37743910018,160635.32638453715,158680.58717161685,159828.71130240403,158281.32106176703,151297.15625,158901.61157235887,160168.9692415477,159105.90331032683,160723.82587027227,162742.1426846017,160635.32638453715
2025-04-23,157340.765,151391.0,153753.38671426952,158102.41352066395,151231.10758287009,145055.44496000002,157887.47556834779,168110.65692598736,167021.95115014055,150259.4,161224.24872272642,139309.1,149202.44169537557,168043.03969109667,138778.015625,160049.390625,154627.93818543188,138778.015625,153831.45643114753,153197.9765448289,153132.16952207516,150259.40625,153703.28299320492,153863.12843374588,153252.89803975212,153831.46086741582,153852.4511804914,153459.37456673203,155258.42126195077,155139.79466376343,154778.3988033491,157887.47556834779,155403.28611174115,155359.87879126112,155378.61298931713,154755.62854180858,154742.71043500994,154313.80221285752,156430.73559240563,157687.06122831855,155751.23951978525,161224.24872272642,155989.02674506474,157192.39340338507,155496.38560066564,155717.93024491507,156853.54255358188,155816.08951023172,156184.7725052845,158414.04015073527,156247.6407612317,157887.47556834779,155863.81820036747,157623.40305046213,156133.87742969635,156138.94931550353,157202.53304429955,156312.49075167818,153780.59000989515,157490.76934690351,154079.36991798016,149202.44169537557,154674.22689557332,157857.14248560503,154575.7711594266,155945.9842335965,157558.7479239086,156077.9318059951,153296.8118203108,156343.904324408,153366.2570089673,149202.44169537557,154153.50800647287,156897.4662006492,153862.65825041378,155894.09794254496,157839.47194419475,155664.35876442498,154637.25289813374,155650.18569596994,154435.12525171618,149202.44169537557,154867.07807257964,155872.51283247647,154931.52649316262,156734.13675638672,158472.90854460103,156236.8257657274,154316.47164299892,155387.46646135816,153819.80048025478,138778.015625,153819.08567346155,155181.12949323238,153525.42991118116,156294.08830694575,158104.58108829337,156236.8257657274,154354.02681471992,155264.59277942876,154016.6618542585,138778.015625,154122.07699230962,155265.39268149473,153525.42991118116,156260.6382306841,158077.4551396378,156236.8257657274
2025-04-24,158818.515,159497.8,155293.24418133782,157716.2634252967,161531.18405997043,148549.78092,171842.07754046304,170048.99418441433,169157.09143658582,154922.6,170846.869066487,162139.0,159392.6011165055,174136.86339962005,141344.171875,155457.328125,160791.7239970454,141344.171875,163658.1752324967,163469.00845960557,162744.12882245824,154922.59375,163418.6525884218,163473.8541510765,162884.47547228687,163524.463540166,163797.81007386575,163003.87843521652,163429.41195580707,163217.3569396802,163506.70496455944,159392.6011165055,163691.0801429027,163517.82158613662,162701.18134658143,163492.33658432006,163380.53964529853,163160.98166794624,163737.17412350143,166503.86208097258,163762.15994106175,159392.6011165055,164521.27589091763,166445.53999408562,164095.96183450578,164633.14729700855,166070.29176791303,163506.70784263976,165104.83386459245,167762.00815187054,164550.1996248296,171842.07754046304,165337.382948332,166823.81214076577,164955.410846006,165460.571065806,166700.8126985925,164919.41170621826,160023.9513938152,163514.22621730488,159373.55243710743,159392.6011165055,161064.79635116627,163897.6079065693,160233.00144860765,164013.16625743866,165999.44165949477,163232.3456523638,159117.73037896637,161193.42531180993,158709.3108987104,159392.6011165055,159912.41650651552,161828.28540643567,159568.75991021065,163655.36223739045,165552.9178553741,163232.3456523638,161859.34189486405,162711.66441814613,161833.09926416265,159392.6011165055,162255.8943741243,163011.3411510764,161833.09926416265,164342.93782682923,166057.6952582334,164044.4037841509,159284.10842322922,160670.8231284871,159464.98301524686,141344.171875,159933.99224547096,161441.84041014014,159783.15786643734,163825.78897508373,166066.25463377353,163184.95477265064,158398.04840235526,160101.2378316328,158060.0926727951,141344.171875,159145.59212279995,160989.3552555546,159237.71653548582,163756.3374856748,165997.6407439534,163184.95477265064
2025-04-25,168602.572,175704.27,174695.67237221642,175553.94798709577,174937.79263442912,167801.11284000002,190045.43942722477,184333.35886394582,177790.9787366617,170237.05,188734.3524517623,155856.62,176038.55006532505,177012.459160169,155772.25,152360.53125,173124.958885922,155772.25,179177.59653146288,179001.68252936652,179650.0149693413,190045.43942722477,180183.79899690565,180509.7268161574,180635.65586861517,179866.90402215288,180183.27558889028,180359.393811933,180085.55278591232,180098.19444155437,180887.66482874274,190045.43942722477,179690.7431338532,179883.31671603228,180742.181142404,179866.0012589148,180139.5413549311,180465.91908572183,181499.08795888978,182787.38302578178,181844.20142214926,190045.43942722477,180563.40429796532,180946.77683076452,180410.18187460938,180098.90951767348,180407.672450518,179137.11128099114,180751.10881843357,183161.86668050266,180925.96199446375,188734.3524517623,180159.83112982794,181074.88691115685,179866.40170292964,179740.5246989076,180445.3357978246,179616.80787315842,176028.35291375767,179772.67104845226,176227.82916814054,176038.55006532505,176967.83862628427,179540.38624916523,177192.89107601318,179007.88464495155,179857.26849073594,179616.80787315842,171762.4406995333,174777.17674096514,171377.1750535904,176038.55006532505,173123.2685367251,175574.20795996537,173469.7616669547,177028.3403268269,178591.6579944575,176794.7938151578,173705.29914132334,174688.82077169325,174074.32368535647,176038.55006532505,174575.25703487606,175563.28180256474,175039.3855932291,177197.64408887166,178624.21395098005,176732.36110204057,171523.90092838887,173339.20341133908,171619.72333882388,176038.55006532505,171472.33988520276,173697.29923426977,170722.62584490885,176892.56348276613,178533.39629068025,176732.36110204057,170621.16353391449,172936.50816724973,171619.72333882388,155772.25,170992.30786918552,173372.2172569448,170722.62584490885,176862.53762357283,178521.21164886391,176732.36110204057
2025-04-26,131659.894,161953.53,169462.77953020803,171945.83371592307,148481.93629086454,132673.51816,129635.15099668945,163181.00149272813,157771.94763958716,141277.08,157948.78520730083,113683.39,142114.62029806618,157128.90674619854,143399.25,151007.125,149444.32367183774,143399.25,140066.8020731302,139740.741558729,139890.04125897365,141277.078125,140515.1687045482,140571.22599341662,141693.22428363544,141216.55911527143,141104.6530729364,140353.37682444986,139295.11433829233,139094.81075515415,140414.56234586917,142114.62029806618,138997.34817029143,139345.2126400374,140473.02570631646,140796.67875738605,140708.04364023215,141648.65749101707,140840.0447193367,140691.14607354286,140751.5586186511,129635.15099668945,139702.58796762838,139735.23352143017,139237.94312908326,139614.94932424932,139702.94404939335,139203.65995238748,148284.93826794712,145502.6262781141,147934.0376993921,157948.78520730083,146457.60104175645,144757.03026131185,147649.4574504001,144737.49145485478,144077.9353247011,145501.20630286128,145897.51705862177,145516.733594941,147017.79528347787,142114.62029806618,145873.12889882483,144873.75791762336,145715.50198670922,144407.26435138338,143565.94816287333,144952.9208589133,150327.6916903653,151301.70138906472,150508.63751669863,142114.62029806618,150259.4970540441,150968.38423363946,150085.18491184464,146799.9813425443,146307.22333491466,147974.3354883053,150298.7321141573,150690.8653371511,150146.35775479386,142114.62029806618,150217.29163102186,150555.29699771636,150085.18491184464,147394.69951248716,146736.20799098787,147974.3354883053,150628.3968926094,149176.5705896021,151640.12297539858,142114.62029806618,148489.0271516664,147241.57207684685,148621.68183705537,147224.34652952384,146120.2270995774,148728.34334112602,151370.45765581218,150670.9035090881,152687.28435218643,142114.62029806618,149073.6300818206,148294.3914166243,149500.52252897,147278.39112479656,146201.8020235678,148728.34334112602
2025-04-27,148001.515,139731.17,128528.25659229232,163234.5239655948,134080.6837495512,129276.29780000001,137467.94389493405,151571.51083548408,141980.67400990956,145510.25,161517.60050835216,126746.86,147167.6446172581,148391.00592069371,143184.296875,140400.25,142585.93133460465,143184.296875,140210.36716390308,140366.18196768034,140515.61338954035,145510.25,139876.06664343594,139580.94625491527,141990.07973230426,140285.21383690965,140340.59675236983,141428.4119799062,141039.37735276564,141018.07906072063,141167.187125949,147167.6446172581,140053.91358087055,139849.96286910799,140610.17547442572,140267.64036094595,140208.54462918104,142122.7256436233,143178.7089706709,143180.03049908395,143657.3770443446,137467.94389493405,141729.24092038273,141706.19775290214,142001.62746656596,142227.89935865623,142277.1831398472,143224.4391081052,146966.0828149586,146543.53824023993,146298.75304921265,147167.6446172581,145853.77909289076,145309.6459596039,146031.55854826342,143649.61091949925,143641.93877840185,142352.5599844418,146308.64961621814,146608.80623644177,145969.4361993401,147167.6446172581,145342.36171064715,145358.31830622858,145011.59330169033,144322.55903587147,144212.42277349575,143733.79789747996,150170.2660605073,150757.84873170662,150264.2771445643,147167.6446172581,150321.16152572175,150641.24336305843,150586.53403110037,147076.04042304543,146909.71328231218,147136.29335339236,150456.6630270295,150206.00401232784,150396.85080527855,147167.6446172581,150569.21309170843,150482.901452474,150586.53403110037,147126.49451329777,146930.85008078377,147136.29335339236,149703.59130224917,148121.97144194331,149187.0040127917,147167.6446172581,149059.99502643704,147654.44159142819,148829.968289108,147845.28438417765,147089.95175591926,147136.29335339236,149573.5179554014,148795.73304661352,148997.32078696988,147167.6446172581,149102.01454712928,148036.97245208116,148074.9520438715,147759.9397925748,147014.598044153,147136.29335339236
2025-04-28,167403.357,144887.92,141513.1200120501,162721.63567597355,142873.30956165137,161190.37284000003,155039.31700877514,162042.2945508102,155152.46842297222,162416.11,170113.14062426865,156549.19,161606.4821916821,154784.84994985524,164123.078125,172912.6875,157861.73168086924,164123.078125,160090.58257547006,159281.2431417893,160224.10111487555,162416.109375,159772.77040478692,159387.88453223166,159751.83963275226,160232.9860959367,159961.5458192984,159983.2775581288,159402.23563805528,158510.75338638527,158986.5387963632,162416.109375,159688.37347183353,159736.93471857652,159285.34749860497,160136.3046312549,159420.8975658906,159944.72388273268,160066.1881427539,159970.612395455,159641.44369652696,155039.31700877514,159567.05777236153,159758.07530100373,159458.98854620877,159928.5326907711,160024.53546412304,160064.56178431926,163868.44115200915,163007.90275075255,164182.73312392575,161606.4821916821,162458.01090750104,162102.16296490212,161866.7456649891,160731.10107127315,160837.45752933092,159813.19971854912,162976.72438989676,163145.02878739205,162704.86244333143,161606.4821916821,162371.49197196157,162402.31178685007,161399.58352947666,161674.96350223204,161313.21331052374,161625.86577425135,167568.12586097102,167963.636092707,167613.34025372812,161606.4821916821,166073.6711580351,166461.4526687563,166116.32484346654,163157.6010786708,163530.7542229003,162438.42497938976,167340.19980665695,167444.22731074493,167061.47567035997,161606.4821916821,166097.37168650847,166205.11836693695,166102.8509890659,163194.23373847877,163517.05332644173,163084.32750911682,168015.20377642638,167434.3211040782,168018.41922670844,161606.4821916821,166646.65043340193,166106.30831343535,166459.99065527986,163988.39122136668,164053.20454217694,164292.58005586534,167672.40706254335,166301.66805329162,166089.49392055505,161606.4821916821,166408.68393064107,165539.54746905735,166372.93708111337,163828.58992603465,163868.14891184762,163561.30507691737
2025-04-29,157139.628,150246.14,149503.79074586643,165323.24674211282,144506.98064454706,151558.91364,152516.83142378903,167083.3748745553,163551.0626074574,154977.53,156308.38295557,156289.81,152953.47597866153,161224.69221980756,139637.90625,169295.96875,155665.20741382445,139637.90625,153590.80371901693,153873.89691732608,153413.19231010866,154977.53125,152867.63629776728,153384.85395478405,152709.6969870832,153601.9579620565,154047.8049475867,153530.36849230918,153818.72210475098,153707.70426795277,153569.46200906488,154977.53125,153159.55182330668,153204.12233184473,153364.56433391816,153653.7315016902,153593.80521827837,154115.81526510257,153148.10253170072,152159.84506335328,153789.15016032362,154977.53125,152468.31255887495,151781.1494587612,152361.24318726498,153416.09106612258,152851.5066115403,153586.81139234238,152996.77014848162,154556.84098698944,152993.63968204273,152953.47597866153,152521.50131965816,154134.1143508069,152760.89468918,153656.50980451988,154780.45722343336,153878.49096418472,153817.001908366,155407.93493895346,154070.14606942883,152953.47597866153,152905.2250795089,154586.09167629026,152404.2957582121,153771.43803318526,155000.03998940822,153356.41808213276,154797.4958008,157022.62909732637,154808.09254942226,152953.47597866153,154196.32392515903,156841.4218224637,154626.6581690722,154329.4562937516,156125.16265370778,154059.04103712668,153963.76341345662,155048.6307382796,154014.2603253475,152953.47597866153,153481.17714306473,155066.93905822648,153214.36947859603,154238.52657105,155878.5982001178,153445.75888599386,155037.93799006866,155954.69345657405,154808.09254942226,152953.47597866153,154732.83371296249,156058.4453249259,154966.96571710505,155080.18350395394,156959.39274640434,155038.597649412,154536.82846823314,155133.2132663385,154147.8276448989,152953.47597866153,154368.5411159009,155229.27246841812,155084.2536890857,154882.60545494183,156570.79967352084,154398.46427775142
2025-04-30,131778.549,149964.48,141292.97749881778,155230.30726502778,151188.1627245751,144916.868,143016.6512925377,157802.3258290196,152253.98392192455,148544.95,145907.46461032532,159753.53,136047.20922917532,154721.76503079955,128741.0234375,149151.921875,147902.24196431352,128741.0234375,143046.89119938933,143447.43866740368,143189.20842489597,148544.953125,143209.94425677336,143244.57298566247,142870.1980895781,143433.54217147653,144438.36431263178,143452.46089310848,141251.1656200388,139982.37512219357,141857.31699467517,148544.953125,141471.6680975158,139543.41862885494,141177.52519205434,142018.9075484884,140681.4324100889,142306.39766923647,142304.49832604965,141561.9925725267,142597.34231246982,136047.20922917532,142116.1185486011,140867.96082542287,142804.83691357693,142265.48215963974,141145.97032097398,142804.83691357693,142076.14945621954,143914.75319956488,141272.13012825313,136047.20922917532,142200.94807758834,143603.40394606438,141931.46663490433,142418.02055483268,143269.20036382016,141736.1979515686,141940.99408439934,144630.10491905687,141309.81974600104,136047.20922917532,142037.95337477027,143977.34670123455,141840.98012502518,142650.50827579602,143689.95471144794,142468.98639031206,140712.7690832384,143735.64098652982,140422.4069128103,136047.20922917532,141087.0647007233,144210.7595190291,140789.58767743944,142526.46293660012,144238.2816974829,142166.01147062812,140249.44936187004,143115.320255877,139936.03075433234,136047.20922917532,140492.021419594,143827.80883326897,140927.24545447694,142348.8934780478,144321.45397405874,142166.01147062812,141295.92704228772,142890.92514373863,141377.51426950612,136047.20922917532,141788.7988059943,144196.29367242678,142036.8507761573,143135.35539437266,145429.0949852685,142303.66924766565,142517.9998231158,143391.50862593166,142270.61384955395,136047.20922917532,143280.39762365448,144150.040205172,143829.47964032635,143238.2083662095,145159.46425112936,142635.54744115908
2025-05-01,111206.79,128474.695,117100.95312663888,128406.57724171941,123067.61023849204,125466.13788,115356.27541458892,116654.7156766201,111476.25060071897,133502.89,101896.87254488052,105484.14,103339.86483300953,115864.59288818655,111917.203125,124536.21875,117502.99992549032,111917.203125,114665.44746301784,115241.97083820039,116006.89263240338,133502.890625,113959.29125909244,114495.59797712383,115905.21721610306,113010.56374857786,113541.28209388602,116444.03279123247,112991.47904933646,112729.57631025647,115040.65972752712,133502.890625,112820.36439504384,112096.0203964258,115022.12003309811,113235.4210316037,112650.98206644689,114483.30445796868,113732.3455722221,113172.52576658402,113575.62968774563,103339.86483300953,113716.32169517994,112650.82552020525,114876.89438040386,113522.08551648547,112873.7695180264,114046.16429913958,110557.09809019073,112561.6771699471,110454.7241655499,103339.86483300953,111091.1450138046,112748.56507502982,111266.47040125598,111559.74678764437,112180.89513347513,112095.59174970486,109859.89738784435,111689.18744670201,109564.8574628165,103339.86483300953,110545.59207384766,111839.15192033722,110716.33446061122,111505.03526190252,112106.54462853693,111881.65217852827,109134.32465900414,111027.69529391688,109033.54298122245,103339.86483300953,109592.13559242687,111388.66642101013,109845.28921692853,111100.02809388048,112020.52085717826,111222.18853792266,109215.0860678795,110725.34664979954,108869.77763409915,103339.86483300953,109252.14840757425,111101.78723881174,109273.07918923427,111000.25877593423,112023.40578030609,111222.18853792266,108101.68124492641,109611.97643776705,107575.7296739039,103339.86483300953,108167.1738579368,110540.22813408558,107746.55196343339,110491.76399056078,112002.14656698129,110241.53382965742,110724.06483128126,111186.28206489029,110199.38595158485,103339.86483300953,110499.73969135997,111180.74750538345,109809.96975101103,110833.63625921177,112176.63244682734,110813.74385735168
2025-05-02,114830.313,136111.78,134340.82814825905,134028.04193719418,134687.35470970743,145250.12572,122945.38140972081,125290.54046766888,115823.38887700319,139724.95,106531.20912356803,102827.58,107940.08625643412,116760.03086100034,105452.8359375,102023.0390625,121982.47833403708,105452.8359375,112140.31628327366,112283.4798907832,114290.710673392,107940.08625643412,110783.4291468004,110685.7203293847,111944.16722859262,111322.89724924987,111270.45990828481,112658.70509303486,113859.57714156467,112771.20912264925,116001.55055436854,107940.08625643412,112263.0182745657,111813.44503481386,115050.13170717069,112421.03245587688,112055.4846005115,114886.8080464564,112978.37546345845,112711.10891958312,115748.93128843205,107940.08625643412,112242.69490761265,111749.0118193987,114065.57460397643,112384.77876316383,112022.81191958324,114983.04231989136,112403.88429259976,112936.86888195483,112469.18184453691,107940.08625643412,111980.78065999775,112131.18129027169,112203.15597562565,112218.59145656755,112145.76042519677,112388.68585428281,110563.61094807558,113931.781900937,109842.53593728013,107940.08625643412,110813.81128797765,113046.97608482945,111849.61753115783,111372.45231463427,111617.00361929703,111421.5287239041,108123.38154465678,109981.56082800025,108413.46020839567,107940.08625643412,108478.46190975209,110002.18380971007,108310.75800019872,110792.21616399444,111186.24831421586,110706.99085946189,105664.0531796768,107349.23946138244,105751.20148022127,107940.08625643412,106085.2668255452,107836.62687857937,106532.82873194283,109765.17464422954,110338.83394030946,109925.36360774032,105778.65231567778,106774.91736967984,105802.55258431974,107940.08625643412,105797.32999799334,108231.49912630886,105751.20148022127,109203.9708571524,110104.54169319209,108900.28358785523,106483.75280892558,108386.7837774667,106831.42366973429,107940.08625643412,106799.93710907806,109019.93276358611,106869.73505366285,109293.6553249351,110230.06028588419,108900.28358785523
2025-05-03,86798.942,115616.45,109035.7839444213,108421.8167651905,104780.31971636122,100995.84715999998,97887.03801371765,93015.31703200113,98074.14556494413,107436.695,79943.73648660617,78768.29,75906.02954593755,98879.10672234923,93977.5546875,99721.7421875,97497.32502176861,93977.5546875,89335.08723312941,88559.81348099583,89452.03170813066,75906.02954593755,89035.14458903759,88392.37632185934,87900.70363307268,89082.58217368565,88483.3351437149,88811.12024979731,92290.57648157592,90892.96316005565,92510.91479594061,107436.6953125,91959.16033547912,90925.83577663869,91765.09844394602,91214.21130383277,90316.3484988098,90904.54962768113,90185.03622939409,89639.01678735061,90817.18276226295,75906.02954593755,90531.77369745092,89849.081313832,90263.6381693478,90341.65229328387,89646.64101956351,90904.54962768113,91200.23163709021,91129.44761910915,91613.63539743285,75906.02954593755,91659.98270085527,90979.12684515947,91508.7305037716,90843.40838367838,89985.62732028581,90455.90992842727,88603.8424035481,90989.46036821404,88469.39641607829,75906.02954593755,89789.08356886622,91592.79828017198,90052.7880684833,90305.12808502075,90825.79942742293,90654.28757390914,88906.57514490516,91318.42892535393,89137.6734732637,75906.02954593755,89654.48394569801,91746.97567234671,89805.95053044912,90210.5828566365,91020.70612878625,90654.28757390914,86447.80856690336,89663.6624845643,86091.0021582586,75906.02954593755,86942.82751244486,90230.87063452834,87805.99390438595,89296.87480931098,90687.79684456416,88753.12995510479,86159.64903547133,87832.07364978114,86283.27391733805,75906.02954593755,86649.57074659469,89000.4308576262,85817.46942016337,89153.84579343836,90749.42439972355,88889.42802732204,89067.18587674675,89906.51693537974,88600.36823285735,75906.02954593755,88578.12834941816,89937.37285896807,87602.58475071451,88767.04884139268,91070.82422934474,88308.51783555484
2025-05-04,112768.501,133150.62,130272.33365603586,117936.73379895797,118348.55704960263,106785.27003999999,116497.77071701856,120141.83287261448,106019.4146218885,115998.0,142031.0123459723,130868.47,100792.75712499046,109729.83038490378,108311.7578125,95930.0546875,116854.29459079896,108311.7578125,106538.12550153623,106326.99211865716,106773.24436697873,100792.75712499046,106356.12953673392,106513.52211428637,106256.94383581026,106333.90114719872,106454.84947359505,106025.38657688214,108710.62192383248,108201.30885711822,108627.00759895805,100792.75712499046,108184.85605989653,107914.87168347611,107902.94841443379,107763.95551628261,107523.8992310575,107879.14980886148,108338.38285757847,107512.9843549262,108500.51720609999,100792.75712499046,107954.8059002447,107336.52713364248,107752.65941600341,107529.5670566864,107175.92729367518,107521.10215707531,114173.0064149412,112650.04094141845,114383.73264243119,100792.75712499046,113162.65689345017,109747.54292480405,112420.00620333682,109850.02157061172,107688.52486173277,109118.81706343159,117330.71395058278,121767.22186789042,117210.79090539945,100792.75712499046,115560.924701886,120749.4549075413,115994.92225640162,111534.81324013483,112092.432559437,110851.60072921508,118316.17022193845,121724.56549944304,119077.0802962596,100792.75712499046,117838.8317390144,121312.91122921166,116815.46994042679,113489.29334937777,114495.42099308858,112656.45980330993,115705.55330658943,121399.71729802704,115402.85142186943,100792.75712499046,114592.15761716187,120661.02051439247,114186.98277287163,112809.41359927594,114979.5403247817,111908.60201321336,116632.20318580141,119032.74745008298,115402.85142186943,100792.75712499046,115491.3367103527,119163.4848863651,114776.58768358592,113160.51999645459,115287.47031143605,113872.32845230773,119518.72830729396,121511.34207471395,119546.61239510846,100792.75712499046,119501.36668162984,121442.95331373456,119015.06270006216,114254.96220501699,117548.32188805632,114556.64740625922
2025-05-05,162396.54,159278.58,162070.20967213408,162310.95472164016,172751.03214443708,164675.50652,169147.69950126595,168892.98145890946,157178.90142304188,161744.44,201788.3119715364,142453.9,161923.71910164654,154317.43263892527,152728.4375,138086.765625,161956.59161023577,152728.4375,162496.92046490693,164536.52430909776,162379.0267925088,161923.71910164654,163277.68893460996,160563.46320567766,163589.34260539696,161344.99664650924,161932.17807463717,162035.02772586027,160878.57036091707,160542.46534780052,160730.1533093463,161923.71910164654,162244.02656417826,160334.25761037174,163446.53822213475,160203.6340830899,160135.96659731795,160394.6914618238,161848.24461553452,161134.1668540179,162303.11688450314,161923.71910164654,163531.0040097895,160751.16846354047,163513.43269739125,160478.20194000824,160370.74248614704,160394.6914618238,165607.32262166418,162933.2362878997,165224.00367195488,169147.69950126595,166885.66096382547,161530.54109576106,166786.85577061758,162208.602296652,160361.4945890421,161855.13485554967,170822.46858288677,175291.76580391248,171367.87633480324,161923.71910164654,170789.44717364255,173748.34369988315,171367.87633480324,164151.1948948804,164630.08268029627,164331.58118724736,172294.28972676405,176348.09161855513,171924.83697198826,161923.71910164654,172339.0481510989,175730.0115095216,171924.83697198826,165525.99732242193,166183.3324360408,165307.76368127158,168664.25809566362,173432.2387965941,168482.19187185654,161923.71910164654,168072.74686974805,172670.6812872165,168482.19187185654,165076.20431936253,166554.87393172522,164963.76461462304,169799.3446745391,172313.1816044683,171077.72828827988,161923.71910164654,169055.28771154286,171904.24263185315,169523.4134087432,165159.29763497313,166677.58558136725,164963.76461462304,170352.32696294333,171957.58672159165,169683.2833478037,161923.71910164654,170078.50251454307,172155.5848612185,170380.5058180418,166171.71584734088,168961.19707589434,165590.9455488432
2025-05-06,184627.41,189810.8,201925.7285623674,202191.83865399432,199135.48078329492,191920.39371999996,190407.060155147,193469.70704658498,187356.322792201,178809.44,204507.8829457268,151082.03,180508.63688355303,181800.60851765628,184208.484375,174770.0,187460.29400403504,184208.484375,182430.0814298629,182863.59679474618,181526.89142071208,180508.63688355303,184602.36936599397,183961.54014220968,183796.71874373793,182898.17421786403,182861.15989894228,181723.9840568745,185161.9872032573,184674.76551526217,185345.2864290388,180508.63688355303,185913.3180469027,184835.6941282555,186273.85165120923,184993.14808610975,184214.90751548388,185323.38457682,185276.09941378207,184439.99572496646,185442.37163818668,180508.63688355303,186005.06898077298,184934.9272459142,186290.0226039975,185021.49371334337,184112.7191990627,185147.2013629416,186600.92555261333,184294.6501709545,185360.1091581899,190407.060155147,187552.40084552302,184697.99966697232,188057.1750936248,185277.72116418649,183796.6690526908,186273.85165120923,189798.08638332272,192464.24574574837,190319.82506638858,180508.63688355303,189088.81511759222,190313.39934690323,189177.00382533268,186174.52348498892,186722.48236014682,187290.6513292562,190534.74082778807,193153.61777969103,191390.58280435624,180508.63688355303,190027.7282857148,191149.9105601011,190247.76156330036,186546.76551204675,186885.53684457176,186945.31940314162,188478.56822899435,191138.33673652858,188296.2279482311,180508.63688355303,188274.82469596903,189996.1400079214,187997.08500181173,186356.82744920754,187349.58170747577,187321.6168798289,188639.92449351595,189937.55032049355,188296.2279482311,180508.63688355303,188408.2754120385,189126.7908343848,188446.53663871647,186259.2301055791,187115.95787615984,187145.4336659505,189341.93596126078,191022.68487845353,189262.86597540855,180508.63688355303,188900.9869043566,190563.50896933544,189262.86597540855,186485.6129743758,188356.84430109127,187145.4336659505
2025-05-07,179123.671,182858.98,185165.10743879204,201230.84081323125,179680.22171846902,193496.24292,170301.8614978409,195273.5790226631,181569.30166118479,173034.25,188650.28606166237,158650.64,173247.0376234604,180242.36214876614,171332.09375,179774.03125,180967.1227270713,171332.09375,174054.42472120654,175022.68788128602,174460.50911926918,173247.0376234604,174206.56674919615,175207.45801162286,173790.3364375415,173798.36055036858,174111.03161576163,173785.75075494815,173459.83341337845,173350.40401551183,173598.47309691197,173034.25,173463.77965268906,173004.7986276292,173468.35935871396,173593.78289550164,173172.12331423018,173738.71957908437,173656.21659712645,172696.68302863464,173147.41739442822,173247.0376234604,173475.63967464457,172804.38424820194,173157.55013840256,173468.6738546544,172696.16806214442,173287.6638766006,173653.18594667828,173041.2133464288,173417.27317722925,173247.0376234604,173520.88113450012,172922.71022847018,173553.84842591325,173557.25267198702,172750.31137283277,172592.5973528644,177852.73295368164,179297.49776896753,177434.36041482657,173247.0376234604,177117.94598930664,177959.90014795592,176700.8723939598,174379.16576272852,174459.27709226258,173696.0860166911,177188.14846666734,178945.4711289993,176988.58099895192,173247.0376234604,176703.87903801684,177613.9851421686,176255.09297808516,174364.7723149038,174451.6615743675,173696.0860166911,178944.95518058934,180120.9130559585,178953.7320678052,173247.0376234604,178527.44213121475,179154.1664290033,178129.0562434403,175050.5019839684,175457.627157336,174569.8205197302,179092.80923611802,180273.13824200095,179168.75163328275,173247.0376234604,178652.09823370553,179405.34436102482,179002.7907464794,175142.3989409244,175687.5376232945,175173.6992399683,180100.85317125695,180989.90860467043,179993.42745764763,173247.0376234604,179589.95907325202,180801.06174471322,179570.7486570923,175783.263126611,176921.5406493068,174710.06700190256
2025-05-08,176374.682,200344.83,206965.2256947339,209128.37678480434,180268.76839426655,170739.63388,178267.85061937937,177904.90320910732,175642.94772826636,180157.0,167285.35560040496,171400.31,170632.49811984447,178870.27521348285,160735.734375,172361.640625,180047.023391286,160735.734375,171424.20301061036,171659.65149139328,171474.25035650746,170632.49811984447,170833.14298038807,171265.84796114627,171324.70901763433,171270.93684012635,171131.10292985948,171307.42580762133,172961.3115444376,172334.3527690854,172812.80960857746,170632.49811984447,172607.18357050786,171276.69386002474,172169.23553092888,172061.95195848905,171396.51660910257,171736.21907195964,173675.21221403842,172820.0278846509,173611.10969735004,170632.49811984447,172657.89408475993,172307.94303667577,172496.26115566122,172420.07724010487,171916.57245180366,172776.24701904625,173329.53426736392,172900.22732832714,173428.70270330244,170632.49811984447,172708.33940383262,172214.4961400078,172503.88053068338,172444.7107817212,171907.51746565395,172222.63243571293,170134.81911537447,171488.19305242627,170491.7991646809,170632.49811984447,170457.63580926755,171181.288554749,170715.83007245715,171545.46494879582,171683.08150141392,171692.03710740627,171038.5553792051,171934.73589826777,170690.897937059,170632.49811984447,171746.40555222146,171628.32288869593,172657.4631803263,171588.03536155313,171735.4155824156,171728.59969693748,168205.27364210508,169469.1627899205,168324.63478197315,170632.49811984447,169271.7824319326,169308.9006262238,169902.26568049335,170981.3445335351,171322.03289845426,171205.623743653,167645.5207389976,168581.70672272387,167572.1122229625,170632.49811984447,168649.7621284536,169107.40356382134,169379.28972720884,170790.82662155523,171173.92258042854,170634.72595030675,168450.61194741973,169133.45615704224,168355.27341202198,170632.49811984447,168376.83045676668,169073.82202295147,168514.6611510429,170641.90030036806,171439.2865944442,170842.03552938942
2025-05-09,160560.083,211321.78,211721.1300198183,216132.84336935496,187736.2730203154,199479.02592000001,198479.68568949823,203300.58360107095,203457.23649282733,187354.73,186755.6640920697,176826.84,196358.94028710667,203667.6839658486,164425.453125,167115.15625,194275.53568052736,164425.453125,184895.00065994685,185225.7643213783,186943.16834468817,196358.94028710667,187534.34318638733,187538.30475852703,189732.62967654705,186338.15378838126,185943.07782357148,186529.6329017068,190827.01972317306,191104.85121484593,192613.63581640914,196358.94028710667,191712.34090760595,192451.94001607088,191322.56013781228,188603.919887582,188517.5550337016,189671.90526964038,191504.66628280203,190556.88456898744,192916.62261843606,196358.94028710667,192283.9754354552,191382.66700556208,190362.17440362353,188822.6771181249,187919.7970636775,188503.5180527746,188640.18707078637,188721.68287483143,190234.09330243303,196358.94028710667,190390.26732865794,189134.7976648857,190234.09330243303,188176.4606092774,187506.58107613522,188503.5180527746,188388.08767536824,188446.80702771337,188575.97877274893,196358.94028710667,188874.24468662043,188934.13863420885,189033.2776391793,187937.21097770557,187571.8862455372,187411.64751706034,185751.40141352592,186799.98007997952,188062.85703050395,196358.94028710667,187094.2327726738,187293.91072457132,188648.23699812472,187142.66426796216,187190.97149733463,187459.23514708423,183754.20037656528,184130.2655401443,183785.93940149745,196358.94028710667,184671.55812370096,184459.58144183917,186367.33225696674,186354.2890479281,186675.27273104253,186853.36077432564,179856.3312885319,179820.94538295944,179984.39241452483,196358.94028710667,179896.4243809352,180216.92766681936,179049.13013633102,184918.13420409727,185244.53740138444,185359.81175339717,180702.32840109617,181007.91705776198,181047.7357939091,196358.94028710667,180266.0413763058,181091.52677427183,180112.47351571528,184574.1220004239,185268.84040598545,185359.81175339717
2025-05-10,128284.906,122700.94,119166.98837755296,165553.3535629899,134522.1376678528,154892.85184000002,137649.51129778958,148355.24824753436,151910.34778390074,148939.72,122238.67255667309,121773.85,144293.41508268376,153219.09599676298,123704.421875,138721.515625,139176.137848416,123704.421875,137051.12271349184,136283.16149287915,137565.73868126524,144293.41508268376,139536.75631836342,138878.22264842186,141118.56778430074,138428.15650410633,136946.24147647442,139125.7615134441,139175.62919513896,138289.34157520006,139789.8133907198,144293.41508268376,140680.47991067014,139542.25985445635,140927.650014941,139419.7355029695,137788.92200646203,139789.8133907198,138426.72709737235,138135.4975216787,139454.2952737182,144293.41508268376,139392.1369986095,138362.3450465606,140434.72352170313,138703.0214433832,137474.47017515192,139770.67164442744,138605.16106648286,138383.9628934194,138441.91725084645,144293.41508268376,139534.09687455537,139307.98986481654,139785.05657984174,138912.40673025075,138143.66919480867,139770.67164442744,135193.53627773174,135539.37531209167,135873.63424199386,144293.41508268376,136217.18754179246,136475.84480907087,135854.88448051212,137697.1048820771,136720.88264912562,137442.7392413798,132596.57850239315,132722.9305635942,132475.58934063764,144293.41508268376,133806.539054374,134044.0826400295,133626.12328413565,136490.2541204061,136202.02217352542,136708.88977751712,132754.55715895383,131735.85520547695,132742.7054275261,144293.41508268376,133631.15329977428,133273.9904459301,133576.86300031486,136116.18716476284,135714.65342186906,136171.2608512214,131570.73835602019,130292.53495152225,131693.4785207205,144293.41508268376,132023.71174736286,133293.09291543052,131812.5363911283,135314.33693800337,135970.7916000283,136017.00597155257,130507.47093706534,129993.41199395966,130978.37881833954,144293.41508268376,130934.1232609326,130464.25433297642,130832.10814314334,134660.4025946179,135409.18926678132,134535.15691524395
2025-05-11,135130.11,145167.1,135302.59374207363,151486.46808705808,135831.9722799306,146556.86075999998,137224.19547314313,142429.0698971519,142219.36293861328,145049.39,134908.58811825977,151448.78,140894.13134880428,146555.17090547754,130625.703125,131996.4375,141179.72132003415,130625.703125,135139.15546869044,135069.69572397956,134942.58898764817,140894.13134880428,134385.31288901524,134272.10332929489,134269.16719354485,134622.31975017468,134651.3096342774,135001.00340687265,135155.85718464703,134888.5576459662,135237.0958902047,140894.13134880428,134406.62053293767,134230.54603248893,134693.6481317842,134394.9455541492,134280.02921542956,134016.28690431482,134295.93247654734,134202.75126151627,134918.94253549853,140894.13134880428,133628.91167312613,133614.80363140965,133338.92567684545,133862.39646437694,133827.4695053401,134126.55392121404,134989.80702242468,134821.6380050248,135712.64819496538,140894.13134880428,134052.15000791967,134003.59744668464,134330.50082565498,134078.5764948565,134008.91001628863,134265.2277601788,134585.20637573258,134505.366092047,134436.0471780347,140894.13134880428,133835.84475908155,133788.91772300255,133587.86653270942,134027.66032152605,133953.86813787182,134265.2277601788,134786.2049258615,134961.96453319394,134638.18957426446,140894.13134880428,133841.28616657687,133974.42127679137,133652.35836703217,134040.5854835646,133966.5816262031,134265.2277601788,134350.47735562932,134602.34116937686,134215.5131442363,140894.13134880428,133698.05043477088,133960.38703172957,133477.5995158102,134028.85301730488,133979.89783231574,134265.2277601788,133961.13032372782,133634.06950690626,133846.61510115388,140894.13134880428,133203.72303763888,133313.538324832,133153.69542415082,133840.86129325052,133829.85162069128,134016.28690431482,133994.04619330203,133729.69266096715,133781.3420356777,140894.13134880428,133265.666491902,133119.82382684268,133153.69542415082,133832.29257144558,133797.80804427422,133951.01383883864
2025-05-12,168898.962,159707.39,166406.22280568324,167702.18476604632,164511.61372369374,165818.91588,174006.90246546557,175459.7955370232,177891.13975480813,169677.22,173265.04193894687,174055.12,176518.90717765223,174805.6777488751,156634.1875,158327.0625,168985.8257448796,156634.1875,165330.38467053103,165470.43246980326,165092.64714845948,176518.90717765223,163400.510049352,163331.47263553325,163518.7159612723,163950.46619664834,164211.17359755383,164059.19959222467,165688.78814115847,166640.8754807053,166039.53856168102,176518.90717765223,163787.01674120844,164588.2917534662,163516.41965010398,164203.81627206627,164968.84762411792,164265.37500724685,166017.9993239153,166339.16610596678,165950.65335907452,176518.90717765223,164352.38816221114,164329.85114217555,164376.72217188732,164508.41993767527,164680.0331659598,164298.40538781753,166893.41609706858,167115.27319580683,167646.50012943894,176518.90717765223,164773.38876382756,165005.7209774582,164376.72217188732,164664.25909376086,164950.61991112927,165090.3508372912,166765.3087191754,166786.4668456001,167646.50012943894,174006.90246546557,164857.50616069775,164634.52780526652,164296.10907664924,164754.48788008653,164810.77716809945,165090.3508372912,166753.75279505271,167436.97011325898,166475.9934424715,176518.90717765223,164189.50529554606,165372.44018977135,164225.45569317124,164587.87186113096,165129.74131161082,165090.3508372912,166943.42973323978,168163.92999428685,166710.951601841,176518.90717765223,164865.65348321895,166035.39921010495,165052.7278343839,164697.9712406756,165232.18781917472,165090.3508372912,165456.3478141818,166161.2878337261,165421.5453621707,176518.90717765223,163557.83175977334,164945.40325117533,163682.7084994755,164355.87507178236,165148.03802081494,164343.69179131664,165537.7948639847,165767.4171685598,165340.9322669326,176518.90717765223,163772.60158388675,164502.6280064972,163682.7084994755,164303.11606130283,165104.77409477357,164263.07869607856
2025-05-13,170063.041,174566.12,178477.38837023274,181669.82313144254,173968.10768622003,159447.26724,177322.33581341087,187274.90285449254,194911.1486989754,167587.44,166224.56259522887,179386.69,172022.7467646491,186455.2643015422,157770.125,170903.71875,175199.17608041296,157770.125,167716.86284106073,167937.46283784244,167665.0818397409,172022.7467646491,166072.8185504129,165745.49872586798,166367.40143045498,166349.1985732082,166345.7116920036,166270.45759560654,168968.0667130909,169565.0280995066,168969.18734043848,172022.7467646491,167456.59295126927,167453.15098264228,167456.3772429984,167359.69228079924,167541.44551044772,167359.43340814987,169146.12616537025,169766.39945675374,169204.1039743997,172022.7467646491,167671.68044157285,167624.96920946328,167691.2938769596,167537.29742233036,167736.56523117598,167789.59633822576,169564.8333004567,170050.83535101518,169354.3348575648,172022.7467646491,167941.18963624048,168029.0871000779,168192.18860466522,167663.12500204425,167844.5685916416,167566.77937847475,169395.41205121353,169253.64533778682,170010.6471336963,177322.33581341087,167914.57497537826,167322.9732028104,168497.8370362562,167612.9005752405,167551.6755265747,167566.77937847475,167768.10417525264,168392.21730288243,167512.2696997765,172022.7467646491,166514.62942899545,167606.03692201216,166008.95386808514,167268.90523687034,167791.41305228026,167566.77937847475,168085.12682858593,169487.26392142006,167395.89084062268,172022.7467646491,166964.60546086376,168098.08459961755,167440.90625357223,167364.37985035835,167858.5458279915,167566.77937847475,165844.89938981077,167459.94747138966,165751.40581954998,172022.7467646491,164948.3815534207,166783.1786617826,164670.11727860337,166933.5587181658,167764.50503069232,167261.13094688376,165701.92591271544,166540.45516764268,165804.6928678666,172022.7467646491,164820.26010926758,165926.671713341,164670.11727860337,166872.09026338236,167700.04819707942,166635.72172069328
2025-05-14,143126.879,150972.1,146837.77250019653,165104.6848036331,151096.67364253598,149472.5864,132616.55165031657,171756.34468282416,167415.04432732766,144806.92,133117.144317514,133778.72,145509.09050007825,161355.0538809789,134449.625,156564.140625,149656.82978036033,134449.625,138158.39919623587,137985.93167526857,137995.0551843487,145509.09050007825,140321.4655934191,138900.88128128636,139159.25431015252,138933.93227152064,138116.50462736224,138662.83821169948,138762.67765314534,139234.31142104501,139574.76857125715,145509.09050007825,140109.49535365932,139574.05894198018,140212.32648277158,139134.28183079924,138826.9169947561,138599.38675062874,138524.31674746104,139383.60067279867,138363.33832560186,144806.921875,139983.24695352168,140340.66974524807,140109.30970019643,139159.53802435016,139320.86340076005,138992.7860665066,137754.2403323069,137735.23667553902,138913.8172859483,145509.09050007825,138401.79307624244,138296.07491337194,137852.4246867598,138399.11488678897,138300.32568247637,137939.71389388756,137770.73122350837,137699.24763778935,137214.86677524538,145509.09050007825,138145.39828300412,138174.17768921654,137852.4246867598,138244.02204158274,138282.8065045328,137939.71389388756,137701.24907807272,137772.1513611081,138174.49599317936,145509.09050007825,137918.50128039275,138153.27416334997,137900.10017887384,138187.39437844628,138361.6271621692,137939.71389388756,137535.08588780958,137338.36459454932,137844.96914437253,145509.09050007825,137584.1834331863,137981.71609075982,136823.19026019773,138117.56052631588,138376.35029830562,137939.71389388756,140060.02004726036,139347.242558761,139710.3878987214,145509.09050007825,139887.5465552144,139758.73849036748,139710.17764276156,138480.896941992,138825.3764560148,138553.6443153048,140216.72727631865,139325.18490195984,140324.3183201386,145509.09050007825,140042.76899082062,139538.19633671557,140324.10806417878,138485.58937402294,138920.3050376748,138553.6443153048
2025-05-15,164741.813,176500.86,163316.30209976647,171849.52654547518,169784.0048313661,176950.41344,173680.26632380974,183536.84498307476,183375.10591323584,162981.23,186934.77927277627,204968.0,158807.68618463783,182916.76164106882,158213.5625,137636.84375,172763.47941568075,158213.5625,166386.57105092966,166398.84675906468,167163.73785173066,158807.68618463783,165101.26723665523,165056.387046511,166588.60000893768,165813.34086807116,165834.8473491815,165447.38439583493,167722.02457334852,167642.74231419462,166212.18570576102,158807.68618463783,166584.5661616941,166498.2409914206,167325.10971483338,166752.76731125408,166726.70780882356,165447.38439583493,167405.66124075922,167256.3456684572,166787.89416652452,158807.68618463783,166246.7956471407,166227.31385194312,166183.89410173066,166712.15996101036,166551.70275385573,166183.89410173066,165278.6835213488,165780.41577340753,163609.3696168701,158807.68618463783,164366.64433959726,164320.17909778707,164694.00202191208,165270.55032028025,165321.16519020413,164694.00202191208,165689.71852930696,166091.7922463525,164617.50497090048,158807.68618463783,165393.3917399859,165377.57133635948,165042.67848862795,165755.76745158323,165679.01898217932,165673.84577191205,166973.53349082975,168786.21827678356,164686.16792189342,158807.68618463783,166353.45491992228,166487.14296853804,167672.690044376,165961.1370687941,165828.10348105358,165673.84577191205,167982.38594781765,169711.2823517282,169417.3351043021,158807.68618463783,167206.58473123022,167765.52462815706,167672.690044376,165969.3863904939,166052.42733190022,165673.84577191205,164138.32437900454,166691.69033627532,164689.31094224556,158807.68618463783,163548.29699867067,165519.96440460673,163681.17558821518,165680.91017298595,165774.88124500733,165673.84577191205,163270.8193682793,165365.29981097573,162972.95748634986,158807.68618463783,162869.56330670556,165128.23571024206,162944.6658823195,165841.69371496272,165747.24386871094,164965.62767004673
2025-05-16,167904.012,185943.94,194335.19660951797,187567.24480172218,174767.53619682448,186697.18783999997,175673.16941529076,185872.17825566587,175938.56022410255,171750.84,171454.14765391347,141771.83,159368.340132209,169904.07036217017,149425.5625,155233.921875,172380.24834942777,149425.5625,159170.7909696538,158545.28637439373,159275.04328103887,159368.340132209,156610.81834510798,153482.40399619553,156763.07893737417,158167.6035394561,155723.09712645924,158100.83998095946,158760.0354370837,158453.94702377668,159285.1429282731,159368.340132209,156849.83562730852,154274.09715458643,157549.5990266599,158062.222580248,155987.865231261,158887.36007024517,161106.44251875795,162942.7826573328,161573.86391321965,159368.340132209,159028.24474678817,159824.39743638845,159350.72602454474,159271.87179699584,159302.4320165389,159275.04328103887,163270.4092634465,164208.5799068609,163374.99091110448,159368.340132209,161485.5017082577,161417.04641522936,160889.39286629081,160664.83333435323,160222.77475727472,160889.39286629081,163089.6320502299,163422.63010355423,163323.58185718977,159368.340132209,161354.2082825066,160717.4575316644,160889.39286629081,160531.81524170242,159905.27791831119,160889.39286629081,163863.70265147887,165504.2948680965,164147.38261486223,159368.340132209,162130.52023261305,163120.21927775705,162227.15390987613,160761.9533484826,160795.9625566665,160889.39286629081,163522.57718595635,166037.8093081348,163548.6939586735,159368.340132209,162327.53973742187,163741.2584913107,163032.1029657842,160696.86965460266,160943.3811513375,160889.39286629081,161682.3355873273,165404.98726445728,161995.85307457048,159368.340132209,160787.23736403073,163869.33559467774,160549.08997111808,160529.94154057917,161188.6222543161,160112.97242423933,159781.39771416748,163273.95000569907,160045.22933243954,159368.340132209,159240.31818660177,162363.79553407716,159374.88667103866,160064.47489454594,160984.69778597436,160112.97242423933
2025-05-17,139412.106,148508.2,152192.71478389262,176457.55082749654,148657.52560129733,161108.05599999998,151208.23326180398,152229.32041958263,151117.5362867248,145998.89,128603.74953616256,121105.28,128520.75905626989,145435.72611288962,123963.4140625,144817.546875,145328.30052157465,123963.4140625,133621.4236052829,132219.41736054167,132408.36965652514,128520.75905626989,131203.89454283973,129300.7087762777,131573.2165325451,133088.13163345127,131000.52441606137,133184.40717170277,134069.10602972162,134419.60932517174,133649.4875350634,128520.75905626989,131925.80898579967,131088.48759819352,133128.15270741706,133695.99313820814,132655.19383935814,133184.40717170277,136393.8359548017,136368.50169360737,136079.51832910845,128520.75905626989,134209.40960440616,133477.88957472335,134425.52505024103,134857.25793188915,134035.5817331834,134729.84344961267,138986.87100377853,139068.7141916945,138946.46613975643,128520.75905626989,136987.6001713076,135905.04142373713,136163.31735493668,136259.62964318562,135535.32882005765,136163.31735493668,138009.3405260309,138896.6525236464,138061.42264127603,128520.75905626989,136318.02898167854,136462.69502923658,136246.66739841958,136076.50790156936,135762.69350998694,136163.31735493668,137640.6882341912,138286.4291823175,138418.4925596647,128520.75905626989,136072.04833817578,136158.57506897036,136603.73731680828,136083.31950213393,135729.53603989247,136163.31735493668,135674.43841202563,138414.78498114232,136144.2223162462,128520.75905626989,134809.05957254683,136353.0024651623,134450.92934293768,135763.16887949273,136000.16601552104,136163.31735493668,135088.66588875535,138372.55708732683,134968.3122429701,128520.75905626989,134461.68062792878,136639.94895813626,134446.97741532372,135686.72075149568,136073.84686972733,136163.31735493668,131174.61279940527,135192.19592895318,131343.5279840818,128520.75905626989,131095.5250517379,134502.02375778745,130909.49512753225,134825.73228841665,135693.38379271072,135082.96144038741
2025-05-18,170211.148,148835.55,148619.48151442158,165188.77087833852,144508.17940990074,165441.61936,162073.39461646983,148186.89747479054,143744.32087441068,152110.83,139899.45347999386,155191.53,136032.2545557489,144327.55129388615,134125.484375,143423.59375,148780.59385553075,134125.484375,144635.02049853926,144204.4740288806,142939.3036821492,136032.2545557489,146014.92797238455,145710.9061482692,145124.41927292908,144401.8800921393,143775.9293132459,144782.51673830405,145330.53016818097,145839.46312017163,144859.6238126954,136032.2545557489,146137.99257869195,146714.49582973396,145139.20466918428,144619.04529970553,144739.23091956167,144622.12508385023,146019.41127714823,146799.6025646226,145416.8570897061,136032.2545557489,146065.46994222264,146847.50821007922,145054.8261985109,145196.16342347357,145360.41698494038,144712.9236638859,147719.99064819212,148012.5250456187,146984.61915766756,136032.2545557489,147718.622701939,147686.7081658721,146984.61915766756,145933.71376424114,145747.5576620649,145187.3315920511,147091.2079260784,147994.44744279058,146218.97279722706,136032.2545557489,147053.7925405481,147752.25231389297,146713.38684650804,145861.7170925879,145968.0371711918,146243.23355093092,147209.1435129711,147232.5943851379,147016.25997273758,136032.2545557489,147086.55160447533,146865.4259066814,147016.25997273758,145909.68413880817,145789.7351311312,145187.3315920511,144100.53463631027,147826.56982221626,144158.8158156532,136032.2545557489,144081.87171682905,146838.32929935175,144249.61439568884,145375.76289812266,145948.54880600184,145187.3315920511,144624.92380376274,147296.3191278161,144995.25463501364,136032.2545557489,144677.13419217727,147191.37439980195,144158.8158156532,145471.37689280082,145928.16272346835,145187.3315920511,138667.50720984105,142789.84239967717,138627.17062895012,136032.2545557489,138933.75765158466,142539.98079659423,138627.17062895012,144555.7797663158,145487.73143599922,144131.42963317133
2025-05-19,197792.479,187037.72,186168.3039223109,187110.23492165553,192104.12507938757,186902.09892000002,189559.82500064184,178469.74359126823,174726.8304004909,179359.4,163960.1862676843,210620.6,169195.96957021268,167859.3070506611,161533.125,195352.0625,181997.30206495422,161533.125,178836.07516503264,178574.60012653895,178815.93995122,169195.96957021268,181024.03302080504,180743.11178641266,177621.73914510143,179937.52343134076,179307.60332770954,180303.92119771667,181262.51722186262,181523.74004917528,181644.89420840354,169195.96957021268,182451.98223218793,182766.43592705185,180271.84057829325,180988.49305548673,181053.98320018468,178937.23581635795,178830.1558037799,180632.86458855076,177691.70758160614,169195.96957021268,179480.8671192053,180678.54477683254,179026.3123435415,180028.821784826,180690.32930415525,178937.23581635795,180086.28420385876,180446.37426041727,180096.58206479598,179359.40625,180469.02478308487,180045.82050577857,179242.4490094272,180298.81391651498,180078.24031086988,180763.15760504105,179601.68391057063,180446.16331803793,178393.57847371287,169195.96957021268,179724.576568848,180136.3849839626,179242.4490094272,180162.70265223386,180308.82029011755,180763.15760504105,178870.0105432524,178648.37713801296,177752.86027992383,169195.96957021268,179050.3432672919,178326.1905630913,178966.62817612442,179926.19266697118,179734.7260354011,180763.15760504105,175138.52470076067,178496.1950516905,174583.43102245842,169195.96957021268,176125.17730485296,178735.45744002966,176039.19293100067,179380.13886654738,180152.44898409967,179268.30635588316,175597.3464212087,178535.97081608447,175679.69680869987,169195.96957021268,176694.92160378137,179312.27916232508,177135.45871724217,179324.49687251757,180049.59636090667,179268.30635588316,172106.16069218278,176652.49945110877,171853.86284069717,169195.96957021268,173255.88894545037,177502.51377970068,173026.96659890248,179158.51274770236,180336.95106603683,179544.12718918594
2025-05-20,166512.939,165250.16,164457.21262185788,183040.3926282897,171993.9214732712,169380.59728,170066.75435596178,184104.5542410552,179264.39915083733,164960.84,142300.04851663756,192378.58,150935.87247878098,175629.45522590546,150778.453125,192189.734375,170448.73157317317,150778.453125,168620.7073537611,166890.4057617053,169776.76504003254,170066.75435596178,173484.26788147344,170848.04425961495,172912.28861028425,172527.75132862473,170360.75298711675,172676.21390817355,170325.08842889988,169979.2177720628,171140.65583361758,150935.87247878098,174310.02559670166,173672.37085990285,174267.18684434547,173047.10387726463,172208.24128986962,172026.4722219509,171473.67494378326,171474.43248206988,169575.2931457468,164960.84375,174480.66799988307,174460.54051797587,172701.82415647473,173223.1545799364,172815.67103946302,172026.4722219509,167968.9438261767,168467.30795171062,168106.22226128244,164960.84375,170495.57738231035,170964.87901798525,169700.06473061393,171310.18182008274,170952.39130198592,172059.14636842528,167075.3243107103,168000.56315110964,168113.7184209863,164960.84375,169654.45431562452,170391.80559866392,167735.59511650828,170910.8395272662,170805.2281221785,172059.14636842528,166494.63625400362,166196.76963973712,165730.52293469376,170066.75435596178,168599.78893972957,168585.75505203498,167695.42481033006,170475.13457415544,170259.84960428375,170054.5064481414,161847.0018912959,164185.84166921806,161171.70830214518,150935.87247878098,164194.4906450248,167033.18909854995,165393.3812578731,169701.36098217405,170509.62607033804,170054.5064481414,161938.68436283007,164131.0972243143,163093.57091922386,150935.87247878098,164508.78836764256,166697.33487570935,163979.3873075572,169753.02501227483,170456.72326760783,170054.5064481414,159371.7458688606,163688.55246826506,158753.12613851274,150935.87247878098,162338.43830099967,167046.66274863985,160993.8407609073,169845.47423826464,170886.04412270026,168723.2898010307
2025-05-21,132044.214,155788.39,152478.589851278,161418.85010132063,153893.23849196854,147869.03292000003,149310.6910791705,166125.79831945285,158579.53814771355,142991.17,128476.42939472507,196596.5,135570.96007462812,163861.45467750318,135202.34375,152303.296875,153364.41907885068,135202.34375,152252.80053220058,151768.22736239564,151415.11880422113,149310.6910791705,156630.01771999832,156685.92230675954,156111.71002631116,155658.0441205738,155433.8206356981,155262.1073649485,151995.32112614892,151771.11245514342,150669.43809156257,149310.6910791705,155781.6352106485,155343.10645203572,156180.3604148431,155405.59991678788,154821.5697135747,155330.7577534804,152902.44765499717,152871.198311771,152637.76695067147,142991.171875,156227.63529205834,156146.6715764913,155188.2527155838,155400.4518670177,155273.0809143298,155330.7577534804,149365.2183250717,149830.8015626312,150526.9330536659,142991.171875,153104.0904953003,153596.85116067462,153005.19791740956,153992.67305089295,154207.6892254614,154264.7954048564,148728.73936508893,148779.1524386205,147460.89676576928,149310.6910791705,152493.51742238196,152705.11503487165,152190.86681621906,153585.27149532118,153582.63985386823,154442.5720029252,148689.06927929734,148887.7377994542,149730.15511079106,149310.6910791705,152220.4156775384,152580.23739668567,151394.0888733442,153523.91022177014,153558.65439789437,154442.5720029252,145369.12516063103,145933.6974817584,145040.62500573904,135570.96007462812,149481.6248252982,150035.79823055599,150213.71253473847,153206.53153948445,153331.65802078057,151341.26415485638,144818.76287514143,145748.72261764214,144898.11996784242,149310.6910791705,149006.4570050692,149240.1742943871,149290.25522401108,153039.05973376276,153252.1657328007,151341.26415485638,141033.24381931688,143366.11481743545,141672.15229169407,135570.96007462812,147334.51361273258,148593.96907596244,147861.52047458157,152913.37229811386,153235.50913358625,153272.6877055971
2025-05-22,172373.502,182106.47,164267.08026859793,164273.78968113492,172819.83608573218,153963.00536,174556.4937622422,175867.27306328763,165976.46367076092,164064.75,168983.3686360845,173089.72,159166.4825211609,169255.01955647874,139958.015625,127343.46875,163712.74896536532,139958.015625,155107.20854137067,155403.88128463153,154473.30932585069,174556.4937622422,159153.60566190415,160300.1915333249,158519.91941511535,157013.6149411205,157940.79589359896,156120.85590381458,155910.58395473714,154742.070135682,156721.54861214792,174556.4937622422,158398.1854121568,157194.7020940602,157653.8397960126,156960.79322525673,156250.44200984458,156120.85590381458,155976.55451322917,155808.17206273912,157132.73764204115,164064.75,158165.0751119123,158221.08971794313,158564.63567172686,157063.10525934034,156974.3671573712,158299.24876095742,157478.37042572914,158563.11872472928,158302.88362534993,164064.75,159534.0124009113,160768.28625695148,158369.09519011184,157727.99846925098,158467.7833961222,158299.24876095742,158507.31523238184,159590.22123760424,157639.87237635758,164064.75,160674.51700777092,161913.64505729591,161130.50601390048,158420.6861150494,158783.71911670247,159349.7374949805,159442.98688897258,160432.91831890453,159155.2539845081,174556.4937622422,161600.6865663372,162480.2275676624,161130.50601390048,158652.79024955322,159003.46277953283,159349.7374949805,157604.85152236593,160094.05696407825,157026.40057022305,159166.4825211609,159136.06030740796,161388.2895227942,160003.86267027454,158180.2969000646,159322.43906373042,157702.1909170166,158385.36570854567,161628.5821496631,158408.56023741755,174556.4937622422,160113.93361743915,162510.7717368956,160517.03420776592,158449.48609484875,159506.26126013653,157702.1909170166,152585.74765784846,156215.59634814144,153597.22776883596,159166.4825211609,155178.00373450358,158565.1313296708,155082.50772710238,157655.09023448467,159144.16706438974,156721.54861214792
2025-05-23,164167.157,194830.66,205814.2265643213,189222.1284659413,187706.93802519917,157915.71264,183926.8723030843,198097.14117453134,192305.2636921052,172452.1,171972.0764456945,164699.45,170575.48177453794,184703.7680505302,146469.859375,164528.96875,179014.70935906298,146469.859375,169233.44704928086,172900.54434556543,169542.11703627417,183926.8723030843,174274.74749746636,177622.94185575296,174311.75569099002,171715.874846667,174425.48404064093,173109.45160085362,168664.15666390958,170509.57683131364,169542.11703627417,172452.09375,171773.6680622307,174413.13963087954,171580.1433541539,170588.62745280407,173446.60089143075,170656.4336611499,169146.01648239663,172240.55312234513,169003.81731350825,172452.09375,172177.23065651473,174505.97378109966,172818.77000477698,171032.39516608632,173708.4994686712,171325.7843185639,169858.99666784846,173677.97742908954,170698.12212077598,172452.09375,172686.13444614783,175615.37295572535,172818.77000477698,171326.56865716793,174267.56894176145,171325.7843185639,170558.68312406962,173214.32227143776,170407.4405246993,172452.09375,172764.65006134464,176759.33092049396,172560.28117008426,171648.07928482332,175033.7008317267,171325.7843185639,170264.83018996762,172005.29703861783,170407.4405246993,183926.8723030843,172553.63390794088,175729.01073464128,173106.69919642163,171562.6137222461,174747.75146917556,171325.7843185639,170628.2042616957,173613.61711782814,170753.75592092285,183926.8723030843,173041.31856631607,177088.4053918486,173106.69919642163,171614.55623503798,175048.91660729345,172249.4940115679,169722.74997551998,173690.24315453347,169914.00383415286,183926.8723030843,171523.1692450231,175115.90502357789,171943.91184846117,171196.60840040242,174747.58707425554,171325.7843185639,168145.97143417978,173443.8329642834,168634.32452786277,170575.48177453794,170923.02495340403,174415.73614517067,170699.33861171687,171085.36423342908,174579.87685716304,171325.7843185639
2025-05-24,124604.095,155295.55,155866.71624849085,167252.23014333568,152319.04163964995,140464.89904,138748.0273634864,165532.54065524566,151048.3044487576,148778.14,127350.77357495527,119180.984,133251.01148610062,151255.8051923052,123073.4609375,142258.0625,144778.36967365516,123073.4609375,135535.2333108253,136623.94830290743,135530.99110046332,138748.0273634864,136796.7994397592,137957.60375557555,136874.87391672266,136607.06509428896,137541.27827585087,137148.81680358257,134187.56953644654,134502.65162367423,134413.75709094162,148778.140625,136016.15149578513,137608.33765454587,136777.99071910785,135851.84246067805,137525.02427626477,136091.9289678213,133581.67571565314,135937.9260990293,134163.29913429794,148778.140625,135504.32184254925,137474.79088140267,135955.29019092198,135508.48442271995,137402.61005611625,135470.6449267029,133693.97558912076,135392.4086683663,134891.3815319661,148778.140625,135616.7999749284,137559.3686363569,136265.77010163627,135545.77614033234,137454.24444764206,135841.4710111776,134399.3935286771,135062.446616015,135208.882265875,148778.140625,135743.90416367995,137509.8369328854,136265.77010163627,135548.83906249094,137450.55983936627,135841.4710111776,133955.38085949005,135201.2078020507,134469.49516402266,138748.0273634864,135047.64210747162,136863.96625243407,135526.3829997839,135215.3707066334,137280.42734193354,135841.4710111776,133601.63313317433,134597.02678396628,133442.12352892116,138748.0273634864,134717.97332569864,136294.19970272042,134767.7948487049,135181.82854861385,137087.3813951443,134450.29411479604,133055.881447146,135022.52896542926,133749.31748725864,138748.0273634864,134061.2449210003,135451.5146693321,135242.1333373526,135022.91518868547,136855.06998783947,134927.91855582048,132855.43785300222,135024.68359178238,133008.46058168553,133251.01148610062,134127.1538936902,135367.32025471277,134776.68912236014,135019.70587446901,136715.13756611035,134450.29411479604
2025-05-25,129839.374,129524.4,130016.39742755733,142910.05169453833,135933.19131053227,132892.20299999998,132111.69353623316,139430.2956550349,124438.07738466216,140558.83,112557.54453003513,120987.33,130347.42447963303,127613.59309125012,125654.78125,126485.328125,130097.40907813176,125654.78125,126394.71976641077,126158.72004472533,127196.6518055335,140558.828125,129185.40482485044,129129.06024598255,128737.98031773341,127956.36172138539,127531.77092610748,128432.89103797151,126819.16404817866,126794.01944514234,126524.10240499859,140558.828125,128499.55702200906,128185.39209871221,129629.58041921904,127797.28849614013,127605.4358892301,128125.41902434133,126412.90107804247,126536.82064353587,127736.31693236038,140558.828125,128072.19665421307,127674.82979486158,128432.89103797151,127617.56589424307,127439.3950853361,128125.41902434133,126366.71022161536,126404.66662383066,127474.50740855085,140558.828125,127820.09166919475,127532.6244837374,128393.34118678104,127566.25076085949,127364.19476217518,128125.41902434133,127231.60019544352,127290.83223288908,127601.99459057307,140558.828125,128214.59326435726,128291.56557230797,128700.81320041118,127702.90711307002,127631.55601798011,127866.81847220018,127015.43966221546,126767.76026209776,127601.99459057307,140558.828125,127676.02593930972,127833.85562563484,128579.6332708699,127534.68333968407,127398.13061363008,127464.57396797318,126975.13335461006,126936.33455213082,127562.4447393826,132111.69353623316,127892.90912227216,127877.76680634364,127953.92956523181,127573.35412713165,127458.3304188399,127464.57396797318,125064.8553482866,125063.35912051125,125213.98001844632,130347.42447963303,125693.53950481222,126336.31034309287,126534.23206310338,127084.76496535965,126959.71205798582,128125.41902434133,124850.40392904321,124679.13065769195,124808.54473254477,132111.69353623316,125523.96032563027,125599.90814219357,126128.79677720185,127015.01737414929,126856.47585106592,127501.7410852954
2025-05-26,151261.05,148443.12,153265.6673999399,155707.1455049077,153765.84159620618,156262.84196,151328.83768778748,156176.57198730047,147589.45078084507,155269.31,140110.0643233745,163620.97,150804.13233252196,145716.06950947875,144344.609375,149511.375,151461.0675804908,144344.609375,149135.31934339774,149817.45258774344,149787.85724082967,155269.3125,151002.22802635143,152916.04118088886,150754.47850984876,149827.27663597505,150959.87642603664,149778.89935590653,148972.65592698846,148970.13988187347,148923.17362617253,151328.83768778748,150109.3144722086,150622.635320752,149898.75278011482,149401.23023048227,149762.170874941,149244.67205283922,149316.3970500342,149433.91463139356,149220.32235582967,155269.3125,150403.59503994172,151098.3769767788,150484.0923545059,149566.13451908572,150042.3586519031,149830.01162723033,148873.1647195677,148966.01295783222,148974.28589749636,150804.13233252196,149921.34770866798,150615.9636115644,150162.59392783922,149311.5793176639,149887.02199972767,149244.67205283922,148772.6055720393,148868.87780721165,148923.17362617253,155269.3125,149740.32835829942,150111.04387543624,149577.25435344817,149289.70725288766,149622.12185831985,149244.67205283922,148903.50827337388,148925.04990269203,148696.54265441583,150804.13233252196,149606.61889969438,150210.2417854964,149577.25435344817,149251.727560179,149683.51255259238,149244.67205283922,148710.355031902,148750.55904604966,148984.7334991498,151328.83768778748,149723.55139253708,150073.5455680876,149577.25435344817,149312.716233648,149625.544975347,149244.67205283922,148030.91923904995,148575.31381444595,148253.377187213,150804.13233252196,149091.03540009065,150134.1486050567,149636.6882374063,149185.1078509522,149788.9048797001,149244.67205283922,147610.05469253586,148043.50871021638,147628.08804828126,151328.83768778748,148792.97592996515,149440.81933078915,148892.49431924633,149159.33616113305,149659.92982326855,148956.48120810528
2025-05-27,135088.211,143996.19,146244.6828893083,152789.08841946573,157630.31787190694,146788.28016,141031.98645706734,158033.60993869056,147325.45677260065,145839.88,135866.61145888764,183372.56,133588.5576617728,144675.01499702502,133174.015625,152035.984375,148159.4821084483,133174.015625,143367.84343000638,142694.61023314417,143384.45421578008,145839.875,141797.91699653084,143300.04994450646,141729.3978144617,141937.00205494984,142406.20529535884,142253.39771531563,142717.01135156117,142142.43000615467,142909.53690429853,141031.98645706734,142206.8566600525,142022.81051628574,142385.5370034446,142286.99661188925,141978.25213373578,142007.4274773071,143801.62174762084,143742.8417874095,144925.75481110485,133588.5576617728,142861.18309778525,143295.4533175656,141733.3182533579,142552.05895544094,142838.13548838778,142007.4274773071,145082.819793702,145281.81634369027,145174.441981567,133588.5576617728,143898.36242328596,144617.90845821085,144630.70198372388,143324.94119293502,143599.96073851112,142905.61646540233,142422.06506342287,142549.5583393437,142257.31815421185,145839.875,142297.83213259332,142569.89369919454,141982.00542382008,142507.65169399328,142828.02778015763,142007.4274773071,142528.7244150582,142971.2068485421,142277.05825120103,141031.98645706734,142638.1805415457,143002.25857831666,141753.0583503471,142558.23953812243,143052.78418197276,142007.4274773071,142612.21024357888,142543.2691323858,142257.31815421185,141031.98645706734,142593.89789144124,142771.9590281046,141753.0583503471,142651.20867306006,142946.877788749,142007.4274773071,142034.1831871468,143042.03321652475,142329.54427121533,133588.5576617728,142902.04698648883,144103.62171633187,142345.3639293083,142817.21913441375,143604.31121610338,142007.4274773071,141748.97445270364,142988.4074891162,141539.14753717533,141031.98645706734,142701.98616219187,143973.78725187006,143679.6638543182,142955.05140164515,143569.01025316605,142007.4274773071
2025-05-28,142268.336,145435.08,137377.78878611783,144360.0877942177,142665.90326520096,157253.92684,145320.92301693326,147138.17255394784,144200.47902788533,147561.95,145856.42313269546,158732.4,133773.6684137702,146017.3910868645,132415.15625,128848.375,143797.1821778422,132415.15625,141324.45167188774,140426.96886358567,140521.41132346622,147561.953125,141545.06373582303,141319.58648923633,141645.51182427254,142612.55089674666,142885.3081120145,143264.332976141,140874.9499665164,140365.81551085028,140584.54233022494,145320.92301693326,141353.97120047465,140726.56063072695,141557.16511531238,142293.35966693587,142348.59017249622,141911.68765042673,140844.8782701218,140310.87875960133,140584.54233022494,145320.92301693326,141213.87907634347,140709.58078460713,140988.9268380235,142174.19379945687,141935.52089851396,141937.18765593923,141010.96536705852,141266.13338917578,141185.55338769616,133773.6684137702,141866.77543292177,142240.3021825052,140951.29583677728,142158.39333024574,142293.97691860687,142575.8297146567,140489.51979319545,140738.56989424315,140440.19560954694,147561.953125,140890.03248247472,140999.8438443741,140963.426832511,141835.9423724591,142007.62780761972,141937.18765593923,140825.1843390563,141212.60765264856,140649.23338564255,145320.92301693326,140859.17858493485,141203.07905223116,141710.20287969016,141917.90506888274,142200.5153650744,141937.18765593923,140884.02836750657,141423.54824229117,140674.73339115505,145320.92301693326,141019.3169614852,141557.49756597623,140819.08011183303,141861.0567111096,142290.54124292484,141937.18765593923,141313.85193130156,143235.914224229,140599.30389019276,133773.6684137702,141989.61820215636,144021.35629374525,142096.29593658503,142137.23736002616,142893.03680585112,141937.18765593923,140989.0102936715,143038.58893899043,140725.73340218002,145320.92301693326,141703.8193917721,143727.9762447268,140960.27118378814,142175.84997396733,142855.4583771324,141937.18765593923
2025-05-29,131135.631,143404.95,150449.442334307,151866.65593267485,153514.20843266783,147439.4674,145642.39965181088,159902.32219000487,147591.570702132,145554.73,148616.32537357332,147945.75,131376.02380303436,145966.97798045014,140357.8125,135931.390625,146370.66896171033,140357.8125,143283.16290368338,142995.98769425444,143244.00193531817,145642.39965181088,144052.68830732806,144059.25949343815,144159.92708533647,143818.5969904138,144034.25817125602,143755.66326183532,143303.80635279912,143523.29497313895,143458.9584663568,145642.39965181088,143964.22460386952,144125.08878375773,143484.75039143336,143731.7901053575,144113.2196777668,143349.27511644302,143231.5085483572,143106.53129109487,143389.79198286927,131376.02380303436,143919.63434956077,143810.82741540228,143570.32504610904,143664.84396128444,143640.21448865824,143434.84977111872,143240.13731491286,143337.7803227818,143495.30079579208,131376.02380303436,143485.33860292932,143857.42514296257,143516.91818387763,143604.21641380023,143738.1940843355,143937.79563882167,143323.82010898646,143520.88753799378,142710.44075197517,145642.39965181088,143244.58136849993,143462.7865293804,143383.65174729947,143638.51276583696,143800.37520913754,143852.220984146,142963.78617258617,143617.53026583733,142962.08775920424,131376.02380303436,142903.3487031919,143289.52122603988,142383.83517244397,143642.1322243559,143841.05803407144,143852.220984146,142609.91531531815,143191.21113300172,142745.16552958684,131376.02380303436,142647.51214324989,143281.5159343688,142162.73840583558,143674.47725688724,143884.33118987657,144006.9621223092,143414.54874527224,144668.6811505997,143761.78232806828,131376.02380303436,143435.49785665973,145170.5342706726,143255.58671594286,143774.63687786603,144115.45688499088,143937.79563882167,143358.58305323136,144699.9164474207,143386.93429088462,145642.39965181088,143502.30106902702,145138.4825232809,143718.01571721956,143758.83733152965,144109.9316865601,143937.79563882167
2025-05-30,124925.911,138010.45,139162.31435602973,143298.9051211162,152193.39390936552,142607.8652,128765.45327649485,140714.3499897853,127608.96357243852,143202.84,112085.05334086024,118131.164,118740.08845457951,129552.82034632379,109715.671875,119988.3203125,130918.51071279957,109715.671875,121853.90579945635,120374.06919067196,121568.40544262732,128765.45327649485,121489.59433643948,120790.45227543032,121773.9891318954,123206.73192057428,123444.16960825637,122769.55759149037,121279.58727858512,122024.06390855099,121186.0416818954,128765.45327649485,121020.4935063498,121885.98121584383,121114.82665934753,122598.70615331866,124090.58408247806,122568.29389073513,120825.84554640723,120490.36714600204,121540.07313072257,128765.45327649485,120594.47819433786,119847.26972637084,121296.59080704227,122256.68026405186,122177.70359533375,122263.16286701444,119999.78419982301,120680.57446091795,120756.8796944307,118740.08845457951,120291.56861100509,119765.93769010039,120513.3973707504,121864.75868903726,122316.01016686147,121958.03184329373,120389.52649803487,121638.30630809414,120403.51233332159,118740.08845457951,120480.02611743205,120801.60673043443,120332.29731077372,121833.43268229188,122596.67896389333,121298.86937074589,120806.0861948044,121577.63908900079,121310.64478101183,118740.08845457951,120821.32849379638,121154.03918405614,120821.47104589277,121876.22049458242,122613.21982030047,121298.86937074589,120577.90389934232,121021.43668020121,120516.34002217208,128765.45327649485,120566.18552066694,120751.45931230552,120332.29731077372,121847.8250180196,122514.34280498583,122263.16286701444,120338.77761156167,121452.52224937851,120516.34002217208,118740.08845457951,120379.4368359755,121164.61524332486,120445.12499962421,121677.88317888834,122634.4683958634,122263.16286701444,119031.9011140488,121433.02199986391,118927.73050449259,118740.08845457951,119434.87658501882,121672.25899705014,120004.85168961163,121640.84710006644,122963.0818648031,121958.03184329373
2025-05-31,93519.439,94534.31,99814.67250924536,108817.38974826192,103999.33182112951,103537.93444,95479.5733207399,90052.72322824594,91361.775850949,100736.94,50512.09419940482,80290.78,68861.55313707227,93045.38320986486,91699.21875,106472.171875,91947.72355599423,91699.21875,95015.41672898928,95558.1860618111,94723.1103499466,95479.5733207399,94035.62529816765,95463.05628353154,92572.09473664149,94717.03164880764,96175.42449341681,94742.91220450567,91416.93081235244,90654.57610209625,91143.96724910518,95479.5733207399,92642.61209282417,93559.99277395748,92955.826218511,94646.77716238887,94404.92420952239,93305.0776332516,91851.94706435938,91416.0831716813,90963.95036478422,68861.55313707227,91287.88568352183,91116.24350658138,90430.48376092706,93969.11380460142,93179.8682414749,92601.30122879123,90332.31046062778,90039.6207148595,89876.44247845432,68861.55313707227,89688.78080529047,89668.25007727367,88779.2275084067,93026.64802728876,92452.83936694296,92932.12850528338,90051.21950264295,89995.0454762157,89876.44247845432,68861.55313707227,89683.1022653853,89729.11779874597,90046.75227905753,92606.59700238323,92171.03116803674,91494.29393402932,90695.73905925106,90792.4402381072,90056.45936277528,95479.5733207399,90645.4661291586,91037.76479303667,90750.22623739087,92421.45019541978,92679.61184776007,91494.29393402932,89360.01934114817,89674.30618547476,88788.93459212444,68861.55313707227,89456.53095222756,89962.47860427728,88959.24439272763,92274.80014797254,92348.93207660891,91494.29393402932,88451.04594702409,88839.44694426686,89352.98540444193,95479.5733207399,88517.0788468568,88938.06754654035,88085.4606337911,92039.53160958114,92259.58849653038,91494.29393402932,82998.40861949517,84271.23094336553,82545.02588768324,68861.55313707227,83614.1625203854,85569.90014223357,83802.84357461633,91092.31976112643,91572.85556007655,90226.76916337849
2025-06-01,91164.498,115417.914,111195.64497243844,107073.59454863181,114373.18318977175,101555.32476,106459.046314375,83540.80451206298,87099.33400270241,102284.375,61504.30677060137,116351.016,70058.82224136946,94313.4517518671,85998.5859375,94560.390625,96785.71962092136,85998.5859375,99191.7746254867,104344.4590667457,99951.04134630953,106459.046314375,98643.1601370964,105622.76861352594,98097.98256654761,99573.06340866134,105755.55710066162,99072.29020354166,96508.980872127,97242.44669094592,95843.83201514655,106459.046314375,97462.53396303389,100516.14630466637,96817.44544102329,99543.61897053666,102501.41312418321,99813.08729032737,95931.7132356522,95867.21530371836,95843.83201514655,70058.82224136946,95261.66004128095,95695.84131839446,94110.14090611144,98688.1374881152,99380.69542696707,99246.48463845238,95823.38448419333,95852.08143090656,94145.20468976533,70058.82224136946,94641.95096552848,95158.31637380233,93584.61508983736,98200.917930126,99086.93659375438,97746.65118518425,94834.19130563144,95181.82476337728,94343.99856187843,70058.82224136946,93745.2743403769,94272.00194695393,93584.61508983736,97413.46006789428,98456.28023023107,97051.30309679027,95610.00483356255,96257.82724840054,95318.30619887248,70058.82224136946,94810.78059608937,95877.14157360441,94280.31028379001,97640.45679567696,98994.64087584791,96346.74638893313,94086.37478196473,95077.92362671121,93584.96219539603,70058.82224136946,93487.2196921563,94618.20716821011,94558.92272683141,97102.20171683075,98626.20977383896,97051.30309679027,94519.30814506114,95016.87949183879,94910.60121375343,106459.046314375,93995.05450487054,94387.66488492658,95317.95909331381,97284.84325037498,98574.62200914971,96346.74638893313,88377.7129980606,91820.93107811862,89680.42209005552,70058.82224136946,87987.746479236,92032.00482816223,87144.27016103014,96064.11411569956,98058.58940639882,96058.75618009953
2025-06-02,129642.37,129648.266,133694.46503341006,132626.1597469737,138659.3741736811,134642.9046,132627.88567120506,115981.62938671927,122690.21105085498,134333.86,114132.06189949365,173421.36,108397.05650706444,125187.46369320643,109496.890625,107448.2578125,127532.52297167393,109496.890625,126040.3933436675,132890.03739823593,125965.05622935406,132627.88567120506,124223.65872959867,130444.6769607983,123657.35821372161,125505.85774923115,133565.89604563857,126106.19040189499,123557.32203975678,126045.06369312898,123800.40882749204,132627.88567120506,122493.61163494052,127329.05401339686,122563.07442215811,124739.09539459235,130876.4957573378,123762.10432019168,122878.91613941648,123147.87978555814,123704.45554516846,132627.88567120506,121684.2760320188,122691.22514779645,121313.27213201832,123999.05257930813,126555.27766514532,123666.15103786811,124118.46480456076,124626.01450364769,123704.45554516846,132627.88567120506,122423.84398768634,124028.52217044664,123255.81849886569,124215.69906002584,127038.8675431672,122467.12113983453,123122.52849557692,124237.09452216617,122631.84338039008,108397.05650706444,121671.66534736128,123272.82762198326,120363.8284654301,123863.94313887348,126589.68154256154,122467.12113983453,122491.0141114879,123206.51041926838,123652.08249193343,132627.88567120506,121208.58487271011,122139.88280548473,121163.34513533089,123772.49022825519,126266.58087925808,122467.12113983453,122608.95981483655,123634.14885468472,122498.2334841172,132627.88567120506,121304.63698260178,122531.93974914629,121260.89907878329,123759.25782252525,126443.57661787035,122783.79686380066,123265.3198941829,123426.67685172692,123749.63643538582,132627.88567120506,122108.51322462656,122305.47756394086,121629.94785598443,123832.16624845625,126221.7331008839,122783.79686380066,120574.87554231792,124060.2419118009,122098.20093516767,108397.05650706444,119804.62679829937,123816.80619949708,119882.55907344271,123673.93414929174,126611.28370050719,121629.94785598443
2025-06-03,119414.026,126392.34,129428.33066854205,130958.10649621372,128116.84743828184,134665.8874,132867.69207475334,124166.45835022761,127411.4569886621,133951.8,117927.70060176216,138767.3,98581.3476162514,123517.68486892711,113160.6796875,133629.46875,126236.20656274143,113160.6796875,123994.29039610477,127223.73218072484,124753.26160058535,132867.69207475334,122153.94248561874,125588.8428134924,121487.8954616804,122760.75127146427,126518.26969164152,123120.57853113287,127354.0211919366,128810.03046015423,126897.79025659799,132867.69207475334,125754.48387707534,130226.93653901402,124393.20555212117,126155.09129012495,130552.55689732841,125989.61354179999,126961.83292928016,126871.55529303713,127124.79125251524,132867.69207475334,124838.97669660689,126261.43227944057,124393.20555212117,125818.21725626384,128416.8136315207,124356.93047234752,126968.83555235658,128063.5243170787,127142.44873874083,132867.69207475334,124421.97010057965,127266.87342868323,124307.57720329992,125502.46303775473,128765.49018758169,124356.93047234752,127121.09327187913,128887.5157113745,126536.09394846678,98581.3476162514,124475.010352461,127706.8059592062,123945.88089516871,125327.88953216313,128618.77279285216,125331.63471341897,126305.31334657979,128035.69714336413,126448.19483058613,132867.69207475334,124080.4034025553,125865.66700142199,123613.32329514522,125143.72488835173,128247.07979636508,124356.93047234752,125311.0429542176,127023.37625252298,124815.51176113366,132867.69207475334,123308.21569405204,125067.06700515916,123613.32329514522,124984.77822389471,128112.43750393909,124356.93047234752,125831.32439280128,125848.4844223542,126448.19483058613,132867.69207475334,124110.7461770824,124167.91417645774,123698.95164396647,125153.36779491433,127915.96849851913,124356.93047234752,123839.00468360446,128233.7372972765,122988.77700652812,98581.3476162514,122910.32497738523,128478.4882140734,121786.58854053968,125097.79865125762,128571.29836249456,124356.93047234752
2025-06-04,111623.998,122919.19,128283.44808377443,130339.48264492922,123861.50565881302,129964.09932,127262.76781393854,112413.96542377699,117363.51319841042,127043.32,97183.87981770527,120232.28,89283.67221975209,118928.43548625629,116268.46875,113678.03125,118335.07058199044,116268.46875,118325.62443050357,120871.16655484076,117687.58923895932,127262.76781393854,116755.79045123322,120492.5859293205,117558.95440533735,117651.29479685574,120860.93784734693,117687.58923895932,120250.95694665177,120745.84086877495,120146.68283777892,127262.76781393854,120261.3371228705,122415.81023082556,119893.83664263829,120984.11977784509,123099.61023616078,120679.81357461154,119481.10480820798,119660.34799946003,119633.59466813607,127262.76781393854,118717.55184341897,120892.77487263983,118095.75816203126,120058.48660340742,121779.84138902364,120679.81357461154,119298.1211314138,119391.091676541,119633.59466813607,127262.76781393854,118886.64637623678,120353.83049303861,117956.6734473884,119917.005349548,121346.75580811834,119904.28652365918,118436.95900303143,118435.84282377489,117874.73456805575,127262.76781393854,117556.8826733284,119380.46102364811,117822.86939970084,119299.76461261828,120852.8425868386,118619.29621269499,118846.06366648294,119527.26962095546,118219.9695235499,127262.76781393854,117964.03580544918,119832.35361654707,117833.31928072173,119502.12082868397,121023.20919166214,118619.29621269499,117818.17691797228,118705.14941747184,118219.9695235499,127262.76781393854,117387.6238429967,118706.60091698129,116671.68313642421,119307.45119587434,120892.17749555015,119904.28652365918,117462.11746566789,118342.40632281438,118219.9695235499,127262.76781393854,117222.11026152721,118474.1210861988,116671.68313642421,119332.90580576859,120855.07010176008,119904.28652365918,115876.51882328793,117727.15714200636,116877.66565948812,127262.76781393854,116545.81300340763,119255.51719119848,116877.66565948812,119250.56325335296,121002.84852152593,118619.29621269499
2025-06-05,113569.025,121019.61,131873.39780956344,127958.27892260705,124933.5188588717,132567.23892,129847.23652014276,119728.22282110715,114271.60223549063,129321.5,119453.19639658206,139135.31,91750.92750358282,116868.74351257506,116920.734375,108453.671875,121606.87944170152,116920.734375,119322.81932413856,122408.11517912283,118865.12477513927,129847.23652014276,117594.67894190419,121694.84568635066,117846.38360156103,118761.55009611358,122186.23247380216,120063.68700711151,123719.68217433343,124457.92494036091,123270.14399401456,129847.23652014276,120552.58636975024,122620.34071253207,119991.02288747096,121929.23295637804,123778.18375577532,122028.50523462742,122775.76395119746,124395.30989552027,122379.21685721188,129847.23652014276,120068.28410082775,122350.43069178688,121009.76406104918,121210.18910514412,123294.58717793292,122028.50523462742,122830.06240567815,123040.74008475068,121481.06911323279,129847.23652014276,120017.6954420625,120574.51656564279,119957.05732087963,121016.68584712243,122232.75033842388,120880.24013724645,121464.43998907809,122309.36276870465,121768.79944941647,129847.23652014276,119402.29312728666,120422.68994227781,120244.78765706331,120735.00587329017,121926.05169920425,120880.24013724645,120963.61653508253,121967.87266596408,120152.98295745782,129847.23652014276,119201.0607323993,120216.76242490852,119827.5333970769,120747.60460178166,121888.3490789693,120880.24013724645,120505.28640654616,121388.76550568984,120152.98295745782,129847.23652014276,118926.52303035019,119753.52332239505,119827.5333970769,120670.009919238,121857.92892273949,120880.24013724645,120179.58361141423,121061.99446389971,119827.5333970769,129847.23652014276,119209.76388355195,119806.15378366847,119527.11890908373,120713.79646325743,121859.370752527,120880.24013724645,120695.62605968831,123792.62381535259,119956.75948674476,129847.23652014276,119741.52970919214,123526.06785941326,119253.15154637063,120767.98550222372,122202.69641505057,122199.39579881786
2025-06-06,98058.932,121476.17,126982.57454084024,125712.96314641442,125264.03322317419,127163.31068,127903.59633331734,113819.34799581187,109904.28302017384,128037.516,98786.66534488605,93245.5,87114.05134871995,111355.03202830435,103896.078125,106532.5,113812.9082191095,103896.078125,113052.3020954806,116343.1467544406,114965.21867954728,127903.59633331734,111296.99282809315,114860.88889598181,111498.01775369419,112210.7942147294,115530.77320847021,113058.11109234348,114395.5422557021,116156.71390059499,114474.15195997687,127903.59633331734,109759.40519558432,113865.80691104807,110196.31040633815,111802.19381634255,115846.62650128422,112822.73839308263,113245.79812636062,116080.05483524431,113195.30173081819,127903.59633331734,110230.36947588436,114592.1514455993,111840.31883689218,111646.2301515394,116063.99417293513,112857.99009085965,112378.48359276229,113303.83554472768,112733.46923857288,127903.59633331734,109817.7454346415,111485.88817239758,110460.17542276128,111397.7772793889,113958.43438473731,110915.63080587884,110846.85186201324,112383.4226819603,110325.56837359206,127903.59633331734,109526.88815271013,111373.12682685292,108970.58547966606,111115.53330486608,113656.86405425044,110915.63080587884,111173.96781389773,112915.67614457716,111413.7380424239,127903.59633331734,109892.7222397729,112034.5304126172,110620.97101934782,111144.9520046237,113760.958140366,110915.63080587884,112229.42813290341,113433.14645869816,111413.7380424239,127903.59633331734,110986.26923344935,112055.04862045051,110614.5939102201,111483.60304501244,113807.41239614396,110915.63080587884,112221.98353920183,112852.55577757763,111969.5768041461,127903.59633331734,111002.22392220057,111495.76190574875,111638.64227331533,111586.67790802967,113652.6023644986,110915.63080587884,111935.54895696943,114179.7824741298,111600.72753485497,127903.59633331734,111181.45245468523,112858.21421412674,111632.26516418757,111580.27063886565,113751.21251395653,110915.63080587884
2025-06-07,85668.964,96212.85,100613.55193036952,96867.62812705578,96571.5051442326,99563.32524,100283.99137247622,86715.15174708859,92994.934829926,102839.55,88096.75899195204,95180.23,72828.62816571927,95373.90265486001,77808.6015625,86490.5234375,92562.74188024532,77808.6015625,90293.50394491084,93527.77019828933,89958.99467463318,100283.99137247622,89863.78924293799,91665.04804710789,89093.4438835629,89634.30495116096,92287.74685825166,89958.99467463318,90001.32890690511,94586.8555051416,89524.03535062746,100283.99137247622,88027.82262355865,92444.15386752269,89095.32841750889,88575.03520990051,92798.30161629413,88531.78784147059,89922.56746569363,93233.72687227289,89252.57632542474,100283.99137247622,88249.87323148886,91085.96406598069,88425.22482542357,88609.09190839497,92362.97471304347,88531.78784147059,89315.40249725414,90387.6006451208,89489.71791574763,100283.99137247622,88207.12445238634,88627.8256138826,88981.11730022203,88400.71732314267,91111.52698745429,88497.47040659077,89158.16814988211,90612.68949903261,89286.89376030456,100283.99137247622,88586.52043910662,89380.97301115736,88928.40886962679,88401.7666992335,91169.60210750317,88945.21269266105,89361.38431181993,90168.40081212168,90013.94760917278,100283.99137247622,88728.81269802108,89065.81421914167,89015.43473510184,88419.63204945903,91033.36086361666,88945.21269266105,90095.12052982417,90412.69248968527,91205.8973859585,100283.99137247622,89347.93585458706,88942.58102113432,89171.44528914946,88622.119622234,90714.02536526504,88945.21269266105,89468.31413576889,90508.86526846654,89776.80601884988,100283.99137247622,88826.52850891415,89166.94786735013,89049.75216998166,88612.90124132663,90740.17326309666,88945.21269266105,89781.27417368162,90571.38935996518,89363.3811676594,100283.99137247622,89238.97676856257,89215.68591232234,88636.32731879118,88590.65785200559,90560.71504938892,88945.21269266105
2025-06-08,102332.29,107509.77,100019.8003575508,97775.89248740811,95925.74771333675,105324.56780000002,96953.5257552102,95847.33316053843,94947.15893336115,109310.87,123386.35390635421,108376.375,84075.20674919653,95850.6980146858,93933.0234375,92450.8671875,100112.47940850948,93933.0234375,94286.09577286149,95160.10682520794,94729.87407047828,96953.5257552102,95011.33493433366,95418.27142652521,94932.14606983804,94206.90310742577,95166.0854388464,94533.52502008616,95904.71438610567,96572.53109886579,97500.49779329853,96953.5257552102,94475.3404714517,95980.47723472987,94699.14526831111,94070.47753011149,95665.80905871911,93900.19253662621,97889.13244188612,99568.6603835591,97899.11884305044,96953.5257552102,95612.48842213365,96199.3193006269,96052.74300292926,94099.49133107453,95184.44474499636,93899.97261312557,97215.91718044055,97851.54067343002,96027.15945461436,96953.5257552102,95481.04073934368,94912.41788299438,96101.68481444704,94087.80910055464,94623.94470031778,94298.8135863781,96954.1410774338,97732.58616390919,97500.49779329853,96953.5257552102,95561.45410487552,94860.9614497211,95159.1185625623,93864.89636308052,94610.4403609871,93900.19253662621,96892.36758375519,97406.33854930787,97500.49779329853,96953.5257552102,95246.92137219291,94691.1979647124,95159.1185625623,93858.51902767841,94681.54636982456,93900.19253662621,96228.86746769589,96198.8761877788,97100.38603486618,96953.5257552102,94617.05297779312,93832.12493482383,94615.17336042944,93690.9576213834,94058.913064637,93900.19253662621,96277.90752616369,96577.28813508706,96487.13274886552,96953.5257552102,94620.96005450776,94174.77993087699,94615.17336042944,93700.94873502626,94142.15323843715,93900.19253662621,97304.85914456684,96911.56096815412,97170.96490391379,96953.5257552102,95783.00033106605,94582.58789836598,95299.00551547771,93661.07326770498,94118.4486606066,93900.19253662621
2025-06-09,127193.547,131024.89,139049.8146738966,130261.75421305897,143131.77803464982,138029.65080000003,133879.03675673727,143555.75405034047,133811.8321037445,140144.14,172170.64050109877,164152.53,126821.67522931471,131427.108260048,126510.0625,123062.1953125,138468.85766235928,126510.0625,134187.83536631154,134838.63445092758,134864.30118246088,133879.03675673727,135703.3232752618,136079.6406594227,135951.79240072434,134704.66244095424,135566.32889579632,134396.63914658345,132819.30727429403,134578.8737621816,131948.93141801612,133879.03675673727,134611.3215050255,135870.42741143357,134913.0111576875,133757.8701204481,135256.34123920568,133800.66167083054,136402.8218129444,138017.5232202579,135005.2358400247,133879.03675673727,137051.96985641183,138366.49546471436,136125.60468265112,133444.60102318565,134930.60540185196,133058.24829244343,135454.16121270525,135827.40876633956,135005.2358400247,133879.03675673727,136338.05056892394,136131.8593855481,136125.60468265112,133358.05999761875,133997.1702747761,133058.24829244343,135835.0467960047,136388.0226174838,136451.97440118107,133879.03675673727,136431.27251592572,136379.25862201714,136130.74826793783,133238.32129869066,133752.42940447628,132860.60000466902,135669.3032264466,136277.43304731516,136451.97440118107,126821.67522931471,136384.26666065335,136301.8623306649,136130.74826793783,133208.36493861608,133727.6075452665,132860.60000466902,134124.46222038352,133832.6869410932,135361.2829613465,133879.03675673727,134385.14022468805,133554.87804154644,132865.74358995573,132838.8101019236,133067.76441833674,132860.60000466902,134309.4357893298,134568.10887035113,135025.21812670733,133879.03675673727,134862.67849779074,134248.60158511033,134822.4262536462,132814.41819741545,133111.99863340697,132860.60000466902,135106.85126346932,134295.24554026933,135361.2829613465,133879.03675673727,135541.51642506476,134001.28668063096,135204.240979889,132863.0391677813,132998.28157201927,132860.60000466902
2025-06-10,120559.316,116920.26,121851.82293578444,126836.68406831787,131166.69752357694,131167.47912,126933.34249739924,129180.72025897997,125490.64489498665,132401.48,138859.86692289516,101791.484,113734.87338017434,122704.91283283578,118452.1640625,128407.375,124393.32067066336,118452.1640625,120998.93781793935,121249.12731283988,121716.25069038996,126933.34249739924,119639.63266144232,119741.81926162144,119417.15222102737,120011.8661307299,120103.55621454937,120046.45382564182,121245.09063688037,121607.15178618247,122781.24542480525,126933.34249739924,120334.56903719595,120203.86226804047,119781.56331317377,120123.243173036,120295.47759350414,119913.79991792035,124022.32470230182,125016.68879709796,122585.98276622422,126933.34249739924,121690.93458523632,122648.73726705837,121933.63660655511,121074.95644754234,122298.35990804406,121864.28487672182,124116.00827299939,123869.64569381233,122585.98276622422,126933.34249739924,121962.58650509625,121594.22953143682,121732.04827197522,121291.2890095744,121978.14971970292,121864.28487672182,122987.71729174674,123806.72970996982,122585.98276622422,126933.34249739924,121499.48565257166,121727.13309676418,120465.42798410277,121134.22275139093,122038.45714839005,121864.28487672182,123429.61254179003,124242.39190035606,123118.80258491471,126933.34249739924,122096.21000253224,122298.06894794913,122264.8680906657,121317.6056018424,122194.56577849932,122338.34254041228,123961.86265488922,124242.3146473155,123985.45419168602,126933.34249739924,122946.05076294296,122357.1673524426,121935.09143349792,121538.24120742019,122059.96120476753,122338.34254041228,123749.58914123854,123982.50820629303,123356.95566229436,126933.34249739924,122743.64796560009,122344.8353019421,122125.28711802175,121558.24682356273,122044.84468011046,122338.34254041228,124052.92869871427,123121.09726512733,123985.45419168602,126933.34249739924,123018.67443245383,121615.64277766137,123391.90740589419,121509.48754311581,121945.15565552539,121662.65932326464
2025-06-11,125547.578,125526.53,131066.24039281666,125820.58107897425,122999.79215379519,132025.85492,133490.751947835,140815.15470498538,136268.4430821548,135193.8,164667.03233215856,154542.6,117794.48128091876,136746.97815610867,123650.40625,115256.7578125,133057.69306581648,123650.40625,127868.80657369936,129739.4280905526,127970.01325032667,133490.751947835,126549.2308383921,128608.07737923531,126263.28451127457,127204.66370373979,129132.3734128135,127176.84011146238,127505.91361208762,128773.75732365844,127296.61848080285,133490.751947835,127019.7185409169,128072.96473072638,128055.31463987136,127339.03439390287,128817.48594324575,127052.8459826254,130036.6758995316,131109.33262476968,130671.10091663897,133490.751947835,128378.18800957999,128970.53410166877,128314.85326836153,127539.47746366648,129158.9178760917,127729.19195654869,129952.77601052757,130371.83738330414,130671.10091663897,133490.751947835,128565.93491382292,128633.89363699428,128694.10187302035,127537.16135875642,128899.74120124859,127729.19195654869,130121.30280168458,130373.61978014592,130740.85791796443,133490.751947835,128923.79801060076,128803.49501108122,128763.85887434581,127733.78468128458,128706.71040804975,127729.19195654869,130398.55045625634,130946.65058237295,131743.3265752104,133490.751947835,129076.0981450136,129163.37674693517,128763.85887434581,127703.99953026274,128722.16821565834,127729.19195654869,129273.5046337938,129751.01427655079,128977.41956780231,133490.751947835,128275.98630748721,128239.8754725691,127361.69267245702,127748.64638659755,128427.10835003045,128160.22110614748,129658.41981541182,129670.69028151568,128977.41956780231,133490.751947835,128714.16404190857,128194.31850949847,128229.97810747297,127760.49535811394,128316.1938288543,128160.22110614748,130341.44991345958,130213.25540444476,130462.0043480082,133490.751947835,129143.7631351333,128571.78154639684,129714.56288767885,127864.62797062797,128313.07004140975,128160.22110614748
2025-06-12,120409.593,127466.41,126225.31320149546,124672.03071830398,124430.73575093785,129712.103,134529.4108761358,136336.52460941332,135628.9797636151,135696.78,147388.25969270512,124131.18,112734.7987651613,134193.6894124415,124666.453125,119169.515625,129132.14544851397,124666.453125,124516.08884492195,126549.5703985675,124772.51020478303,124666.453125,123361.01263450645,124761.56652521738,123635.8629823052,123964.18224987162,126105.71607758736,124548.7991312229,123814.07588269986,124827.79553167104,124082.54159841622,134529.4108761358,122355.82175709086,122923.78517012962,123101.73634110834,122914.4684049592,123896.18612965987,123596.89020723385,126573.03795025963,127318.75805206603,126761.0774908876,134529.4108761358,124359.55816438615,124925.16920872997,124629.99247061397,123705.16855866766,124663.33083590481,123981.4387546563,126662.97468211841,127605.70548285244,126192.90347375242,134529.4108761358,124731.57211231929,125382.5597889431,124659.91093567574,123840.86797539624,124936.0773577494,123981.4387546563,127016.98283798952,127085.16562085642,126422.29908690175,134529.4108761358,125274.32958114849,125147.80832259702,124889.30654882506,124061.02884765598,124686.98046831126,123981.4387546563,126945.30378715882,127185.84048842148,125927.14522077623,134529.4108761358,125325.69796660196,125396.10370607392,126277.71242632715,123999.27006226445,124743.50538196729,123981.4387546563,126866.38426845954,127300.01512361641,126422.29908690175,134529.4108761358,125413.6697120814,125537.4165639106,125358.97120364105,124124.356551951,124743.57831976202,123981.4387546563,127161.97513917154,127476.67827721496,126891.96374171773,134529.4108761358,125847.53601353458,125694.29420492605,125854.12506976658,124311.57011655718,124791.52896263874,124210.83436780563,127180.43546934173,127260.95302806197,127153.72267028916,134529.4108761358,125995.7078679628,125621.9977060732,125854.12506976658,124428.1114094465,124775.46235740226,124210.83436780563
2025-06-13,117406.178,109819.375,112893.22158214959,119840.28528913617,118655.30125094936,123936.07964000001,122112.92013767295,125209.7518640731,126072.39592966385,131684.64,125462.87018086517,114817.0,101801.64609697547,124810.16150936384,104338.8359375,110637.8984375,118139.49223205664,104338.8359375,112500.13500564669,118911.77567076139,111176.14851462,104338.8359375,110189.85531673161,115194.03968213339,109700.26777512942,111035.08425811498,117404.79644379547,110581.94946950123,113680.92419049687,114743.08251201385,113828.70603509592,122112.92013767295,112543.13923824282,113238.86367449419,113197.57825765999,112845.8445660269,114234.8557145537,113110.76113850153,112908.9977845407,115214.1546595042,113239.00971788107,122112.92013767295,111111.02808640758,113204.87805836959,110512.20491312235,111831.33647852455,114503.21875847725,112156.46958930431,112865.21924912807,114752.88773145806,112818.23579690368,122112.92013767295,111467.31082528726,112690.43944597483,111803.56285983844,111803.1103186869,114168.23089535449,112156.46958930431,113242.95586531385,113586.95491056118,113118.19115404655,122112.92013767295,111969.64744632083,112042.38374715626,112103.51821698129,111836.56935342896,113248.25149341283,112156.46958930431,113295.37511710337,113754.20467847899,112683.9492664275,122112.92013767295,112028.16047362954,112147.33924083157,112016.70109782286,111821.23160074845,113190.37956448414,112156.46958930431,113229.002241312,114344.16046665423,113031.37403488813,122112.92013767295,112143.87424539318,112833.85020841939,112064.17050914062,111821.91452335607,113265.53366453329,112156.46958930431,113607.01571172451,113967.46408838613,113877.75899680113,122112.92013767295,112618.11323873137,112369.71643309662,112910.55547105361,111959.99312974165,112879.5953251131,112069.65247014588,113878.88490972413,113680.67500582393,114037.28042742933,122112.92013767295,112774.34085687916,112024.26798203976,112910.55547105361,111928.32267110317,112735.16384856662,112069.65247014588
2025-06-14,84121.448,90259.01,87624.3422079538,92468.75127159667,93025.6192381999,96374.28480000001,90907.03692611709,85429.2759816511,95539.95196577467,99608.125,72743.36602057418,71397.805,58023.01748386782,92349.38605771486,94658.2890625,99691.40625,88006.64431773001,94658.2890625,79162.84837797974,79343.04356473252,81043.53393038837,94658.2890625,79792.82798568819,80566.63999702006,79347.22789224164,80064.72757637208,81366.15714386145,79638.43155831308,77993.56184597041,79852.5311389326,78910.46421386962,90907.03692611709,76752.42883618338,77891.7938017009,78389.57081663304,77301.85096665792,79064.25825676933,79387.26516759566,84858.54078038337,84084.8310373448,84933.45723122812,90907.03692611709,83233.95669804802,82751.30225089256,83836.71039815749,81008.44645843463,81087.98208699295,81694.54324500835,84384.09015173913,84346.6734999854,84150.23460417846,94658.2890625,82626.12144789835,82578.47624966207,82553.47038723246,80874.53115343205,80901.24512896259,81725.40177422822,84495.28075616386,84549.76182852998,84150.23460417846,94658.2890625,82560.09971003771,82534.83357715241,82844.67405330388,80966.88698219626,80942.12095012989,81725.40177422822,84230.6910140504,84405.05981226107,83889.8894673269,94658.2890625,82442.61261729745,82524.30544133275,82323.98377960075,80911.58220364532,80959.78139857153,79980.86503238858,84150.86700979847,84173.83025371152,84818.90052630867,90907.03692611709,82151.54448310564,82203.54640300882,82563.65602662457,80906.8440682815,80931.08403667554,79980.86503238858,85022.72012338231,84986.28543004823,84640.2694721952,90907.03692611709,83041.45415802387,82745.94194407866,83074.36378446905,80975.37961037843,81068.22519114209,81546.77072011474,84190.44983062914,84277.93687333152,83074.36378446905,90907.03692611709,82345.98658818389,82237.14632836336,83074.36378446905,80993.53587542164,81026.39915940186,81546.77072011474
2025-06-15,89103.946,95826.24,88206.87977568303,95339.53894065131,92182.22288715889,98207.04932,93691.31691691256,60136.98767125522,77456.38851617344,92752.73,53361.30200124529,109156.8,47045.20068511016,78614.01018243826,82274.5390625,84310.9921875,83237.47958477521,82274.5390625,78191.27545001428,83143.56247049742,77965.88741383805,82274.5390625,78110.6148183935,83590.40239956844,79219.03236371376,77981.65527286031,83419.3040914506,78408.00978335892,76810.09173974958,80168.74652006291,75511.75005440318,93691.31691691256,76595.22805457616,80356.70840917114,77501.34643085448,75914.02275818058,79199.75693733498,76024.68847885569,82440.25546651172,85476.79535186946,82220.91841827755,93691.31691691256,82500.37983010268,85402.78213997022,82435.95329461504,79173.37447611302,82418.6208039139,79957.53009370113,81078.12463873794,82212.64364262138,80322.68105559876,93691.31691691256,81253.01602264041,82436.82045141076,80537.71593193625,78777.88521267977,80984.86691048426,79957.53009370113,80859.6208508242,81112.45547720155,81059.13248217435,82274.5390625,80888.55386693214,81204.34327358843,82361.21887434898,78757.5003406133,80176.58895842468,79957.53009370113,80523.01600755723,80834.40030922723,80844.09760583685,93691.31691691256,80649.91892865972,80832.90661585386,80062.95140047971,78873.16605678457,79939.39589879141,79742.49521736363,80253.67790846949,80376.40930622257,80107.64617926125,93691.31691691256,80136.41399873162,80367.30381450232,80062.95140047971,78703.4542603237,79845.61660660573,79742.49521736363,80661.83744118651,80683.28641054763,80651.30226756661,93691.31691691256,80465.86887820553,80504.95078165374,80107.64617926125,78709.81257483704,79563.9219153988,79742.49521736363,79842.73753948597,80058.25690067063,80651.30226756661,93691.31691691256,79689.72004397934,79872.3540460591,80253.56157989352,78615.51956158572,79523.17087057649,79742.49521736363
2025-06-16,117155.092,124949.0,122591.80077179612,122765.98711712223,125953.02269248318,131739.52628,122036.4896070567,114141.8825554776,113906.63964747162,132209.06,152566.89364528222,172264.83,91573.4887361617,112664.32792107735,111892.015625,107254.8671875,123900.65549409525,111892.015625,117374.08553125235,126307.37392270932,117367.97962068502,111892.015625,116294.58431066868,127220.50081380732,115092.41560359747,117156.32036079069,126078.82763753655,116201.97299657368,115186.36657813271,118211.37742751511,113967.67321767572,122036.4896070567,114786.9272826633,119035.01138660216,115859.3208479007,115186.83617102988,118119.60914161788,114467.90787928265,114693.58933127049,118205.21778836526,114978.6722858562,122036.4896070567,115054.33258787812,119263.56265717637,114875.52584044333,114926.53755775071,118114.45417346658,113424.9067513531,118068.65330574579,120709.67811674744,118889.60156308423,122036.4896070567,116789.30370443163,120614.71148857426,114759.2642138193,115896.85777909377,119183.8962930378,116645.59032344064,117421.75206762727,118054.917589891,116497.77591937265,122036.4896070567,116364.73346341816,117661.09651122501,116497.77591937265,115581.74342713386,117931.97087050426,116645.59032344064,117674.25613147247,118490.47454005937,118427.55219770598,122036.4896070567,116403.82844260123,117782.8001043771,116520.1347869917,115527.72136858142,117669.52425460992,116183.5409580624,117436.1305423692,118171.21525772594,116035.7265539944,122036.4896070567,116103.60775222408,117497.7712561689,113615.68693417644,115332.88822987048,117638.84905715694,116183.5409580624,115775.82743132829,115640.23976386791,116518.79674361616,122036.4896070567,114667.18748330467,114844.795400062,116518.79674361616,115034.48908144725,116526.17417672592,113791.71531435082,116040.58798544771,116166.9858183571,116518.79674361616,122036.4896070567,114800.2921791174,115238.21654711965,113835.1654830628,115046.9264297909,116560.12537525258,116183.5409580624
2025-06-17,119819.904,126578.21,120677.99679444933,121342.32571683665,126182.02191229403,132304.315,117829.9824317344,122248.50037372018,115487.52137722923,131250.23,136094.42884219048,128972.83,83940.69335597186,110952.40870294657,108141.3515625,121795.4921875,120253.2207796582,108141.3515625,112948.36963186346,120990.88336823908,112985.40139592066,108141.3515625,115106.36667536586,124766.5859534167,114722.38080068256,114327.18410313249,122842.82104347814,113958.46450603972,110782.81807072865,113708.76051033667,111851.68019204627,117829.9824317344,112290.64644849961,116656.88247444267,112503.67235366668,112513.34937719529,116541.21115090582,113162.4196114528,110547.85260011922,113125.61601947783,110701.06288549867,117829.9824317344,112074.94910821266,115622.27477443115,112503.67235366668,112237.42770214888,115888.41097504535,112989.50298841888,113232.46321112465,115761.18171356614,114329.91619022604,117829.9824317344,112334.71508344293,115185.69536458162,112998.81727214553,112396.66935896524,115591.40256143111,112991.29797742024,113199.42130866027,112842.14985447508,113337.94111582128,117829.9824317344,111893.39551789031,112332.46374923261,112468.20557246622,112011.87908040365,114154.17501918206,110733.04944025076,112628.67015379072,113472.13995719448,113640.66225840387,117829.9824317344,111535.03835006834,112341.38194714233,111157.1510447744,111693.14024601896,113728.8618624448,110733.04944025076,113462.44239563013,114401.8042480061,113829.49605629746,117829.9824317344,111933.06395890529,112957.2300517842,112309.56334032337,111696.81485767795,113725.48059143373,110733.04944025076,112164.01818002516,112486.2262519714,113110.05055872456,117829.9824317344,111167.50082405299,111737.86496036613,110626.53934509508,111353.94110022312,113104.84520298602,110733.04944025076,111948.23735181955,112156.54810934365,111957.63826317558,117829.9824317344,110879.74313860563,111201.91580983161,110626.53934509508,111409.3967203851,113053.22165364728,110733.04944025076
2025-06-18,114413.608,124262.68,122501.7229686926,122891.23924684127,118430.6834166296,125952.05907999999,120462.03741516844,111327.60747226818,109959.2839512866,124131.45,110927.02917787612,103368.62,73272.45644261508,109111.4360156834,120185.9921875,113586.2421875,114024.70263747076,120185.9921875,108623.59295219307,112621.78526180451,109371.26637103937,120185.9921875,109244.01894538394,114083.17591335982,109858.92699314968,108840.14928390433,113035.62182526766,109056.99256151557,105460.04765192332,107503.12615207557,105768.79016722385,120185.9921875,108283.58711158168,110930.47503665974,108997.72341698027,108070.544591127,109833.76233718268,110190.84642504597,105489.2036665389,107333.58203501497,106857.33717294615,120462.03741516844,107699.62115630083,110056.4196660112,109038.47085912313,107184.25285057693,108769.56757490976,108130.90681874995,110518.58918114087,111147.98200773653,112120.14440079487,120462.03741516844,110611.20789645707,111705.85141993163,109333.6237194748,108384.88538954646,109633.34925864855,109828.88049434773,110254.51734987671,110561.44885266547,111666.09638949524,120462.03741516844,110337.84722127725,110951.32917572894,111306.17200900115,108188.27110387181,109253.65877391504,109333.6237194748,110314.27290913573,110550.34963691543,111404.66678640802,120462.03741516844,110337.1439323601,110673.44079007978,109072.19411638757,108163.64494464254,108977.97007591528,107413.91963638505,109889.20481311432,110207.84718065702,110276.4205850905,120462.03741516844,109993.99898888815,110452.63193993793,109072.19411638757,108129.05936600211,108926.46587568155,107413.91963638505,110467.97312452823,110935.75418843758,111417.8117972494,120462.03741516844,110510.5711200021,111084.76697080769,109624.73690509409,108301.15711958033,108966.14489644923,107413.91963638505,109920.87252644313,110055.63037419054,109183.83390463582,120462.03741516844,110079.59840945077,110383.74892917996,109952.15572545925,108195.30808031582,108934.06737922657,107413.91963638505
2025-06-19,112541.983,116494.555,114471.1807872489,120297.16220984026,117367.26175361569,131905.29196,117965.34347733672,117432.77428668948,109035.77229273238,129745.62,127357.56470786639,116204.91,69452.60537753432,107863.84317149104,113003.546875,110435.8125,114602.21583495701,113003.546875,107916.88255167217,121191.84763978454,106744.09916181522,107863.84317149104,109232.9320639158,123087.90850103743,108666.74009031564,108251.80687474918,120732.5079781694,108695.88211781399,107797.47559814857,113071.57112742047,107152.63731904025,113003.546875,110267.78202061213,116751.16861627555,110159.37886976067,109123.6075015474,115335.37537908727,109678.3550456728,106134.51027845009,108956.767734675,105844.85794983633,117965.34347733672,108823.77558111222,112467.95929159157,108390.20875056452,108280.1983472683,111754.57643999692,108013.85759904023,109892.71850282323,111927.93421029401,109957.59593532505,117965.34347733672,110392.4997061316,113656.1826108093,109815.60528174396,108898.70001540455,112639.2259802572,109051.56300856241,109747.70094001165,111824.65613759792,109957.59593532505,117965.34347733672,110192.05016268746,113530.69636865814,109937.87834722016,108882.22275937832,112548.96261184741,109121.60056998322,109833.33618573716,110346.65605335534,110041.42627948395,117965.34347733672,110149.62649127471,111544.0758394595,111993.00757102993,108521.35189886607,111482.50907050277,108457.79349938019,109412.4148707226,110346.09644722944,109854.75427949172,117965.34347733672,109871.98784500893,111461.94819832998,109599.04684116616,108591.51244483092,111504.73653603854,108457.79349938019,109006.0951170357,110101.55413170534,109377.61920888093,117965.34347733672,109635.56450055554,111420.31402699997,109957.59593532505,108610.83458876431,111402.49277558379,108457.79349938019,109036.57602605599,109687.26198773729,109377.61920888093,117965.34347733672,109584.23081127112,110987.46975321106,109377.61920888093,108692.73611059974,111149.04290479913,108457.79349938019
2025-06-20,110330.998,117832.51,125863.98922136785,118892.34739595684,118233.03922713612,131142.92891999998,129653.59553945044,130803.92313665856,126763.96001795928,133220.8,135851.66050729575,142098.66,84021.3521675558,123102.98010495151,101843.390625,107980.4765625,121820.37362422213,101843.390625,112358.44767398688,124095.56094730677,113782.9953019323,123102.98010495151,113610.3574983229,128202.79142205311,114749.57361059594,112503.53208462396,124955.99370450346,113997.8342233582,110706.51107912326,121099.19252360883,110738.45758390329,101843.390625,112163.94010162956,123734.14989398046,112543.27795605587,111261.78472994779,120592.30662259307,111050.9666998866,115105.14189934633,119640.55104020868,116055.35658459201,129653.59553945044,116174.46052069665,121865.4752456358,115309.06285857025,113136.06985374093,120002.80763225314,112858.94950769638,115362.85503818268,119840.23423080832,114667.99712886267,129653.59553945044,115844.9551824726,121655.12263992877,114744.1515662795,113291.63201308332,119416.24755543165,113689.25432469134,115202.72662861181,119244.55636767767,114375.75494136268,129653.59553945044,115852.83953617656,121343.8093848803,116619.63954862193,113592.23898131262,119313.89817405811,113689.25432469134,115591.3043239024,116882.62794592557,114667.99712886267,129653.59553945044,116255.92282203404,118486.86451571633,117433.58303755049,114010.7282533096,118233.6491367419,114252.16326406994,115848.40833866163,117146.24158087792,115189.69843029123,129653.59553945044,116415.64894986339,118594.11354203532,117433.58303755049,114142.19798658192,118266.2359486419,114181.24262690093,115787.75057253923,118014.19367179005,115629.12977631032,129653.59553945044,116481.84703214055,119555.19630986525,117362.66240038145,114173.79043125304,118428.37255841025,114181.24262690093,115733.46712463288,116958.18480038931,115629.12977631032,129653.59553945044,116664.9432297376,118573.2667755282,116477.79827428385,114306.64832158573,118030.12346668236,114252.16326406994
2025-06-21,93712.654,88736.195,84836.50811143949,88833.53017886529,87885.69327894875,97240.1958,93461.13481424798,94779.51640518461,99364.44832458269,96408.82,86559.41592562504,38654.96,56088.630042139375,94397.22676713685,85815.4765625,93983.828125,85803.03872654466,85815.4765625,78868.06890601509,84053.75834101962,78940.26937766928,85815.4765625,81200.5306218112,89027.71694756886,83713.02885288995,80465.56149430005,85208.83569531045,80494.91534292455,78159.35545948471,80433.16412871977,79633.51798489538,94397.22676713685,80633.57313019481,84216.66673212,81907.26508800901,79989.39331549154,82969.11258699285,81482.62703421677,81627.89656009627,83663.64624178156,81605.57599335394,93461.13481424798,83571.75473423571,86671.03600330891,83410.10923539492,81619.04523410198,84990.16028266499,83786.60303365058,82591.63162049757,84392.43372785146,81336.8008899359,93461.13481424798,83599.14790958074,86417.31758318024,82996.8045308994,81603.75353890377,84608.43408893398,81246.71722174581,82766.39396073189,84470.05023547786,81372.22657389424,93461.13481424798,83676.06373087066,86129.39894526966,85397.60849756608,81645.12970216919,84486.21584768363,83347.92645995405,82741.67778586531,83584.1283944119,83617.96541317995,93461.13481424798,83801.50701050834,85077.38431090809,82787.7906939114,81799.25034626537,84161.60229546006,81471.71434087667,82778.07325584337,83705.20052236824,82607.8354088756,93461.13481424798,83698.48171064802,85210.90259304928,82787.7906939114,81883.42908858611,84293.35372620792,83572.9235790849,83051.87393937744,83647.8930849006,81192.27128885844,93461.13481424798,83965.27657019258,85140.73141455863,85397.60849756608,81853.44647875903,84288.52140082196,83572.9235790849,84845.07013779932,84874.14744099426,83802.0890925131,93461.13481424798,85405.80768948876,85947.70133272547,85581.73217689921,82312.64601577498,84379.52126245595,84116.95782848967
2025-06-22,89107.212,88901.26,85712.74442531946,90983.37947966285,91721.72928459864,98415.5744,92422.75920748254,73443.14800841859,86855.81948281458,93530.48,58265.59039144087,91862.68,48972.079490079625,80118.80600408581,84462.9375,93234.46875,83926.89669909353,84462.9375,84570.18419550564,87221.95831261107,85433.9620293838,84462.9375,85053.2615705083,87859.43070694157,85685.32123763187,85384.23810819048,87442.97527377111,85843.40645996406,82992.09588466141,85974.65630478684,83388.72313449165,84462.9375,84280.69502681617,87424.49342233808,85461.08522603546,84477.92211810006,87232.05486645663,85249.73663972595,82013.78885832932,84736.67318205134,82379.085030133,92422.75920748254,83655.65864325184,86053.0819522061,83733.74480251184,83232.29847208787,85286.90087939637,84255.78272472891,84610.45740136152,86719.91363452066,84668.3133546484,92422.75920748254,85359.92653160784,87333.29417835317,85008.49423888072,84306.3981880136,86059.27653282139,84903.67657346126,83681.08200331102,84478.55718889959,83706.19278721785,92422.75920748254,84711.04799452027,85402.75561932924,84876.17442661965,83927.32277364725,85309.91831628945,84485.98460917553,83413.1544857834,83687.31185535711,83068.45195959797,84462.9375,84647.56050722435,84681.39082609164,84758.49281721322,83967.89612594893,84987.1643156653,84485.98460917553,83429.21247806185,83608.85017436894,82783.07980757333,92422.75920748254,84556.2353144106,84671.93725288079,84943.56107495131,83975.94224724962,84889.21254024463,84485.98460917553,83121.47492612667,83373.80817229704,82783.07980757333,92422.75920748254,84280.94250703555,84505.58016673714,84904.90823959335,83946.39439357653,84850.68635632102,84485.98460917553,83491.18913553245,83557.85370060673,83162.11893650107,92422.75920748254,84530.52994843973,84502.70429774268,84852.15979411632,83844.6918701742,84710.0682188257,84512.65506250804
2025-06-23,117486.218,122453.93,114689.80347388655,117357.7437617811,116089.32289986222,126196.89008,120184.204582416,93042.5723272454,106979.06754907954,124848.05,101955.11362779731,144343.61,67869.26006950112,107548.77557878678,111305.1640625,103947.21875,111920.7148466904,111305.1640625,110220.3210822501,115403.65197479645,112486.71407442982,111305.1640625,111028.6109626891,114818.12625578628,112247.21200119547,109882.31139151147,114582.54893831859,111121.09898060636,110464.27245101286,115929.62657848789,112116.81712548995,111305.1640625,110971.86611642051,115432.7992505208,112418.19514807497,109876.47107748198,114660.04557460196,112239.95893890833,108450.12936440083,111605.67610898058,107118.2330362818,120184.204582416,110591.94538718025,112769.31293437732,110834.45338799997,109617.87114918393,112226.46006296902,108521.37047951997,109407.23196413156,111745.80997047617,109285.68257586326,120184.204582416,110868.74727155488,112472.38892074779,111219.84490399025,109719.0974024877,111915.4529798024,111191.43395554987,109953.95493011946,111014.09973346455,110563.72669577197,120184.204582416,111017.19069129319,111577.8736380642,109218.28448267018,109829.55949569755,111939.06612857088,110310.16200614511,109994.61396810698,110169.50096295387,111336.9164973156,120184.204582416,110837.68056701645,111063.57510934929,109413.27884850607,109897.44595191258,111410.56957915025,109915.76150125617,110115.54718161636,110361.70645054938,110277.40833874416,120184.204582416,111016.09457673435,111322.96574164205,110563.72669577197,109920.29889580881,111265.64082052329,109915.76150125617,109664.62278640267,109996.30540240294,108559.41030633947,120184.204582416,110817.6781643209,111174.01106111181,110499.49606696244,109910.16724887332,111275.84881548141,109915.76150125617,109268.789269468,109451.89882760332,111050.59814028777,120184.204582416,110619.41687055604,110715.13510865037,110122.23802124016,109723.83774290336,111003.15827880675,109915.76150125617
2025-06-24,119722.545,113241.766,118348.06520827486,120471.40381874917,120086.19340735339,122428.00396,122145.0656104696,108730.65006390568,111988.41612788683,126887.43,115059.36895190013,138409.25,60998.906310464175,103010.68445703293,110631.359375,117541.5625,113998.54167356911,110631.359375,111980.634390213,117593.1678998654,113324.34520767417,117541.5625,112922.00533945185,116044.98844600281,114669.13369999747,112251.20300055228,116904.78213043176,114244.75482722568,108288.26386498705,114320.87274455426,109611.38096037527,110631.359375,110059.83964004452,113348.07825539056,110831.0723307694,110245.47628887452,114348.17126797521,112195.5057689246,106990.73152703163,110641.91443853719,108701.51478812446,122145.0656104696,109182.49265970723,111693.81423278537,110408.31057950856,107976.03980971224,111377.7619667546,108792.89108822863,108199.63474810004,110843.35064095084,108468.82709955303,122145.0656104696,110364.26093454656,111654.56608856701,112749.9306357674,109162.55370704758,111567.46449050204,111258.8162040113,113166.80235724951,114143.02375958081,113153.94960386265,122145.0656104696,113805.30370202471,114251.22256485629,114644.87324538117,111324.27387136243,113321.48803806092,111121.03788974794,112719.89329617131,112544.1943921883,113153.94960386265,122145.0656104696,113566.13569944497,113370.1829979727,114742.9147788629,111412.90863050692,113154.83995896879,111545.0045557227,113040.22167712763,113706.98690947914,113140.47634912311,122145.0656104696,114287.99616950202,114652.8593947956,112379.46463293262,111788.78357895096,113570.55627277849,111545.0045557227,113336.88866413863,113923.41076716401,113140.47634912311,122145.0656104696,114290.39294102765,114864.32818970676,113366.30320993406,111860.83360814492,113640.93954059567,111545.0045557227,112534.23693030472,113073.78016008552,113359.69078295499,122145.0656104696,113682.55060246133,114268.35549527379,113140.08996450261,111815.5368589211,113467.3423991327,111545.0045557227
2025-06-25,127373.264,127924.28,124236.8856678474,119928.93433950789,120923.34420399996,129202.8124,127171.64964567419,97557.68886521496,108061.27204183007,123111.484,89380.6065231995,103255.76,49714.81380344025,105251.09657886002,122426.796875,111493.1015625,110642.70172963828,122426.796875,113540.25936776519,117653.04214603154,113524.3187174043,127924.28125,117037.68636529292,119269.44116285759,118295.30357321523,115886.9210094022,119478.37292306748,117343.5952037338,113329.69589910656,118734.38156511297,116516.54953349811,122426.796875,116827.20327439351,121609.73057332188,118524.56818653905,115897.25519480261,121326.03816634859,117870.0981496119,112220.61295668985,114930.39062243872,112706.45879291388,127171.64964567419,116375.74218269295,118842.559811151,118460.83267862679,115757.36567988872,118695.66062104102,117822.1703640607,110842.40131315697,112136.96091640413,109591.69365001458,127171.64964567419,115175.38717622682,116428.3171650533,117533.73153936189,115120.05292198769,117126.94692525621,114774.10363860632,114069.93695361361,114793.20292596941,113680.3073011809,127171.64964567419,117150.46241960998,117530.73940754384,116335.30272205643,115934.67593283103,117891.2901545784,118823.92959814938,113636.23246736312,113835.71826869027,113583.58526526064,127171.64964567419,116331.7026026836,116493.13689883174,116299.46312185042,115851.24522321654,117397.54863192685,116406.9819224684,113818.14452576858,113986.92019821814,113583.58526526064,127171.64964567419,116562.00487125533,116709.83510408095,116299.46312185042,115780.76011830707,117194.99873428018,116371.14232226241,112916.66901845562,113136.32106042044,112546.92449820472,127171.64964567419,115858.5070211728,116167.62775901763,116202.74108593015,115573.0875720658,117152.86633761784,118691.3679620231,113517.25985359169,114051.42107720007,112966.21107160227,127171.64964567419,116407.15570267692,116861.21384127923,116428.68645596225,115722.07526563751,117183.32436758,115386.49704929767
2025-06-26,115591.83,127291.1,128331.3752275301,121089.88271250346,117542.95120797309,124740.69979999999,126170.5061261443,94260.1010178558,118047.05610048384,118346.38,79102.25275620681,127036.62,51188.0145396404,114244.63845700977,114422.328125,118429.9140625,112016.25477968984,114422.328125,116645.7168256173,117047.45874360333,117288.6449157948,118429.9140625,118002.0001499138,118124.19027880195,119342.13741135558,118543.80907630088,118509.73569848077,118086.16804855592,113457.11791814637,120460.51440167462,119159.10145961598,114422.328125,118376.04844804706,119574.79595321315,118942.23122864052,118176.61747200986,119846.77144230748,119246.72251375958,112549.23733935384,116430.0209200448,115070.04393813848,114422.328125,116207.77627384034,120253.61522267565,119444.36514074022,116228.38549589209,119518.06127001328,118947.38733105295,111891.21955491071,114574.20490697179,112320.75951621789,126170.5061261443,115880.77373842499,117910.48162872273,116494.21914488102,116286.06478662381,119688.64689430122,118984.23046479924,114825.32983962368,115860.8886238696,115500.70248411225,126170.5061261443,117227.20605173537,117900.83850144291,118824.1454024627,116755.47997514557,119379.0371564846,118371.43172968019,113874.48364512806,115062.20271365221,112858.1443164115,126170.5061261443,116697.35348240256,117095.06920010567,115500.70248411225,116563.58164969592,118985.79810490122,118318.07004223467,113969.64093894216,114227.93366284514,116128.22554731646,126170.5061261443,116571.92828133536,116443.68305284245,115568.78849964293,116461.05649167435,118298.4745136034,118318.07004223467,113611.11063243455,114124.2911992793,112557.6307098639,126170.5061261443,116291.67813332731,116487.22179356437,115568.78849964293,116432.32416479471,118394.873581405,118318.07004223467,113419.78738256385,114277.92313235484,112926.23033194219,126170.5061261443,116208.30869542446,116761.43480571712,116128.22554731646,116492.74174706827,118413.15379870938,115607.42585900326
2025-06-27,109684.829,114174.67,112195.7877555443,117739.63454410955,115682.84884957342,124485.13852000002,113787.20917545137,107561.0956484639,108735.12012448082,122737.664,101133.89490488502,133561.61,47857.25764637311,110115.58324822415,104000.3671875,107772.046875,109435.9953194737,104000.3671875,109795.52860736975,109788.80328768623,110541.264276761,107772.046875,110200.24461960736,108688.79889842393,109731.32645275959,110421.30118252819,109809.74342762271,110343.14314525959,110013.74980101912,115742.1468210837,110453.38174397344,104000.3671875,110495.56300075742,111716.91692989085,109604.06719178248,110680.22256799204,113193.49905682681,110215.88388428249,107150.14298157417,112906.59661650246,105477.00097633636,104000.3671875,108686.13041818283,110594.95650451852,109160.78269058366,109451.23669544859,112423.43493117872,108938.65762623024,106468.05268934484,110295.3426885538,106151.81932470748,113787.20917545137,108898.46482705345,110706.86627261068,110007.40772697915,109602.78594195165,112590.97291937357,110215.02004177413,108381.28703423608,109686.60188585098,109736.73324740687,113787.20917545137,109777.2388265587,109519.64300296246,109218.03012281247,109856.8454730201,111569.8153652604,110196.56943703372,107747.78214543847,109092.34720304716,107840.66274285091,113787.20917545137,109229.68787996321,109074.18798942472,109019.9757234292,109659.97918604012,111422.07269384841,110196.56943703372,107688.55857784157,107754.2764799303,107840.66274285091,113787.20917545137,109302.8908168943,108509.03788243697,108776.64453792604,109600.8476085718,110821.16482098121,110178.1188322933,107804.20083290518,108145.93417663204,107044.80123594613,113787.20917545137,109685.77649519543,109174.02575738021,110141.21762281247,109557.62944611885,110735.31522879227,110178.1188322933,107011.57393285749,108146.31619053318,107331.23753596762,113787.20917545137,108964.35923581226,109398.23055627046,109063.08083794753,109443.18821180737,110765.73729503147,110178.1188322933
2025-06-28,84356.051,83682.17,91094.94070633668,90236.096275282,86381.72236161982,89790.32272000001,95199.35797685431,73912.35277327447,76936.25176758759,95084.82,56251.59806068905,65509.3,18829.235568731325,75951.8794992659,88151.0078125,92307.4453125,78621.23358689276,88151.0078125,86465.00527391434,86714.64201176848,86953.20462589702,88151.0078125,88850.86905370938,88827.90363875584,89213.73211476191,87461.56650774415,88024.0391259696,86551.16436192655,84558.40108176717,87569.28516303333,85197.25984096073,88151.0078125,88621.71207546828,88782.38601049843,89016.3783482143,87064.44701500266,88264.25168543117,88009.32564026688,83320.04014708681,86575.10203648554,82310.9853970888,88151.0078125,87448.5825335542,88541.19609305663,87240.70418002887,86315.28124226269,88293.99824412086,86467.0796166577,84525.13947766657,87202.38917832878,85337.40492576217,95199.35797685431,88261.41027417567,89510.81956797298,89365.38445990588,86488.69949775287,88973.02094492331,88388.37257365785,87115.24928956394,88214.16798491988,85867.27328642186,95199.35797685431,89743.10722750961,90109.27416829429,91681.25440908612,87467.54198703055,88934.10618891829,88834.93157272102,86098.47398689108,86786.80622346498,85609.7001789526,95199.35797685431,89338.83427090911,89390.67781593074,90162.23489709511,87391.84420691976,88916.06640718623,87315.91206073001,86089.16326767171,86254.39749817943,85609.7001789526,95199.35797685431,89422.98534981057,89117.0991609284,90246.48658523228,87559.73514007179,88866.81140580915,87735.79947097928,85959.25750800013,86399.22007872662,85867.27328642186,95199.35797685431,89105.4873628279,89218.80286416244,89168.31005993465,87875.14732822926,89054.09927566291,87735.79947097928,85872.91048336522,86064.95384827253,85867.27328642186,95199.35797685431,89253.4174149646,88949.5528071194,89168.31005993465,88023.57750347632,88957.54863320026,87735.79947097928
2025-06-29,82492.776,84059.89,81134.75242104163,87789.73578910448,88111.32839223,89879.79932,94014.43741558184,50535.21158538395,61951.134989340266,91078.66,39905.67500751291,59586.133,14301.886197059037,63496.85635245278,83744.7578125,84721.6640625,71620.79460214711,83744.7578125,82117.81642561356,82984.77346945075,82418.46090199238,84721.6640625,84893.22573219596,85061.61886838381,85931.74253276581,83826.11563607218,84830.95268364262,84148.47190593743,78947.68372006055,81202.20411464386,78804.1767666472,83744.7578125,83207.88365050657,84691.02457649822,84289.19268555097,81929.94130431292,83959.48340745052,81449.0432356386,80367.93437734443,82924.68647883167,81715.13734091725,83744.7578125,84558.4054279478,86588.86146082066,86139.19914112684,82950.26078006292,85583.94993775024,82871.54299880582,81767.87422417315,85213.18950159536,81304.98538246927,94014.43741558184,85844.34252133527,88966.67224873307,86458.66354786903,83492.11279377039,86466.81886226955,84790.95994647636,83371.14951555362,85064.06048048627,81298.30459365365,94014.43741558184,86298.94573043552,87265.10700093546,86687.06409706338,83995.14648438449,86017.06953617088,85417.01152536378,82261.32997345121,83088.04114618633,81543.93008210603,94014.43741558184,85486.8383064287,86223.44865409935,86490.17656870236,83933.79034620026,85717.41924103512,83329.43615369772,82097.75377826797,82408.57299361826,81543.93008210603,94014.43741558184,85557.13194324562,85657.15522372823,84850.73349236514,84269.8619837355,85555.70041594992,83610.53658338112,81957.42750009256,82470.45149442356,81740.81761046706,94014.43741558184,85279.04614039454,85630.73364214321,85047.62102072616,84305.51842237951,85677.93170444969,83610.53658338112,81892.38988117142,82300.36008401637,81740.81761046706,94014.43741558184,85181.39251993674,85583.68308229491,85047.62102072616,84312.37383640895,85631.44269078242,83610.53658338112
2025-06-30,121629.649,114122.95,116194.22198384895,116092.83624885234,109207.20640439076,131546.57528,117968.24024598177,98726.92221393264,119521.48043575746,120869.26,103483.81072193221,152454.5,65646.76044691412,105414.39789993732,112171.1953125,99648.34375,112204.58012543649,112171.1953125,112710.22249706986,118085.6991816714,112164.15121088551,116092.83624885234,114937.01327848979,118322.59543989469,113222.67876710894,112832.27253567544,117282.78719315106,112380.7529636026,115722.64187064735,119343.52115534281,116470.22214403676,112171.1953125,117272.90705655594,119580.70257880651,116748.72686869753,115407.53817631524,118478.18844210211,114515.99756953791,116900.21882315661,122519.26499711728,116200.60208455985,112171.1953125,118469.6077068655,122386.86360649142,117369.55191345238,116208.02582486703,120776.4300056009,115646.95555020186,113552.94604130392,117304.63547661176,113491.63718650953,117968.24024598177,115631.95255047375,118779.68266800314,115523.97755530021,114267.64393970248,116789.74437763756,112184.02219594654,112804.20840368736,115033.06400860875,111666.32543055715,117968.24024598177,114692.93588663376,116468.2848198667,115523.97755530021,113881.50345493937,115768.16373985788,112460.07195468375,112945.59811953903,113699.5747273229,112802.37007341429,117968.24024598177,114931.66988877433,115325.06251651772,113954.03988246081,114049.21911247655,115627.73508650092,113128.66339215476,112613.90635849266,112644.94755840897,112802.37007341429,117968.24024598177,114647.22634729416,114256.71066795132,114371.23197015561,114132.89901703093,115220.22995348947,113958.35968525,112508.63989304405,112640.99754292537,112155.782690842,117968.24024598177,114206.71471645053,114102.87154127829,114371.23197015561,113874.49191566742,114909.945390745,113545.85547984956,112324.91896199036,112460.06358196063,112155.782690842,117968.24024598177,114019.76041132554,113965.9064873289,114371.23197015561,113773.20944455959,114804.50636767522,113545.85547984956
2025-07-01,128924.885,117297.29,120819.85593738036,120713.0801537574,121441.97265812634,123218.14480000001,118995.42322911217,109440.21866395148,137382.25376275176,122772.414,93634.08496572202,114081.2,63354.03753671356,119664.16018574558,116064.734375,122692.1171875,114771.39931371738,116064.734375,116372.55361139761,119022.13736814346,120278.46335648377,120713.0801537574,116852.49501663655,118656.12191559977,119155.00725528086,116570.93483095668,119648.46136460059,120008.30811901267,119267.70961385977,119932.69544045618,119625.61235041094,116064.734375,117403.82985252424,118188.59859308472,118414.4055248037,118658.79860009978,119612.1650118318,119745.11515338713,116143.77447577343,119626.9535396005,119244.57848335731,116064.734375,116832.9214768347,118802.18207185488,118477.75987739292,117691.30081091747,119656.53583248904,119547.74926788111,113575.96559872925,116211.590369701,115113.73411794976,118995.42322911217,115004.23678836267,117038.84880379809,116968.254696167,115903.22877741561,117876.65307213542,118610.66054167086,113772.96372944563,115139.94272000273,115289.76716358727,118995.42322911217,115123.91713573561,116234.91846403552,114458.22151339146,115811.01256377701,117300.84494938765,118610.66054167086,115295.2952914035,115769.81700390254,114715.11809077242,118995.42322911217,116033.90274690556,116436.37119375779,117140.57164774445,116267.30472807669,117409.93341451962,118610.66054167086,115018.5291970164,114803.92099188235,114795.98162251586,116064.734375,115887.418453344,115552.82944499634,117306.0148052914,116217.68760780558,117072.05678368584,117483.84129896715,114876.77259628449,115134.47161066918,114594.89964294976,118995.42322911217,115838.71588554206,115811.67687660767,117104.93282572531,116052.31181848723,116978.12316991427,117880.29448844868,115018.03687598195,115299.7638129767,114910.48930068786,118995.42322911217,116087.41587090911,116052.54745804319,117104.93282572531,116058.82684068457,116995.8264017032,117880.29448844868
2025-07-02,116645.551,126052.61,120902.41914169917,125334.36463910274,120517.14571775653,123543.146,108611.93830282615,103374.35859422278,129193.17319137948,120164.98,65947.24695420379,92468.625,52625.78333300749,110085.04340849687,123966.1328125,119368.5625,109477.035035513,123966.1328125,120317.8565228876,121302.9132813216,125297.30533542752,125334.36463910274,120225.00648690655,121697.4180473086,123127.21966175531,121191.21366260618,122444.44755430051,124811.75313861735,120867.15117551324,121305.53413568958,123207.08401985213,126052.609375,121208.84535463733,121366.61475186005,121134.63029482758,122119.62528132318,122566.4682978117,122982.77433072662,119598.12270405775,121762.79513151715,123102.272586679,123966.1328125,120665.39434845076,121913.0915929447,123082.20799441708,121892.24888975128,122743.95457902373,122863.27607477424,113425.4697404499,113832.24684974874,116007.24706992068,123966.1328125,115354.04831240457,115621.75077438752,117405.02748425656,120059.31232943709,121218.55549731961,122371.12046717072,110229.33382756326,110271.73700182291,110078.27867368193,108611.93830282615,112485.56668532791,112653.05530745558,115504.93704285905,117422.13230205106,119305.32199458679,121520.47009171004,111692.88673632286,111795.08982719031,114007.80060173746,108611.93830282615,113713.47278789953,113706.3119462632,114793.64716018652,117266.90070339503,118872.17126742417,120809.46020136843,110993.301183931,111130.93061797487,109780.13295642001,108611.93830282615,112665.32621646237,112934.93682928177,114107.23426542793,116828.96858338645,118092.12166392263,120710.10417458272,110173.11000832442,110431.87272442551,109780.13295642001,108611.93830282615,111687.41119684766,111938.43539320478,113645.13105979488,116267.8956663054,117239.52574885491,120710.10417458272,109714.92195240893,109913.85452611117,109780.13295642001,108611.93830282615,111248.53876938681,111588.6652905839,111697.55336020538,116447.74578395674,117265.35231529825,120710.10417458272
2025-07-03,119642.712,111732.36,116186.83437236719,118629.60469683388,117125.00124687649,119623.38184,128646.27688417576,100273.86940114488,121039.84086120041,120944.51,87057.06936723532,137126.1,43893.1085937178,120906.69600582539,111045.5078125,110602.765625,110988.86117629182,111045.5078125,115649.0542427876,116204.35142155967,115526.6941200741,116186.83437236719,115749.25282542934,115634.35144350745,115674.89563219104,116128.05175768715,115936.00835621904,115917.07259843916,115188.31306345479,115412.81787217157,114534.3082744572,111045.5078125,115435.98019019517,115068.32348889537,115024.24847415723,115660.59607091824,115334.45780110371,115452.84637442075,115109.54440759763,117044.83981902794,115085.10203570484,111045.5078125,115412.49729873444,115929.42720955277,114648.4854996334,115681.05748744823,115907.16779369363,115890.41816332388,115600.64437018774,117824.5721010752,115898.05790497395,111045.5078125,115588.52177793471,115990.65762044315,115110.85438566559,115399.75683946011,115388.40512047603,114681.19271689531,115188.86209839614,117858.60599717734,115810.3708347606,128646.27688417576,117599.66999619312,120400.01833127804,119142.89647438,116195.25688183897,116594.52107612579,115855.78346667984,116795.16650798028,117308.6379454893,117389.98543256978,128646.27688417576,118195.72844091941,118424.64978616481,118237.42269991807,116395.5189943657,116450.72743199227,116661.20810997393,116748.12236143032,117472.76389395648,118195.41007586385,128646.27688417576,118709.93755012382,118665.38446829852,119063.93030452168,116816.48574831641,116858.4150666319,117104.42151407871,117170.84125826656,116716.46962347477,118625.07174463414,128646.27688417576,118908.62133889357,117645.6351603587,118692.41365854007,117402.52235930038,117299.00160960272,117466.63275326803,117241.91773076823,117173.01221535158,118603.98878332462,128646.27688417576,119011.56246980325,118612.24415953278,119472.50901198243,117424.54597342666,117396.96709296956,117466.63275326803
2025-07-04,114890.444,116327.64,117628.3379511988,117480.00713207856,114959.72883121375,118360.22815999998,127278.01030565554,124285.16677350567,123685.34808220719,125027.9,113058.94921528624,137001.62,52366.53943388816,118650.70916143492,112293.5390625,110568.6015625,115264.82198226458,112293.5390625,116890.92015511081,117750.33499400115,116814.54268732994,114959.72883121375,118441.64571413642,119213.25211336084,118657.14600283031,118481.47261704245,118598.66947039642,118657.14600283031,116170.95394639079,116342.57424773181,116008.66499925782,112293.5390625,116888.08170861744,117034.58138184783,117428.9581070132,116722.47130685137,116721.28984702734,116558.27376730907,116747.77609470964,117596.90666782542,117181.75188710101,112293.5390625,117222.97287194247,117687.93060056458,117354.6688361347,117018.61929750639,117162.97606139691,116994.44226213223,116797.1145074575,119478.38195043417,117878.3858133991,112293.5390625,118903.08770020764,119863.49950727516,118975.15799816432,118598.35741081779,118773.4165913302,118550.50170551405,115443.02006717843,117791.79993484067,116334.6827121442,127278.01030565554,117651.63721317479,120895.04491879501,119874.4334030026,118516.18068010807,119157.79759904322,118639.4409780592,117252.73558563745,117792.84146862231,118735.9568221369,127278.01030565554,118274.1798273767,119154.24681030723,119712.85569703295,118690.80705044305,118887.98393109928,118557.30109710684,117665.2257259503,118104.66143901568,119257.4029974062,127278.01030565554,118577.14785615294,119331.1833918138,119756.62259947634,118852.08499091468,119086.02155623375,119160.88715332851,118185.69918306255,117563.16011947404,119257.4029974062,127278.01030565554,119385.02344167756,118319.0000047292,119086.32384390866,119004.58648737449,119176.40373773106,119160.88715332851,118548.52671736974,118167.35857464936,118886.37315943002,127278.01030565554,119661.16361842926,119154.27705922152,120480.02840138109,119082.25196549762,119241.06046679715,119160.88715332851
2025-07-05,91351.812,72681.58,83789.51466887824,88156.1295351238,84679.91242091634,101122.31328000002,60607.85777099687,73217.46324570922,86988.71518897996,87459.62,54285.145475027035,38916.184,20109.68868498256,78209.84171161264,71581.921875,95283.0546875,73139.26249673177,71581.921875,76497.03578734753,79872.41911394095,75184.91204086962,84679.91242091634,75713.66818927754,76924.9687510469,76246.50894968325,75551.0368312996,76571.28092446335,76659.14044187084,80026.98928358883,80404.28902711152,78841.35432021732,71581.921875,78560.95450913633,77496.05759069187,76559.62424323398,77818.33994732665,77408.82124278201,77828.12278508511,78134.13009295391,83200.5847509317,76175.21113359222,71581.921875,78126.1570431023,80044.78819848577,76559.62424323398,77719.37667118896,78615.47254002084,78445.5601062697,69516.44041048558,71769.62827894455,69261.23996154431,71581.921875,69901.28535442929,71887.13370592994,70774.27844320987,72845.46252142926,74361.84745746935,73736.47509493606,68870.31135012249,71834.71958925256,68517.74189317654,60607.85777099687,72574.086415294,76004.90012275169,72511.35561572229,74435.67489185891,76506.64759974043,74865.10046695986,68655.98104683752,69444.44536440268,68460.39935948819,60607.85777099687,71203.1374142639,72068.23919790273,70466.70199268767,74130.71867042618,75243.77857014953,74131.44364248464,68766.44429354224,69035.80405346952,69814.72008115485,60607.85777099687,71289.8822438672,71697.88075611206,71499.63885827086,74087.76685802061,75060.71237511109,73556.50457800829,68730.2505309927,68054.1407246997,69814.72008115485,60607.85777099687,70818.98862938274,69656.80556659932,70466.70199268767,73936.2380374802,74637.37134237008,73556.50457800829,67247.78895296711,67028.53334846269,67885.46029501186,60607.85777099687,69176.12444006377,68603.18596160143,68537.44220654467,73519.87033997902,74172.19139310894,73556.50457800829
2025-07-06,100947.603,76538.24,83660.74465288979,85988.72113047018,81285.65837928365,109412.00184,64587.17131461136,57544.93351170534,87021.18792280849,89632.52,50374.973650237254,82045.98,28128.998689710847,76992.81421977832,85854.5234375,91525.6171875,76706.27254159968,85854.5234375,83899.91802118487,85243.53029978048,81616.14826183798,81285.65837928365,85641.7659978917,87654.6929466365,85953.00318769168,85379.20989261313,86508.62624229683,84851.57942588744,90557.79085393886,91139.18001776766,88489.45122171844,85988.72113047018,90700.17700865924,90771.97605195695,89097.69274623842,89515.74469395578,89769.8805067365,87726.21690110087,88695.94044222652,91750.24528891173,87824.93178325835,85854.5234375,90541.36649192411,91295.0753204744,88876.80574825454,89532.24351766933,90208.73250127779,87502.26153199676,87568.95269415744,90000.37962238172,88018.87306443034,85854.5234375,87932.2512330418,89636.7554853614,87268.41507643563,88585.95348733166,89712.08576064098,88571.55913726895,77849.42467709724,80032.8061654214,79026.98587676145,64587.17131461136,82607.82168995918,85568.06500273843,83967.94885054677,85534.9306144978,87274.14538370632,85993.41095748855,78628.93977327747,79326.04981770739,79096.53733654841,85854.5234375,82602.38349200375,83875.5069050083,84118.09991254027,85744.08072983645,86966.64620508571,86219.47839519253,78368.03523214551,78383.8575295277,77813.7541997442,64587.17131461136,82064.07527357605,82236.42187692638,83322.9338618416,85502.0370773046,86441.49798859913,86219.47839519253,77760.98958232928,77538.74918607945,77813.7541997442,85854.5234375,81377.90632115281,80580.79824555438,81016.55644420066,85436.30872804692,86284.45520639118,84084.96265588832,75618.98865355895,75706.79156290196,75679.23846043997,64587.17131461136,79143.02262447437,78608.06993358448,79053.90238323316,85050.17970417923,85716.42747742303,84572.57974199385
2025-07-07,122908.403,127107.27,117638.18398505123,118931.80799480384,121181.61184413865,135474.42452,124618.55120607579,115697.70649183956,130230.39551264411,128183.164,133411.3879417558,164191.47,73679.62273208375,129628.8468380085,115637.375,122436.3671875,123869.87916692675,115637.375,125956.35414225381,127189.29337347648,123934.57812018195,121181.61184413865,128523.13655541948,129816.53224158435,126263.86298129926,127159.33506444847,128292.80003641732,125883.5711860563,126413.96324860468,128348.77173002553,125207.21275129521,118931.80799480384,128436.09558492579,129749.96729538335,127249.12086370416,127239.17007143509,128601.58303866119,124937.02116132321,126623.47697134066,128715.24022601113,126348.81505086078,115637.375,127983.90237764611,129712.4346098414,127227.89011108954,127090.1533225584,128570.62531147792,126532.98437239221,125227.17587996426,128834.66008182184,125033.67780656135,115637.375,126451.54154599746,129362.76710640508,126052.34507799678,126428.58675042786,128503.3669126198,124456.38186692778,123875.0838552535,129273.38721003768,124731.50403791443,127107.2734375,126359.87676602922,130375.0607752368,126383.50087631351,126633.01026814859,129035.56386712688,125320.02226558168,123752.35579613241,127935.68393282843,124731.50403791443,124618.55120607579,126253.41895733353,129216.67692590225,124639.7587607285,126621.31631611045,128788.62606784009,125320.02226558168,124715.92089186891,125698.28548334521,125270.6223331115,115637.375,126495.78425035276,127258.26155399902,126153.03919971801,126762.96948844614,128439.38015287564,126937.21622926526,124682.64117615095,124749.2029343235,125063.14190629212,115637.375,126365.25385436373,126487.6107308759,125889.0279214257,126809.46902366134,128226.62771596239,126316.35635628909,124661.82387766454,124853.17565969322,125241.10129670735,124618.55120607579,125914.04074862342,126099.17881791634,125452.55375164721,126809.67621071395,128103.86917469843,126316.35635628909
2025-07-08,115852.962,123723.26,127517.42713282387,125662.23992673328,132257.5336941295,130512.5156,130162.78061396336,145838.79826225433,149242.3114798152,139854.98,169601.55347420633,144854.12,104904.55279967727,143817.4423553422,120443.125,129948.6484375,134556.08639759634,120443.125,130220.78840570978,130354.92078946318,129972.86320553231,132257.5336941295,132219.47120483912,132991.9406075348,131823.74782838067,130855.681302104,131291.64742723264,130452.35799600852,129429.96440911293,130697.15599419487,128601.47337316017,125662.23992673328,131682.84770557197,133399.0390185678,131587.93575017518,130412.36528140772,131439.30819912165,130452.35799600852,130119.14591372178,131233.46814795915,129927.77291378312,129948.6484375,131839.8608615037,133841.8467999158,131108.440959699,130571.15549894658,131493.02894736675,129972.86320553231,128927.87729592582,130541.28644461399,128556.38308141095,129948.6484375,130479.88079209403,133133.77454947855,130859.91167747357,130065.52978644989,131257.1864963616,129520.21923231802,127672.43777323393,131866.1318582541,128905.82427017111,129948.6484375,130490.96394415089,134331.86966031836,131132.77134324875,130080.6111831348,131949.41177106445,129520.21923231802,128285.98102865252,131685.74009923282,130109.99165178843,129948.6484375,130318.10128158763,133485.666524694,131358.4927774736,130073.44981839975,131857.48557537192,129834.28084028927,128330.75731348938,128764.71404557765,129319.45535041725,120443.125,129577.80939423422,129904.19929513757,130070.19904482189,129839.151925118,131151.4040287737,130434.1185215212,129785.25926973471,129043.1592612793,130434.89823551959,120443.125,130060.5163788436,129649.0335406211,129498.71861540922,129862.20327318372,130998.97643046825,129515.37266236334,130009.74998399972,129913.86001175968,130881.08493208754,120443.125,130668.95972897438,130594.22131478817,130862.34394004327,129959.89380847753,131157.03660875032,130886.7624947355
2025-07-09,116644.619,119778.19,119110.7095271556,121960.98905956483,125536.69127100101,121260.77756000002,126110.45131822632,140228.1592553179,137881.73253016116,137477.36,157324.110970387,74669.72,105461.56706605245,138674.7896417734,94069.1015625,114948.3046875,122299.51000497598,94069.1015625,113584.04922198557,114507.37662686725,114697.11703309751,125536.69127100101,116209.45778102534,117848.7361715716,116685.6125688118,114668.26447810527,115991.14487592987,114697.11703309751,111508.71979195584,116579.44504012214,112610.80127273273,121960.98905956483,114338.45908989882,119647.55529702142,115691.36480095467,114164.73768983607,117036.27851371194,114697.11703309751,108743.167345797,113272.78240897553,109855.46835192779,114948.3046875,112791.05436069972,118221.49643693454,112838.21165549921,112480.25389799547,116486.42893213945,114697.11703309751,108472.11504814666,114354.39884257471,107769.15259156298,114948.3046875,112343.37742903955,119013.47569144443,113368.93191418968,112215.15190677019,116638.01317606917,113702.86926524038,110670.75233268841,116279.38603700227,109453.38361834869,114948.3046875,114069.39990197112,119583.550189506,114965.20879162598,113039.90512403467,117008.5772780059,113702.86926524038,112677.79240343036,117497.66343341173,112123.516258775,114948.3046875,114028.76787611144,119425.79007390467,115967.52260196237,113224.8299584054,116894.1725226184,113669.52586049921,110065.6357491455,111544.09274456603,109168.00330905308,114948.3046875,110357.0790693408,112282.94773427724,110543.1950939839,112047.43364785606,115379.00931184004,112374.68414633254,110447.63701634575,110660.90052886082,111186.00005536029,94069.1015625,110152.82193850844,110710.08780249461,110589.77286552612,111689.44912002947,114952.53868339813,112374.68414633254,112804.34554269674,112012.47596695664,113734.18950698475,94069.1015625,112519.73740478852,112130.823212838,111361.9910471928,111830.71053399556,114832.89892575881,112374.68414633254
2025-07-10,115349.189,119799.01,124068.17614051542,122397.5049984868,126998.80416269187,127672.21848,135956.1662483511,134502.30027453252,143109.45261877353,133029.52,151274.90995149434,96950.305,110622.56312915671,141291.4967434062,108255.78125,114975.8203125,126060.26816232722,108255.78125,117969.9142798003,120498.75515939918,118021.04662689335,122397.5049984868,118368.94831946053,121645.59931859274,117605.94209945176,117955.17201637721,120874.90545096666,117285.9402393327,117618.1848688951,122879.9308886576,118774.01781215599,122397.5049984868,118401.27723470722,122860.63469363874,117605.94209945176,118092.21797926271,122120.96622337215,117285.9402393327,114785.49371785994,119941.2253658375,115600.09440565588,114975.8203125,115897.42531023955,120746.80906345123,116076.75946147557,116900.33938862456,121406.38337932808,116681.34985040413,115773.0490820505,122298.00101565049,115884.6829344654,108255.78125,116539.89589080341,122484.50001786249,116612.52482273808,117081.23604624956,122120.9350984879,116361.34799028508,118987.9375722412,123777.6657970337,119506.8707711343,108255.78125,118903.75899582941,125131.56046507615,118181.89719446539,117990.50763728427,123106.45828773722,117952.22159922731,119286.84976015,123814.46891265076,120877.8200645063,119799.0078125,118789.3620652637,123690.34048258809,119030.94568575482,118221.74906156723,122800.95152922024,117285.9402393327,116928.39304662985,118171.52746004068,116433.2884752001,114975.8203125,116479.78924420632,118798.3005982373,116413.72956563576,117410.26037970802,121507.6898373558,116612.52482273808,117874.41793188383,118634.14098783993,118917.28854232508,108255.78125,116700.06456810638,118430.48118763462,116756.57701088299,117477.23602266004,121270.2290419325,116612.52482273808,120143.63813864847,118847.06919490725,119706.23594883471,108255.78125,118895.53589832762,118427.81631534654,119040.5400416692,117530.99432185927,120894.70818202317,118272.22345934637
2025-07-11,105642.328,130721.375,131465.89048456898,120729.69523154339,124733.08775475308,133559.06220000001,129802.30124886864,131836.78866299876,135252.66176021093,128179.38,133613.9611709624,89621.46,106872.01802800634,134137.29324189702,96921.6484375,104243.8515625,122112.69856892063,96921.6484375,116254.2381521287,120580.68881564974,115313.11426021262,120729.69523154339,118001.5059965949,125998.2297558643,116808.32985541303,118325.98444714998,124787.19378739783,115674.61334141096,116986.88054650565,124450.99000299019,115655.58609592429,120729.69523154339,117701.70267809201,127364.98087414495,116197.40761881985,118018.16100244418,126069.28332795952,115574.938497819,110731.7330317199,119572.76162734855,112996.98371228199,104243.8515625,113156.38005611715,123850.76196232464,112708.57058066873,115462.58715286401,123909.22071915871,113836.50425079782,112104.31282469483,123290.16494869477,111952.00305752008,104243.8515625,114285.50664770769,126877.8721914644,113487.82791151211,115823.09671463293,124980.44688956912,113836.50425079782,116511.95728545861,125155.20688695309,115949.23360264918,96921.6484375,117665.8931766167,127836.71752652626,116352.39030573437,116865.14077479983,125759.34552039046,116360.40033223644,117483.19630281761,125016.45484220583,118481.09816361687,130721.375,118271.49165324893,127091.31036900551,116753.31982619048,117139.74998785186,125291.11848089154,114883.79032282163,113350.75057253307,116828.6066733737,113042.43189274939,104243.8515625,114858.92878914892,119631.6129437302,115313.59199816041,116345.81295808536,123834.24026575175,115708.26093679576,113112.07433996328,115998.67209468319,112445.48119936047,96921.6484375,114307.25432271461,118566.81841056157,114635.99370666621,116209.32550187927,123560.63225869244,115708.26093679576,113878.5590710503,113652.98235097934,113035.54865741359,96921.6484375,115110.50658355595,115844.77128592086,115306.70876282461,116517.52733759624,122692.01942854458,115708.26093679576
2025-07-12,97260.823,98597.65,105149.79740954908,93416.89525796313,96755.29093589782,99572.65176,96471.51840074878,99780.79489375258,111921.65387482932,107814.414,106360.59039473764,54673.8,87970.15107671605,111924.20196320342,76370.75,88139.828125,95661.33249157653,76370.75,89440.09062170405,91654.92654298071,89955.92027203774,93416.89525796313,90093.33867317993,94774.19185403321,89635.17358194887,90226.01755307095,93526.99469793435,89074.7412902822,90199.53909658498,94631.91882549725,90740.08857706038,93416.89525796313,90488.34987612965,95870.35224738446,89342.04231994711,90298.43551677026,94791.50951335338,89593.33123104059,87535.27042881472,92232.21385809126,87289.4716947163,88139.828125,88933.64274663078,94607.29871247403,88839.46449776014,89536.83684464352,94066.018109388,88823.4523791887,87468.94202651369,93968.00797855396,88108.20982825755,88139.828125,88752.74291470637,96380.66898789097,87718.5999144268,89348.5008548428,94695.19637476608,88851.06780727583,90109.14743738399,95075.55796935465,90148.98408271371,88139.828125,90442.50530700196,97420.3616967224,90093.75322653948,89846.11711982694,95091.10079591381,89395.48798037106,89891.57952258101,94555.30665765158,91649.71383606161,88139.828125,90908.39074644257,96132.09446003327,90066.13779845237,89881.33785728495,94966.07570559275,89395.48798037106,87160.73060183738,89500.99965820977,87134.75979798796,88139.828125,89142.67323833905,91849.63262876027,89521.71762535712,89648.63546292459,94256.13799709945,90202.62280439661,87032.70250894254,88577.27570918153,86973.39962901063,76370.75,88083.95177105194,90735.28934858246,88227.88956353077,89669.12763909702,94060.30615028918,89954.19760663707,87323.89809950019,87213.55665406518,87255.50639614201,76370.75,88425.91525315981,88837.86935655263,88113.1322982022,89689.6138294569,93631.15362468791,89097.7703396347
2025-07-13,99857.669,97904.2,99142.42103130353,94787.76534015499,96664.64146300868,97913.90232000001,91632.03220819752,84797.8636054961,104902.17956706233,99509.59,86464.40375893602,72566.45,79734.83901534347,104100.83776586554,80748.8515625,98220.9140625,92606.06011335787,80748.8515625,90940.62590910347,91408.03985196068,91284.45012619786,98220.9140625,91959.97717809597,93298.82891886632,92131.07270917404,91462.59159036071,92115.27180961939,91299.06973298357,91428.16906838861,92948.23633751439,91818.72577097452,98220.9140625,92079.89532037522,94162.20831283982,92131.07270917404,91679.50024085077,92849.37727764239,91299.06973298357,91046.86948879504,92352.71945385977,91256.82642593893,98220.9140625,91910.76883391863,93766.63732173396,92145.69231595976,91593.58983751306,92751.48924966098,92131.07270917404,90450.68174064443,92589.50580458037,90906.00035602975,98220.9140625,91322.87342535004,93823.06380244765,91313.68933976928,91346.08004732273,92739.01618683766,91299.06973298357,89924.0415230261,92621.78942948012,90074.45924626786,98220.9140625,90969.24352415508,93727.28305792919,91462.55300547619,91135.47626100696,92746.16101783674,91299.06973298357,90707.60822588288,93209.7925140695,90680.70944766862,98220.9140625,91483.9108003771,93976.0955926286,91432.39005904763,91132.89472888161,92642.63780787896,91299.06973298357,89504.69610335761,91122.59456655118,89568.06857901922,98220.9140625,90853.80934170958,92316.34655651508,91373.36331323851,91097.78305895897,92462.74500538435,91462.55300547619,89291.68154974555,89831.16569090026,89254.3123002429,98220.9140625,90541.16349765906,91395.75542055759,90166.34192300042,91069.39119641884,92274.93053423839,91299.06973298357,89075.43345886545,88808.64911501382,89029.7457137043,80748.8515625,90200.76421935021,90243.68197633367,89628.01905768548,90967.31024671158,92182.6058072529,91299.06973298357
2025-07-14,106162.334,124475.46,125611.97640640623,120861.89201608681,120900.6090373994,124978.27215999998,116390.03015897967,101025.83285092376,116422.71489096679,122744.54,102145.6592067255,133230.92,93699.60289828407,113988.12363362512,111209.3515625,114427.3515625,116140.82255062649,111209.3515625,117844.95558870115,118930.98536713267,118182.91469731365,120861.89201608681,117610.1413597616,119273.31367812946,117637.7099001035,117738.01553616353,118850.1112207837,117833.7280021946,117181.60910338844,118977.27751782707,117609.66549890698,114427.3515625,117183.54755687831,119660.33063504151,117637.7099001035,117462.32136172985,118838.0767414202,117637.7099001035,117124.0334753747,119137.54376781051,117077.06431586381,120861.89201608681,117195.07168565993,119664.49387691809,117441.6917980124,117390.68291412412,118904.27462699385,117637.7099001035,116668.74314181154,119193.7444958019,117430.73295925872,114427.3515625,116654.80681030067,119643.03053111344,116617.41953235968,116964.74436731808,118706.21192743328,116770.65762759779,116355.36002943416,119565.5923440388,116099.55395497302,114427.3515625,116584.00038401883,119988.58201375545,116660.19953921268,116924.73543795361,118894.489053498,116770.65762759779,117842.07059619721,120422.32598703154,118386.13934106886,114427.3515625,117686.73690046648,120406.35660268387,117320.06697408493,117113.16078011434,118870.317362196,117273.08241795492,117586.44564518025,119392.23284665651,117977.17543625837,114427.3515625,117875.72495401454,119475.637766033,118283.15923321428,117078.63091740938,118685.56721110998,117303.25881064092,116850.8867832993,117640.81552113291,117175.22489934882,114427.3515625,117381.88285157381,118406.06499610103,117374.84045356663,117024.54454467114,118558.88260509376,117499.27691273202,116249.30109338701,116211.02563428393,116575.414915685,111209.3515625,116710.86064688227,116768.87325425739,116496.37819937803,117032.28710848273,118435.47463852605,117499.27691273202
2025-07-15,104161.247,120019.62,120618.777422436,118515.1086202682,123264.09714217154,129210.02064000002,119316.65962821244,110534.5904759045,124482.70117284806,125890.09,122572.3308415411,126915.94,87658.27910971141,123682.76927584401,106240.703125,104891.2578125,117587.52958026249,106240.703125,116218.93159974384,117645.23266835611,115938.78852262878,118515.1086202682,113919.28325407687,116019.31660916247,114182.25064232576,114918.67548298613,116157.83639620233,114552.0588914541,114552.73934238448,116090.51783047584,114455.46704182783,104891.2578125,112970.07405282049,115305.03818560478,113124.38902207185,113992.98373807137,115394.96652971767,113394.02256633507,114977.13656305546,118798.07976933921,114956.14087740041,118515.1086202682,113631.25921745002,116758.85260379533,113873.3185273069,114248.05432793853,116493.95477454548,114142.95207157012,114389.79093981363,118681.32959196609,114405.28561065774,104891.2578125,113178.89895522698,117732.21030441613,112931.4357221722,114032.67737759807,116721.04210875419,113558.45657179542,114614.9505953524,119568.31176173849,114939.79998205695,104891.2578125,113506.85141069793,118557.05732119926,113003.07898727848,114228.87029063446,117147.18408393819,113558.45657179542,116277.27511091565,120346.68337602634,116716.87278420343,104891.2578125,115207.10479275556,118299.15385471801,115379.78281974816,114883.7142911519,117518.62305902556,114964.74856657695,115953.50571738568,118545.27175422871,115151.98333054686,104891.2578125,114910.03744294052,116589.07578641729,113814.89336609161,114934.26391088976,117399.50131352132,115064.9232714421,114798.28809801495,115945.6186304199,114924.081330664,104891.2578125,114267.15534864119,115311.20315069273,114696.17798894685,114779.00172795223,116999.87520249441,115064.9232714421,114423.25738101391,113823.14995312005,114857.66590876316,104891.2578125,113647.89838472746,113371.31117346158,113751.57314547549,114786.59566306564,116825.4717235651,115064.9232714421
2025-07-16,110076.16,116710.57,116063.06992900526,117888.04048625065,118447.4182134709,131983.3888,115597.19790372971,126834.10383890141,124455.85728393568,129947.02,147699.3445696331,114147.06,92210.14147980642,122006.62530592794,94318.3828125,102392.953125,118046.74533321075,94318.3828125,112420.64903115443,115720.88767732619,112096.34126244049,102392.953125,110040.26868107947,116286.94396685708,109376.0041653572,110820.78177855344,115397.29594524324,111456.27959339289,110449.96393008891,113942.0046863238,111066.68031816365,102392.953125,109428.36826706663,115523.39211603133,108704.7971027977,110011.1286100941,114476.03052356651,110713.32236346125,111134.01441735185,117443.06246812969,111066.68031816365,117888.04048625065,109941.91099934309,117370.30525901582,109509.3126460716,110416.24353123436,115799.85204546567,110713.32236346125,109925.83943310042,116790.47423549568,109201.35843710104,102392.953125,109418.10171293688,117480.15174926362,108075.84348474658,110053.93093964978,115736.76560498153,110713.32236346125,110120.9792187982,118357.81400654072,108760.78508061291,102392.953125,109575.97121560645,118493.72923244305,109413.16168285064,110073.34358882219,116238.58235974536,110328.81901524696,111333.56063133694,116977.54730932794,109781.59394727957,102392.953125,110046.42181979312,116091.04228867716,109018.51303256836,110570.29385231207,116130.27178219982,109585.86178531533,112412.60256226733,116109.5649169881,111727.19163077149,102392.953125,111242.52253235997,114412.4738177171,110676.57714701265,110941.43022112489,116046.52745537514,110257.06884787482,110357.60331473562,112252.47797211568,109651.87388118409,102392.953125,109504.54473891901,111666.82222854333,107943.0363934362,110729.20561055708,115565.76610112577,110641.57219608911,110118.44730767925,110882.29590813724,110991.80502153609,102392.953125,109109.81452435881,110407.80136380366,108534.58868761518,110664.94737428337,115340.35830151488,110257.06884787482
2025-07-17,114246.588,116743.59,117667.66013342081,119155.15869914199,118517.44002393875,130868.25064,113808.84854398531,130099.75925052776,124264.6702835606,132003.36,146640.14172890678,87590.73,98799.4376487622,122754.42646399561,101550.5859375,109421.5234375,117992.37216524934,101550.5859375,114478.55537051111,116620.18161500068,114138.63348400674,109421.5234375,112405.65484322728,114694.42909093632,112531.24492393821,113228.36692056872,116176.63527462646,113866.97385531628,113727.44945736937,115950.92077358955,113449.37072893821,109421.5234375,112590.22396972429,114792.73346299163,112585.29772084298,113064.569070587,116001.62270851908,113492.16730769724,114314.9366568806,118489.5260680393,113912.87716996878,109421.5234375,112926.35758662783,117046.20403890975,113458.25780599937,113323.61271043797,116953.36456249535,113955.6737487278,112148.41776135548,116705.98194043129,112385.30142625063,109421.5234375,112088.74401977964,115891.21292763102,112173.9921377297,112883.82127893592,116593.32461458298,112802.9045526287,113170.00653260667,119544.46603477022,112916.93117641052,109421.5234375,112912.59221177603,118879.60044678161,113074.13089224386,113168.77243725897,117417.94874033962,112802.9045526287,113546.3463748942,118361.92157922324,113651.66395705627,109421.5234375,113008.26107909609,117515.62968392797,112460.53965498196,113252.02091956821,117637.86570587668,113449.37072893821,114278.0615157788,117121.71610714609,113220.42464739493,109421.5234375,113477.09395860671,115589.22660608226,112573.9584710854,113713.4774947435,117322.56019270528,113449.37072893821,111983.84069012842,113629.29238418392,112207.06925914076,109421.5234375,112800.28739314,113973.56460206985,111737.74560543004,113598.13619232012,116987.48537871755,113449.37072893821,112304.04350145234,113232.96134076841,110802.17744228648,109421.5234375,112692.29350233938,113571.71205838543,113316.25819354397,113495.77862280176,116873.70117051626,113449.37072893821
2025-07-18,106635.604,113540.15,115527.66223076425,117161.04581022346,119218.45287238277,133151.27296,114969.54076702856,125132.88316405422,121835.61270774515,134008.48,126719.74438588167,77537.25,99710.4533097792,121080.70886017005,95652.3359375,104241.265625,114632.4574295353,95652.3359375,111294.90128731985,114219.38732793888,111071.5120896535,104241.265625,109027.16214460557,112200.83443155361,109621.55467658058,110125.90722623622,113888.70724564491,110103.84172548683,110712.86941758089,113309.03395368851,110123.67447347469,104241.265625,109120.84713091078,112175.49454634161,109212.55802479485,110015.49188551039,113512.27881674792,109342.40233740224,111728.31299587095,115780.03404039981,111763.12638099596,104241.265625,109876.05962864502,113910.63804138606,109418.78900087692,110378.29173692525,114255.49882485974,110719.06935335461,108548.2352982279,113566.12583855513,109175.83685729589,104241.265625,108380.49640859247,112606.94283969127,108617.16314491493,109943.62770577596,114041.0878775125,109156.004109308,109415.82197223886,116334.24121248958,107731.79338121382,104241.265625,108806.18134984639,114815.45935109796,109584.8335090816,110205.11427728132,114734.53083896823,110532.6711252604,110393.63019200816,116566.56802398755,109131.68009539216,104241.265625,109687.38039390049,115160.20836133124,108341.68593454716,110347.3258600975,114981.58676837495,110123.67447347469,112214.71052054534,115968.76992453965,110791.04560305149,104241.265625,111087.28515402331,113488.16006082833,109823.37523888482,110761.05026912066,114862.89150055953,110123.67447347469,109161.83696533093,111267.82882810233,107520.68571126462,104241.265625,109325.33739066799,111039.11775312405,108833.12509412176,110638.52464127596,114417.54768106743,110123.67447347469,109148.11153280357,110821.39435048557,108287.97686172446,104241.265625,109126.02816971981,110154.10814010513,108982.93793867677,110559.37550376469,114258.09180849354,110123.67447347469
2025-07-19,72052.098,94412.234,88211.35550811031,93719.5704837952,93278.91012283537,97464.88975999999,90406.39357622678,86377.73724145084,83170.91372205832,96380.08,70779.43325009625,37745.992,56620.67032666988,83973.04129965982,73483.3203125,88654.9140625,82311.9636235602,73483.3203125,87093.27537623918,89525.81659674898,87120.27433956445,88654.9140625,87481.98826929607,90067.35980109582,87767.93404513865,87902.63079796596,90855.9095809626,88145.66537777873,86530.31464566276,87693.7168362461,86817.34014658826,88654.9140625,87303.27437119815,89053.74846308526,88208.49095611638,87681.17429321932,89605.16342769818,88647.98236643287,86686.97043787153,89255.95850151333,87602.62257016399,88654.9140625,87203.6403067474,90046.17967313658,88208.49095611638,87583.0659117519,89951.75964523831,88345.04817345669,84710.7175372013,87224.4363202103,84994.69512347199,88654.9140625,86019.39542060118,88309.4548594784,86983.71712222414,87136.55118521588,89392.84765910055,87664.38264784041,83431.29210862945,87482.54784638545,82603.44474329126,88654.9140625,84744.9646678199,88364.2238058383,84984.82874618904,86671.7170653774,89353.21457638519,86941.92580260232,82812.5607543715,85898.29685007579,83147.48192946072,88654.9140625,83184.1031117717,85900.62612229897,84069.55757386546,85949.57140790485,88493.28695127738,86397.81749432636,85492.31248560113,88712.99685335995,84623.8701488658,88654.9140625,85648.51907036417,87922.74406753397,84926.80434184198,86234.11890374092,88699.76821753506,86397.81749432636,84295.10165596509,86039.43549535784,83566.69617285492,88654.9140625,85108.27051723065,86646.54232465227,85487.37565384469,86109.8061606824,88506.3224198132,86397.81749432636,83399.79946264374,84595.6556575065,82338.37430897972,88654.9140625,84303.65814473468,85172.98815457129,84268.29732646832,85983.11678474434,88253.40271914576,86397.81749432636
2025-07-20,83651.907,88642.15,93684.44532700535,94650.28443070258,92276.81554401305,96835.80804000002,92070.42505534162,62253.913260337984,66485.85646583966,92433.914,47639.57813975451,51416.33,45821.45444841325,71015.95194777404,76578.5390625,72104.078125,76260.63603144545,76578.5390625,78808.84073860967,80338.59907408906,79546.88547558308,72104.078125,74670.19616118041,76664.57444628581,75156.64588848675,77422.41832649929,78997.44796216348,77943.04491415451,80856.81842526067,81571.32275421984,81522.33295455726,72104.078125,77150.17754956613,78255.10866647768,77784.5075650613,79034.28049540045,80090.21606204758,79814.41984030501,80052.28273011434,82319.55688420685,81046.65348418796,72104.078125,77275.44573104527,79689.3716981915,78858.13643676142,78774.9821954119,80472.36931498427,79814.41984030501,78295.35014044122,80691.16028460191,78844.93094451819,72104.078125,76728.8774587327,78569.05910691497,78028.6175408277,78534.19215206592,80255.22461841753,79814.41984030501,77898.72567197567,81207.46051596849,77573.6982781752,72104.078125,76295.50065421272,78962.0448632664,76900.52387285804,78635.76000199451,80538.95130649242,79759.95504403547,78840.05231904845,81403.03262700143,79107.60826952472,72104.078125,77712.7294993056,80058.3900319199,78291.29486583424,78726.66052062645,80724.51524210519,78899.39574078773,82572.39951168798,85223.5502007895,81441.59551963981,72104.078125,81498.82416485612,84561.67238428321,80788.5333834656,79194.41368926447,80893.5261346745,80077.09716531154,81056.13240578103,82592.02508615264,80970.9304018903,72104.078125,80504.83363839776,82415.5024682571,81678.69887104117,79134.68176607795,80690.57604607656,80077.09716531154,80809.48921287082,81627.84916400252,80866.64730468464,72104.078125,80333.43510955486,81307.3910503739,79509.1006427682,79105.64315501775,80599.9545834836,80077.09716531154
2025-07-21,105383.873,102498.59,103820.03498139074,112778.96630799427,100473.94201413679,122760.35164000001,117639.71779093123,93919.79889785839,117550.14469446424,126824.52,111961.44159180582,135662.77,88849.98506539444,115437.39690291179,108206.9609375,99119.9453125,110500.30459662587,108206.9609375,109189.04659975879,110794.22708042541,109057.57171461535,99119.9453125,107953.20588171441,110020.8681632476,107662.82686546768,108306.76917639017,110351.3452595186,107257.11720987063,110713.49723155108,111128.54017340562,110616.0203790201,99119.9453125,109261.46602665591,109925.05435978339,108561.36152932624,109361.86844977833,110295.93521409322,108809.4666219708,110602.09445406278,112106.6228143939,110616.0203790201,99119.9453125,109556.82528149315,110846.10266614522,108997.25151046587,109390.98053942352,110760.09541243753,108809.4666219708,110665.72596674404,112537.37223871148,110616.0203790201,99119.9453125,109643.76793651392,111118.76320864665,108991.15225816128,109507.8332049698,110906.74040843034,109242.18165173271,111234.66561044188,113668.35320087406,110060.05937218537,99119.9453125,110330.21134528221,112324.801292391,109442.16502270226,109646.03312307969,111308.42577603042,109242.18165173271,111701.80855964254,114782.28136218511,111708.64940932822,99119.9453125,110859.04074686294,113402.06188223082,110331.88638111393,109839.82233019824,111612.2940580919,108815.5658742754,111826.72754508117,113852.94944581516,111350.9464132076,99119.9453125,111818.27397514955,113512.78014690588,110457.17295922311,110181.8414137651,111768.15181964118,108815.5658742754,111390.375225655,113009.2052276759,111355.21179875365,99119.9453125,111385.98338627664,112828.69301977588,111150.19156410407,110379.68653082116,111823.48608171073,108815.5658742754,111733.1255805022,112039.1660042457,112412.5207478045,99119.9453125,111295.03516480565,111568.75143774881,111401.09587281256,110379.59903355478,111716.8019832877,108815.5658742754
2025-07-22,106768.983,111500.01,109237.29584925302,113250.05495736099,115941.2169440726,122977.50436,109549.9785234084,110412.80505169353,110786.07469718419,129229.05,128417.4159119933,125309.94,77158.8343940394,107483.37895330618,103817.4375,107542.78125,112174.25137198744,103817.4375,110377.08533495889,111643.68375396475,110402.15155735929,107542.78125,109211.57016558484,111574.2072183303,109003.60076852811,109744.72409290966,111390.60713730512,109344.70896576106,110749.97405224686,111371.14218802858,110959.74105069262,107542.78125,109491.02831748904,110843.34760913445,109370.10649480869,109984.94397265915,111008.86754807024,109570.4585925618,110505.723772008,111404.03193859052,110224.75423593071,107542.78125,109502.1728499881,110961.90046639282,109003.60076852811,109909.0291169284,111025.9913611068,109570.4585925618,110789.97403927642,112842.19530480061,110305.44540732373,107542.78125,109735.07549638653,111960.28945156756,109547.50381623727,109934.11904180661,111454.3030968773,109724.90113766583,110528.75316424321,113154.15318571897,110667.66234722521,107542.78125,109721.37256700607,112631.67813211602,109443.85786851968,109916.53584586679,111675.32396269057,109724.90113766583,110287.31419607381,113596.95420227633,110118.46388127946,107542.78125,109593.50693555147,113223.07534542587,108920.93423493435,109832.38132234817,111774.57336688595,109724.90113766583,110802.19262107313,113475.47180764732,110002.0366090301,107542.78125,109815.42471790587,112232.73173974085,109804.24255523378,110022.70485634095,111777.09586851644,109275.7288777915,110475.49910868601,112070.48553881439,110821.56220764478,107542.78125,109609.20038508665,110918.06961322192,109816.3195338785,110013.09671483995,111629.24615056274,109275.7288777915,110589.73549328584,111078.92788119127,110716.62669142426,107542.78125,110082.5092737223,110184.44116546956,110015.7287043563,109972.46737185991,111413.23953781027,109275.7288777915
2025-07-23,104560.669,106842.15,109818.95502842942,115475.84814166218,108570.22693580679,120639.53964,115248.77100766491,114673.17441084092,107665.38074981295,124932.46,122694.86062226226,91727.0,75207.87337783212,107225.72700531223,94619.0234375,103767.4453125,107940.56233630824,94619.0234375,105294.14277763733,106817.72918479174,105913.93477221309,103767.4453125,103912.02879615634,106010.93433769478,103394.30754062605,104371.95117925492,106846.25050610601,104883.40290444446,105324.31854565092,106183.44391535179,105042.65649840358,103767.4453125,103953.07546988332,105114.47958582935,103576.48549373017,104378.16178552693,106020.53356257228,104963.02970142402,104978.28112681679,106177.02889362688,105478.29563530834,103767.4453125,103903.49506006524,105161.89238817527,104012.12463063495,104337.63435119827,106056.39616460315,104963.02970142402,104895.56572359287,107570.19189074975,105251.196830754,103767.4453125,103931.86776170148,106138.39788360042,104054.4016886155,104349.0581717947,106470.66657375454,104447.7637675397,104034.65738382476,107350.67705065475,104287.12400660895,103767.4453125,103510.29963012633,106354.29135551563,103771.85807272464,104214.88423293114,106553.18779875274,103909.57347451035,104050.3160303525,108322.19945085961,104381.50477736312,103767.4453125,103382.67072790343,107102.93314015651,103284.18527205024,104115.92475671251,106735.75972688006,103909.57347451035,103932.7489646263,106916.39101293203,103733.18518141075,103767.4453125,103016.19534907144,105517.48210164589,103290.86593999894,104082.33918768328,106458.50319310959,103909.57347451035,105408.67095198807,107328.99140780128,104809.3460847845,103767.4453125,104282.48696217586,105573.9554258943,104005.91302157022,104178.3239534188,106418.3985704137,104197.74060384033,105133.16125887459,105965.08962607563,105728.23247063803,103767.4453125,104293.16711840828,104772.33255581895,103773.4707527833,104174.83308675981,106265.63406585567,104443.63067518975
2025-07-24,114888.259,111954.375,114133.00737637629,116517.2437440145,112781.02149381382,129627.05436000001,114346.61108733353,115980.8496036652,114496.63652649488,126807.08,119334.48790494206,77764.13,86516.30631453187,115002.36582997885,96955.0234375,101890.0234375,110273.74780357676,96955.0234375,106286.12956885307,108944.06077198937,106209.30563573854,101890.0234375,106322.48715840469,109530.82796121627,106419.2721888569,105838.39918171772,109851.33422111094,105819.49310979818,108043.347770413,109542.01950147684,107408.11586723264,101890.0234375,106950.0507650186,108724.67817154218,106687.08394998184,106651.7422982878,109335.50715248895,106670.3041061077,107777.79012419119,109464.00381255944,107190.43154104783,101890.0234375,106869.94653002168,108650.17663765146,106800.61901510746,106623.17180024547,109256.21981666575,106670.3041061077,107498.75692560711,111118.59908994258,107991.11510241723,101890.0234375,106659.81314445434,109545.30816334678,106880.80648916712,106771.38990139247,109815.62606220158,106670.3041061077,106317.44064992738,110439.25545913121,106955.43154104782,101890.0234375,106186.51894119012,109938.1581472545,106217.61977992288,106597.04192377003,109866.97874367067,106452.61977992288,107304.44173331995,113012.26801900908,107338.46698604689,101890.0234375,106748.80487419222,111606.2197750324,106469.399623797,106673.04007687252,110330.07929914106,106452.61977992288,107979.55528987451,111524.55145620683,108101.34077741895,101890.0234375,106793.94263143385,109884.62765456547,107024.78461741898,106832.44229810608,110130.25232363229,107035.61901510746,108764.85002723282,111244.7540476415,107948.31097931875,101890.0234375,107336.51324512553,109525.18519445593,106278.58397885048,106986.46257223375,109836.7863965619,106435.3041061077,107142.73421145379,108536.50174066491,106410.32691446008,101890.0234375,106431.50617248181,107662.68849272685,105608.13487321313,106923.49487615975,109601.50389960807,106339.08471479725
2025-07-25,106863.132,106146.66,106027.29172536015,115195.19594856305,103925.89802512582,122699.28155999999,107589.51415210978,116095.08874319351,121022.6754117302,128379.3,103780.22007299859,99062.8,86086.51529068856,120537.86288903453,97502.65625,103158.2578125,109147.28052542027,97502.65625,105956.47711623121,109864.04669337912,105449.6896882992,103158.2578125,104946.8097857671,109125.65242261559,104508.19006418929,105365.86860229139,110105.56378608785,105077.45062956275,107231.60743147487,108838.99659184273,107080.24171596633,103158.2578125,105655.53131170262,107362.06629617118,105637.23848474002,105875.82068716708,108557.4429412661,106039.24654246098,107106.70573159806,108420.16300722334,107000.40332795349,103158.2578125,105775.2044131879,107060.16610574041,106073.80535251161,105943.28257438671,108170.59991112759,105761.7475204054,106726.4079359395,109516.1819719638,106692.27246076254,103158.2578125,105493.5470166875,107770.28124936449,105765.67448532065,105907.76582014537,108397.96267114193,105761.7475204054,106593.57819794274,109477.09050067182,107000.40332795349,103158.2578125,105994.39992681204,108912.25224595725,106294.52210006288,106029.53535138699,108714.31357896494,106206.4990501135,106999.25556479918,111293.55821906027,106374.49853576002,103158.2578125,106272.46818473435,110295.94386876718,105305.59587281811,106122.3175384412,109012.31577075546,105769.93218234193,107009.11341876452,110515.47663243022,106791.12294049124,103158.2578125,105967.81942409145,108921.60404514917,106002.90268763411,106117.6267173943,108825.58899338337,106206.4990501135,106885.80366284755,109758.64014735128,106744.35462472087,103158.2578125,106074.64664088526,108692.46720030942,105475.80780509659,106209.66096811158,108640.17945950675,106343.11971263065,105715.4820566022,107375.55399931545,105426.93050397378,103158.2578125,105241.95695236202,106642.613167447,105051.86575219408,106098.22128926546,108376.28333853817,105769.93218234193
2025-07-26,86392.732,92102.1,93383.87163002213,87458.39470955684,94932.52170038148,99830.28139999999,88618.12953981815,87683.91228132599,95188.5524944792,101624.81,76545.17739509104,49335.14,63916.272489164476,97420.705823811,72249.5234375,88401.546875,85912.72963091002,72249.5234375,87095.48798248009,90767.77309236609,87105.07688686361,88401.546875,85178.85344227527,89282.55466189854,84871.11086519534,86608.53029534365,91709.27241830394,85996.27269990223,86331.9116837008,89244.01319950412,85795.9103564769,88401.546875,84902.16266066598,87895.50382014157,85194.30160898007,86169.20838351974,89891.37646810415,86495.33599564567,85818.39180415595,87085.50516648496,85247.80109304932,88401.546875,84707.24739064604,86084.71776930039,85415.33631876677,85899.52939791585,88405.39362830346,85358.08927076843,86138.30657771809,88710.42805445811,85947.2267322181,88401.546875,85078.17502937985,87422.90385190409,85108.3644249583,86004.52012514012,88843.1976800548,85358.08927076843,85331.04142571936,87944.62898140363,85026.76638326261,88401.546875,84510.43574247905,87122.08124199079,84187.90407600281,85882.90584437459,88693.48453110362,86127.23324398272,84636.83361383667,88839.83347505593,85792.12073459325,88401.546875,84171.45356781175,88057.91406986187,84777.0415374525,85777.88756490675,88893.38595336035,85947.2267322181,84064.9231147896,87247.00193363859,84385.23185813987,88401.546875,83560.0691006191,86703.82124135029,84385.23185813987,85458.65760569206,88457.34983376956,84957.0480492171,85291.6161306059,88371.9920934957,85297.76523745788,88401.546875,84342.98534714984,87214.77529184628,85268.9523274181,85630.00949267404,88549.49695349847,86229.3922998593,84130.55305621432,86134.2637563454,83854.17037138644,88401.546875,83593.86673736977,85557.92414192781,82851.79974580937,85606.13141570592,88366.42252565271,86229.3922998593
2025-07-27,79110.459,85552.89,86976.50394295515,88619.98809835206,87102.81490924189,104131.35904,87473.673569267,86816.11773770893,94350.87134678458,101694.805,91897.45423531132,96850.59,73199.55393009371,96329.68486184374,77154.4296875,88729.015625,89791.98373643724,77154.4296875,89697.62306748386,95538.70081856998,88818.29680422891,88729.015625,87893.15445470842,95507.18207457659,86532.141143762,89345.55817941093,95873.54250589323,87890.42596411919,89124.88302319487,91832.89772670591,88334.82305425814,88729.015625,87278.34666409313,91183.01941806884,86987.31451166356,88440.04402087425,92395.88815392209,87712.74381187613,89014.33993817892,90140.38849305327,88249.3898045303,88729.015625,87415.94726344415,89408.93709114457,86719.60709634048,88312.64570750209,90964.53226915159,87161.57305294757,88910.2251610762,91515.4659508797,88717.10762621865,88729.015625,87422.42121371209,90515.02560122802,86716.39562184484,88311.76947653596,91267.21903367134,87161.57305294757,88755.10962488697,91542.15190203968,88517.09721985339,88729.015625,87685.4286718475,91171.17503500523,87070.76744890377,88284.0679422185,91307.13230004536,87712.74381187613,88909.4954513066,92602.01002471689,87421.92780146709,88729.015625,87954.42397225421,92227.67628341715,87070.76744890377,88222.87416426526,91413.13287936221,87900.20976445462,88256.12715230975,92180.62355071522,87268.70344136044,88729.015625,87564.23276092252,91693.41003658801,87336.49455173925,88321.15579242248,91385.29969235923,87349.03900552604,88877.67019079167,91797.53925624372,86947.84813787231,88729.015625,88681.55099460843,91539.25868062556,87644.20969299582,88246.8326456855,90988.6296998611,87821.94861419762,88277.1336305275,90425.54333066242,87710.88396688383,88729.015625,87895.97993368778,90391.04886095363,87710.88396688383,88222.3997805941,90807.93553094844,88173.10896676092
2025-07-28,93914.199,102072.06,103850.36842020678,111726.0962019971,102862.20176449217,125704.38160000001,101844.41088021718,111681.07072164901,115297.11457010037,131032.43,137630.9812215318,118147.55,105483.59890553521,115831.69910109944,105025.0859375,95567.9921875,112250.46937162193,105025.0859375,105621.31726145826,111985.77993289675,104273.4404207002,95567.9921875,106904.40271359627,115091.50236188149,105221.9779730431,107129.15180425937,113976.60414783393,105473.42180239526,107768.23843952421,110398.45865977056,107109.01898177133,95567.9921875,107215.0362163763,110964.78030508904,106507.99690238146,107025.23065132194,110969.35699394003,105842.36426438134,109084.89242491037,110256.2451048518,107999.00199427639,95567.9921875,107788.70346734204,110025.35136674615,106902.3957706056,107408.07268066147,110074.83925301686,106292.70206200038,108321.38940315279,111013.71407463338,106958.33470000052,95567.9921875,107608.8218034374,110843.68717864237,106236.76313260547,107351.5728318142,110346.07310147611,106292.70206200038,108590.3132378337,111574.86204354926,108449.33979189544,95567.9921875,107907.7826782583,111202.94208485389,106236.76313260547,107354.81223761274,110406.65036734518,106292.70206200038,109350.16538508306,112867.84240228112,108949.17659522848,95567.9921875,109288.95765618261,113286.5829197451,107953.75564761451,107701.28615464743,110944.51398710962,106292.70206200038,110227.67435631763,114077.52394408564,109435.38264655718,95567.9921875,110392.04846819912,114411.37097591748,108985.04484893812,107983.39667312554,111336.07163570874,106958.33470000052,109689.62761088129,110801.57744429293,107377.34829966832,95567.9921875,109258.89815801533,110507.551433438,106937.85105537226,108179.41634915011,110604.92746253122,106958.33470000052,108705.50525190939,109669.48717770891,107377.34829966832,95567.9921875,108472.59219650178,109424.79272319915,106927.01050204926,108120.90515626181,110446.00905395129,106583.3000437248
2025-07-29,98086.164,103395.0,104536.2425154893,113679.52844021747,103477.88977448572,130963.73312,108025.31674788523,121911.46607017738,114396.70350015734,130395.42,146657.0707957005,99194.9,101951.6773977941,111812.20283274066,102505.8046875,97263.140625,112677.73978797652,102505.8046875,107016.45986099303,115108.452800592,105581.90620637682,97263.140625,106408.50481326634,115369.96538385123,104628.46784549177,106707.80417449443,114967.8068434871,104089.21234276117,107867.3734026227,110738.85778365958,107373.81067254115,97263.140625,106803.96180124024,109933.90748259722,105735.32707416902,106366.54127954895,110281.33792630897,106170.72164201322,109389.16739827654,110641.59667326396,107969.7995274454,97263.140625,107700.42323604513,109609.58642237088,106773.88391618534,107052.99057533847,109642.1433385107,105984.97774381188,108921.6825090912,110595.09978826609,107720.14885780255,97263.140625,107514.85898158408,109587.40393984647,106420.37231165607,107024.4311717104,109592.28042975148,105984.97774381188,108572.06785149619,112016.32757997292,108501.88161090814,97263.140625,107391.9225799539,110780.82207676479,106766.71049691748,106918.41543605442,109970.52530525372,105984.97774381188,109250.14266842576,113280.99998244386,109124.39052610712,97263.140625,108225.2833365014,112594.0532069406,107712.97543853468,107118.27850868838,110488.32728392267,106711.34759389727,110241.84684458186,114344.94074811219,109457.7084422769,97263.140625,109189.14431603084,113395.1368386333,108199.25650872875,107285.49216448197,110763.79778347092,107527.23154033333,110262.40380771954,111898.41853501245,108396.33946909179,97263.140625,109451.22727423848,111020.52686780573,108369.95245529627,107417.58018162716,110394.31207236425,107527.23154033333,109972.96190260307,110950.81944865645,108590.4437290051,97263.140625,109245.89404396694,110080.70397553593,107054.38325791966,107442.95335557403,110277.32721005412,107527.23154033333
2025-07-30,97540.854,115220.97,112889.47000433173,114590.41700241934,114016.89874569452,135520.33832,114285.85076879931,127095.55146238512,123228.8191289015,132639.08,147539.57072634652,79641.89,109904.84533885747,122671.71174595598,97145.21875,96819.1953125,116213.98832041277,97145.21875,104685.99459844199,113922.44512697327,104608.99118008031,96819.1953125,104622.87655429695,110972.1254772002,103202.78738764554,104937.63110878368,113937.70364845538,103828.29806055439,105749.47065220753,108488.475173655,105567.55683513879,96819.1953125,104335.72520895634,106762.6228399234,103165.29937349186,103710.79726207271,108213.87274203968,103084.30189739243,106997.68908717929,108313.35126914765,106429.33041263494,96819.1953125,105357.7779909973,107016.9012710537,104942.73839477339,104316.02520391787,107176.04020062354,103180.8242990871,106718.5013982699,108373.65220339544,106921.68037094778,96819.1953125,105110.0514906093,106764.95980018924,104011.54802539278,104213.71845829429,106995.68700916569,103180.8242990871,106527.49829932695,110325.21087120859,106609.27115076508,96819.1953125,105212.84987086715,108351.63486243854,104776.79920119428,104251.51046163603,107490.0028672548,103180.8242990871,106374.20523447022,111138.87296646857,106462.9186086654,96819.1953125,105774.02174076422,109864.5316200211,104907.4096024674,104294.83362223342,107837.22356142636,103592.17678130053,107951.64384859556,113722.03843245858,108582.79312382397,96819.1953125,106692.94886715862,112254.59129986333,106141.6449475349,104459.45073684354,108402.65829820951,103592.17678130053,108880.90792753187,112432.2044823578,108066.57576703337,96819.1953125,107674.7969305201,112060.06194515085,107916.15969316666,104659.86276365229,108517.91967554862,103607.70170689575,109961.72108241258,112164.42485159202,108838.26691168091,96819.1953125,108810.56359322552,111537.94135924717,107430.24970369987,104826.53847634814,108458.20714137088,104685.36210287997
2025-07-31,96881.66,110248.33,114002.95444209003,118522.36239733922,111054.71108947697,133214.45560000002,110368.04479263746,127348.588663217,121118.3824367069,133164.3,142059.5144005345,80656.43,112433.90958377386,120916.53357783836,96411.3828125,96150.96875,115178.05754890763,96411.3828125,107264.73710107722,117555.84523085553,107001.19444588707,96150.96875,104463.81160129837,113362.5832324742,103418.12347662328,104711.60351279863,115559.83051113223,104193.50161156489,102232.16430898316,104502.6664720724,102633.99129325946,96150.96875,102236.46534144714,104535.37864916844,102341.64188927997,102016.25968032457,106076.84334436004,102138.83265629192,104967.61744466153,106045.86233558721,104208.51067515236,96150.96875,103846.92838481786,105053.88807653668,104066.63234209806,103020.3778257664,105451.86979436305,103001.32788270095,104920.45471237558,105962.4995426354,104559.74124930077,96150.96875,103812.63376545647,104546.41221745042,104131.37117380378,103023.0169857976,105011.89785895892,103216.53778533186,104919.51552723332,107637.48140440918,105286.2158041923,96150.96875,104405.21323068097,106278.9514540107,104281.84224472898,103282.80661045574,105460.65310222696,103216.53778533186,104478.43502890464,107991.2780102739,105431.80357990492,96150.96875,103254.41398933377,106149.63820000981,103031.39317132458,103054.22906012792,105628.20079093723,103216.53778533186,105417.10703751238,111057.71689896048,105936.7153475435,96150.96875,104064.0839665235,108905.51449831805,103903.45550192875,103182.12687188463,106287.78219581688,103352.55845684938,106814.16327288964,111158.31889450748,105577.59358513764,96150.96875,104918.83073859531,109748.72121261607,105136.17074907277,103483.6935464197,106723.97895053244,103364.95912649223,106828.71790788881,109651.39653162612,106766.40107986282,96150.96875,104910.68037664123,108214.25717637074,105148.45445216904,103492.96727247589,106399.94528359447,103364.95912649223
2025-08-01,87778.385,113515.414,116888.56932771769,115593.77589284087,114157.25748611147,135754.467,110750.14040932266,121891.52371153326,126279.15013525492,134460.06,127094.87908228258,68639.31,116231.51532887686,125506.2872563403,97590.9375,88749.9140625,114206.8804170187,97590.9375,99618.38780411839,109911.340780876,98586.21679485291,88749.9140625,97748.12189175191,105730.89912150388,97467.9209228341,98773.26139548633,107093.83105676324,97888.92203890553,98051.31693997598,101371.9159486123,97929.21954031201,88749.9140625,97648.18963638159,100407.89738637122,97990.87637054425,98289.30472786247,101004.32689408731,98473.53431684792,102152.03112846392,102952.19662635484,101969.56672696245,88749.9140625,100430.82211062877,100597.52802742165,99813.47028185827,99775.7470441529,100733.81538557036,99813.47028185827,102061.98891411902,102325.29759056316,101969.56672696245,88749.9140625,100329.31734114475,99764.93066690408,99751.81345162605,99729.1575605709,100158.4407194377,99813.47028185827,101882.37039741973,103426.18415595652,102349.46978210812,88749.9140625,100837.62601791689,101296.74219583636,101091.74941663642,100104.43964194873,100617.11886230095,99813.47028185827,100554.7402528646,102919.85590631717,101337.1759514673,88749.9140625,99072.0699194454,100247.44829380288,100038.35752506983,99721.186342211,100500.56827514453,99813.47028185827,101978.14095505836,106362.14811951524,102006.00829646908,88749.9140625,100177.22616956927,103031.8599380836,101539.69855398219,99977.96863397783,101174.04226628633,100234.47139792971,107735.18608868163,111969.08760001791,106806.19416564018,88749.9140625,104015.28372433587,107607.63993513207,103137.27421076778,100628.54149256722,102124.52862247995,100234.47139792971,105334.24396475835,108084.79349285716,106271.9855822842,88749.9140625,102334.52178098609,105146.15980541993,102421.9902029662,100583.02226151201,101872.73720945505,100234.47139792971
2025-08-02,74796.465,80149.61,84138.01401657498,89593.56466549933,86488.07224560608,98940.96867999999,78743.9428548938,88614.91453330615,100455.73325146787,102232.95,89531.69856992297,44680.453,84479.03500165284,100037.83513612548,77421.7734375,74156.203125,85310.98474283663,77421.7734375,77610.74802269888,82436.83626588274,77373.30195536994,74156.203125,76385.82858387686,79640.98517953463,76422.65329902947,76975.76694388781,79256.71711428362,76641.11709569106,77624.08729499772,78654.7153732604,77518.91106277256,74156.203125,76530.18023264974,77497.18167210509,76524.0104823238,77154.35038703863,78205.16769078554,76999.33481049404,78735.44685984775,79709.0039989716,79527.39081353295,74156.203125,76822.0777647132,77258.79599046771,77154.83815870833,77479.87776967406,77896.27158980796,77630.16248687857,79344.18805157355,79000.18250476624,79930.58349544281,74156.203125,77265.08912614477,77112.87795672055,77310.34150692262,77665.62312906652,77672.81713215573,77630.16248687857,78503.36450287871,79145.7685137355,77770.85517927611,74156.203125,76597.96967373256,76669.8416266148,76226.55534402141,77334.80833678014,77506.6935068115,77630.16248687857,78613.04162594018,79389.5540240595,77933.85964012463,74156.203125,76192.12215236833,76150.77922016104,75405.8036370857,77362.6210553538,77405.65262816698,77630.16248687857,79083.98635532933,80935.36321371484,78534.4774652199,74156.203125,76486.35836673353,77414.04416950676,76433.81750164847,77302.38476037579,77519.18731558861,77785.66583509283,80743.40540154313,82314.77229543938,81712.24560948325,74156.203125,77630.60165211641,78454.2113997473,77107.71134807495,77483.14541587606,77715.40995011333,77528.80530358422,79249.81828245387,80299.82696210411,77843.06251427054,74156.203125,76640.68508351316,77466.86458984257,75768.00894950863,77450.9173793839,77757.75916745808,77528.80530358422
2025-08-03,76805.892,85227.89,87900.5804666682,89180.35782470093,85534.25040180853,103015.88380000001,77548.97297441121,88378.80246461174,88664.66983736961,104295.13,108079.30145955372,89690.43,82286.21866705632,90131.33480778993,81736.1640625,77666.0390625,89289.06859693135,81736.1640625,78477.78122361175,79001.02319816234,78518.73082687205,77666.0390625,78102.4514939957,77634.90911220576,78036.94628801112,78041.85302737512,77699.01494823286,78031.37171238785,80269.426106203,81937.03620149879,80064.04825177169,77666.0390625,79126.03703602173,79915.898554039,79028.38824384935,79492.98284229074,80425.58832169484,79515.74735833355,81757.82162685962,82352.35705099575,81611.356510502,77666.0390625,80223.53750331991,80527.36465505323,80282.15286428593,80043.54189133726,80820.89703591492,79703.98825890075,82507.20446354718,81647.81826425508,82231.40469760503,77666.0390625,80130.84332279823,79926.08928153946,79410.44462060703,79895.3298770755,79849.71603948923,79703.98825890075,82651.81609278804,82760.88780082986,81866.11376564641,77666.0390625,80585.87118032695,80575.29438984397,80082.76281247218,80116.737560905,80219.74062972714,79703.98825890075,82757.58551466155,83080.83008709112,82104.13375276368,77666.0390625,80801.55665629488,80738.05175550844,80642.24103392879,80217.37325637232,80278.39518154917,80276.57828866265,83091.83991770938,84348.16329358926,82760.75177261306,77666.0390625,81127.28990041449,81314.11611962765,80723.37412607833,80443.11094619364,80490.6628424717,80276.57828866265,83609.45668820004,85139.00134203906,82887.86626960861,77666.0390625,80553.69971777883,81477.21452259492,79916.73366125344,80139.70235076462,80154.40232700919,79783.64459855518,82729.37644362682,84130.96352682884,82879.33365884445,77666.0390625,80460.4129912743,80608.93445227653,80265.67267964975,80109.51548318613,80192.09128857603,80271.00371303938
2025-08-04,93641.617,94590.69,108918.13300053118,113027.7439833177,104336.77989428442,131541.1882,105034.63267651532,118489.81930105749,112065.12623208415,140381.77,149849.67588483222,117221.305,116372.27055048023,111734.47714164236,105870.921875,92343.453125,114785.19864514966,105870.921875,96699.6207743207,98806.78740400576,96653.4928991703,92343.453125,95335.57946419134,96884.97356337102,95444.80913235933,95927.43268698036,97039.46193386964,96049.15101576483,97179.40179291731,99963.71330648466,96984.56112428149,92343.453125,95381.58058050019,96350.06241652208,95210.32442266963,96056.08168230188,97292.63014599998,95999.59489293302,99740.52253206297,100430.63297963292,99840.08377450594,92343.453125,97414.3260805195,97581.4180175824,97184.25449114731,97217.32026167889,98020.72169752131,96458.83148464655,101352.42954073174,100381.00626221776,100679.94471416244,92343.453125,97957.87792135627,97730.18562324726,98432.76155312423,97463.8277320472,97440.13003681951,97063.17336805204,101515.16878531073,101698.99158809273,100587.62260267905,92343.453125,98716.26992129794,98745.99350729189,98432.76155312423,97760.01808533822,97844.6013896711,97063.17336805204,101812.65746907833,102091.26657438844,100587.62260267905,92343.453125,98996.61039232556,98958.55805573534,98432.76155312423,97868.6947387849,97939.86722799714,97063.17336805204,102823.03078481079,104364.20713437395,101240.17682122125,92343.453125,99191.23105001982,99333.50877572142,99223.76118757587,98070.88730695685,98176.76711109214,98247.83296626635,104273.5253852894,106990.52617694114,103420.86693433806,92343.453125,99513.07725748012,100915.70259484308,98815.8098828824,98054.51341965598,98168.27486945927,98247.83296626635,102731.35403403068,104729.26684963414,103260.28055319267,92343.453125,99906.41855376786,100075.37337258706,100131.50481040767,98374.12958144507,98432.62836322504,99037.10343652972
2025-08-05,93968.956,100337.92,106834.06405085123,113343.08233693423,102565.5729763862,132316.51367999997,109519.89231721434,112693.71426625743,117034.79485192851,133096.62,133027.06096532996,88524.28,113878.12227245097,114193.00450164889,94047.6640625,95110.375,111101.51262710012,94047.6640625,98044.78679508826,101179.68352776518,97703.22911696939,95110.375,96770.89771026466,98838.02401502099,96432.10469985373,97434.30034086769,100325.57065366405,97017.06162567348,97273.45088945821,101595.77080573006,96993.93040779221,95110.375,96036.28872472624,98210.45911466867,96176.31153162869,96799.03187430432,99154.16234261583,96811.87374018651,98345.29600744648,98267.29183315043,97796.84871025424,95110.375,96762.49450547261,96882.20706009948,96548.85551101985,97129.99231526468,97882.67262690018,96939.77032429904,99124.60497454405,98105.52862011825,98304.51433469955,95110.375,97004.66580480541,96814.175907042,97107.12641820323,97287.28174167134,97586.49323202517,97447.43594874433,99439.92851072684,98258.28249402178,99087.58999396909,95110.375,97058.11283869366,96652.97419083265,96747.18103185318,97320.15408127467,97526.00923948151,97447.43594874433,99169.2606882702,99425.46242778606,98614.46758641777,95110.375,97247.81623228971,97339.94728573255,96747.18103185318,97389.81813624408,97792.82147375628,97447.43594874433,99243.67439168759,100928.6048804759,99643.76801645549,95110.375,96662.82088186702,97397.35929664195,96752.04909025252,97288.50417057384,97762.66620131023,97447.43594874433,99295.35026257145,102379.14627668122,98664.52927477521,95110.375,96426.43413531821,98392.89861901157,96713.45775044899,97340.10832036633,97858.81578446088,97447.43594874433,100296.83298309626,103720.58020883844,99756.30305708844,95110.375,98062.83868476274,99889.14145721504,98472.42413802721,97577.56117416114,98120.14242125713,97524.72725011877
2025-08-06,107659.17,106367.82,118415.05579998207,114153.08189827434,116350.08747582677,132303.82296,115009.6403740057,128642.22986939494,112603.04506514975,132654.12,151941.57149046444,97411.24,106124.40993020906,110934.73257614202,100518.921875,93044.46875,115764.95037096327,100518.921875,98839.27674594293,105063.67213528545,98652.01632123918,93044.46875,96374.44682686524,100398.31509956275,95848.24253561959,97387.4903218354,102233.2089708942,97250.12942842938,98423.07308402582,102350.65029031874,98102.32628199997,93044.46875,96129.03440847388,99334.98096875305,95492.31619633386,97175.69257722856,100885.51028147768,96894.20308914366,99623.21799540176,99420.36266172657,98634.59315292627,93044.46875,97094.27291491051,96922.57417053236,97070.54362078427,97226.76674624234,98191.44160278857,97056.36572847587,100863.22135559127,99905.18878050543,100860.01254983104,93044.46875,97865.72546014118,96904.38516964728,98060.91527256998,97687.553799721,98357.62641697186,97056.36572847587,100633.25445800278,99795.48218978287,99995.69154689173,93044.46875,97662.61043291031,96827.47807730059,98060.91527256998,97720.55224541377,98356.32063265202,97056.36572847587,101146.37814747711,101655.38866451642,101010.0510397945,93044.46875,98255.97205737322,98438.07202819525,98060.91527256998,97887.31677386777,98943.33076217982,98102.32628199997,99990.16581399937,101229.99034560152,99927.05879952923,93044.46875,97517.41722258722,97827.27937185683,97283.66374345153,98053.85270337884,99109.47840047548,98458.25262128568,100357.284790504,103005.1000292183,100370.6771232214,93044.46875,97859.79618291522,99273.29986256329,98259.85750292883,98100.8547825028,99201.13166498521,98458.25262128568,101920.49716996713,104396.88049694324,102243.09013192912,93044.46875,99982.53230124174,100942.43228579481,100017.67073502435,98159.78106200296,99593.90437684659,97884.57474092938
2025-08-07,102256.906,98085.07,103584.82460318168,114570.29923622291,108410.24123102914,126566.17332,110928.12637101015,122543.48109164328,114135.4009287204,128709.21,124897.58174084891,90139.39,100925.21478102525,113647.19447293913,99108.6015625,104806.1640625,110737.13168510803,99108.6015625,105051.87771584048,106260.70207755026,105158.31462126382,104806.1640625,104773.34190763757,105870.62946069738,104846.58309188191,104918.12229657429,106350.07393973909,104866.79260657288,104831.44566681908,106929.29740334187,104808.63358470057,104806.1640625,105009.95653876195,106347.68137985481,104846.58309188191,105092.53339182626,106793.9304737672,105138.10510657288,104469.82636455129,104518.04411962228,104089.0619968831,104806.1640625,104837.98979202451,104903.39320755893,104768.21455531864,104844.80390044121,105163.82281541741,104496.90205531866,103843.88834323644,103261.50086357785,104051.11248970176,104806.1640625,103977.67432742508,103960.15802547205,103478.43218924724,104584.79138049812,104686.87276676105,104788.42407000961,104451.01303271318,103400.24213028135,103352.69470696365,104806.1640625,103707.77075715379,103495.71658069539,103478.43218924724,104552.98305439646,104683.58534606006,104788.42407000961,103495.34417303556,103478.76680648033,103739.28498819673,104806.1640625,103189.13812928842,103276.19568222231,103158.38010591388,104409.52933977361,104603.40341412839,104255.2185085486,103234.2683657735,103787.13118397552,102448.43038247153,104806.1640625,102123.25342297491,102100.30166969163,102013.60044642858,104258.44524888817,104505.85841410082,104255.2185085486,102850.07924963147,104876.89315583605,102951.4157380343,104806.1640625,101781.23474368444,102754.98196956789,102033.80996111952,104039.07032656546,104519.26794757316,104255.2185085486,101725.1697965789,103624.36422845478,101671.48525741712,104806.1640625,101059.46292226517,101684.94264349184,100899.82037778619,103786.76483205875,104261.7785420733,103935.16642521524
2025-08-08,105066.671,104725.484,104967.44302884472,111529.37403087807,104222.91102703182,132070.36588,106107.05013844527,106049.9106630001,98863.76096325053,125068.33,86833.7216331568,69263.11,83633.52563705908,96947.54239154728,92065.7578125,90309.2265625,100843.83410954756,92065.7578125,93801.39933018172,97621.25586699127,93843.9951599837,90309.2265625,92814.32460603194,96245.75406589056,93145.98485206251,93683.85055601045,97490.6323729457,93319.3501073679,93995.93039269722,96153.50756521912,94129.3678082393,90309.2265625,93286.28870570102,95359.98502157768,93485.62450553718,93986.67648363438,96896.64339122018,94237.90181867743,93521.12093020958,95091.38008643879,93268.55648466089,90309.2265625,92804.30638475112,93547.03598444069,93322.82348987997,93547.8359959233,94873.28652604848,93377.09049509905,94291.69736465291,93720.88403845968,94133.85548305826,90309.2265625,92746.39862762808,92902.3533985833,93066.82818164339,93484.56402764411,94481.49041377663,94158.74514825831,94682.55582256522,93529.36891046353,94886.13279619851,90309.2265625,92966.07258146994,92676.26593450608,92983.18383640528,93469.30603619813,94314.29043413642,94158.74514825831,94171.86081737213,94114.40480130591,93716.64804917469,90309.2265625,92764.67081195232,92963.00773875092,93007.11590059425,93423.578373611,94359.68023838337,94158.74514825831,94151.27346797276,94931.25972373682,94315.58677381853,90309.2265625,92333.16604212252,92428.55220203474,92392.74993791117,93353.20911141382,94243.4546012771,94158.74514825831,94491.85760405919,96868.94260042305,94878.71240462357,90309.2265625,92842.10905175116,94560.73943422525,93115.90700490367,93251.41038908574,94341.14972097927,94147.22330759905,96480.0996481448,99112.68989785505,96382.44934903202,90309.2265625,94782.03422844956,96109.58616926428,94143.04941794717,93538.4327162982,94623.14403081212,94230.86765283713
2025-08-09,81568.2,84309.46,82011.15595130021,84836.37414304634,83311.17110374817,95783.98619999998,85596.14702414276,69388.46422981293,73953.71052063783,93325.7,39126.61187512937,60816.664,39347.47191694064,72761.97296456761,71513.6171875,86460.3359375,74836.18981195505,71513.6171875,82634.20036534138,83872.34298053817,82525.1202522796,86460.3359375,83321.41089290389,83661.31236621467,82227.60724567005,83068.49370187594,84030.49661351641,82736.98596590814,83905.97211290122,84309.50045836598,83607.18955486601,86460.3359375,84287.57199425207,84044.2994720189,84701.51764101088,83874.57054369374,84797.33992152571,83989.7691291061,83824.32939062854,84309.97246527162,84189.37605917623,86460.3359375,84228.42910022459,84673.89887405914,84360.08991978777,83858.62565356278,84664.68204208322,83648.34140788301,83061.20330618249,84101.94909701947,82756.38311340482,86460.3359375,83367.81392258825,83708.18198886162,83138.96268764492,83455.13792733349,84168.13597285142,83648.34140788301,82753.51789001423,81838.26417479083,82512.86146872112,86460.3359375,83062.54448914509,82962.92054342825,83036.5400685973,83289.93458343923,83935.2727628738,83607.18955486601,82561.7262116718,82562.959708738,82715.2312603878,86460.3359375,82976.71678091411,83185.47976560648,83036.5400685973,83296.17901549119,83983.50327457,83607.18955486601,82506.01569700358,82863.93849404852,82288.61189568795,86460.3359375,82523.94970822058,82582.91524193743,83036.5400685973,83202.32183230465,83855.1247465895,83607.18955486601,81319.55584296922,82912.36356517856,81065.66178205895,86460.3359375,81674.07274838915,83018.84732643835,81722.48613936873,83073.91136465696,83785.6035032652,82324.79155669254,79237.98505665577,80807.0254415177,79108.15058248954,86460.3359375,80415.46028315177,81349.55125407394,80374.30083265644,82914.34226475068,83648.66380732358,82495.50541730408
2025-08-10,87084.268,75785.875,78550.1628931402,84205.02221796018,77801.30633984011,91459.50687999997,77420.53135225186,70107.99475197529,68336.68498581895,93738.67,65744.68200171486,127397.17,29306.17029845438,70916.39302753337,83082.7421875,81931.5078125,78385.62823324595,83082.7421875,81029.29202233677,81189.04330655019,80916.76081790529,81931.5078125,80240.55135664386,79552.25021015138,80253.62167613138,80885.88564154899,80237.16629851535,80838.92003922662,80926.71545926758,80378.35961917482,80806.0907424714,81931.5078125,80456.44352947385,79581.01626851832,80436.6294886314,80814.31033028278,79628.44534328929,80807.11944885767,81656.81390522255,82598.69603458067,81236.06705789051,81931.5078125,81202.36684710774,82305.06946051744,80943.41787634291,81134.65554234621,81688.84476073066,81105.4630074606,83355.48127240091,83881.66863855175,81129.8713176829,81931.5078125,81835.46533419295,82754.28517949827,80783.43015799776,81081.35052931958,81455.2903300483,80890.65460459163,82961.59339994293,82494.4368430168,81400.1790395368,81931.5078125,81280.38635719361,81223.95962421896,80706.61808570536,81066.60899148122,80918.81826933938,80890.65460459163,83507.81924438945,83613.55355537852,83617.62386138673,81931.5078125,81807.55414348576,82247.45243499774,80401.32916244116,81033.37388995444,81141.27499547352,80890.65460459163,84242.23847669507,84390.9243799498,84047.27986439908,81931.5078125,82551.99911141252,83059.5618333054,80574.98532888916,81083.61176299176,81321.14918230745,80890.65460459163,83881.51430340574,84775.68585945753,83233.99353446663,81931.5078125,82744.02304613157,83619.94994904967,82627.54504274915,81124.7857365061,81497.20302750007,80890.65460459163,84127.8053822555,85119.20698454036,84532.7852583215,81931.5078125,82819.34715977327,83850.84623805908,81461.4024950954,81043.33466008844,81606.12077012949,80891.68331097791
2025-08-11,111920.997,112522.914,109045.84163593278,109178.65617704153,111085.1425138616,126336.6486,121803.90349668698,111468.07725099151,104155.51227870736,129036.63,121862.34050652233,145071.56,67887.96945436887,99916.23059390137,116561.6796875,104185.703125,112674.58764636762,116561.6796875,112212.91690186152,116025.22828380723,111916.50604087784,104185.703125,112513.08911609196,116612.67065588354,112076.25207972608,111911.1606063259,115815.45379703802,111724.1838682588,109828.49426583946,111542.95007123254,109772.4178010054,104185.703125,111625.57935671898,112996.6940014518,111339.5395230207,110677.62961778071,112728.46940545058,111384.48135619628,107195.14900300812,108576.43571352276,107110.8756127221,104185.703125,107132.57972508727,108955.44404076682,107342.31077990937,107857.52791072591,109015.30213352732,107883.97724545168,108884.18757501215,109317.1997246375,107342.31077990937,104185.703125,108116.45031975323,108849.15842715732,107739.32082455223,108459.8543543418,108909.70655601204,108722.93916791296,109890.02580055973,109378.4423220372,109362.54151263896,104185.703125,109548.92072308244,109498.86756967363,109101.75467454371,108836.18954817214,108891.44189901513,108722.93916791296,109878.55262055487,110035.86717160241,109692.59101103358,104185.703125,109658.62564126152,110202.25942162884,109498.76471918657,108901.9549693778,109092.51620630077,108722.93916791296,110340.23973585771,110499.21935976321,109698.91551299115,104185.703125,110179.09415336911,110582.96125974527,109595.87428480224,108966.17879289156,109132.75225948695,109312.27138517487,111778.66139676503,112534.76952881922,111486.67915314293,104185.703125,111544.6131097658,112650.25799420406,110640.2131177544,109095.76032159882,109461.82813385663,109312.27138517487,113511.65919942729,114847.41581967255,113411.23797960414,104185.703125,112816.6757202496,114088.30311386008,112631.79959670828,109288.41581045632,109817.12469602797,109312.27138517487
2025-08-12,111643.038,107410.05,105805.18228887151,111798.47106417667,107877.31135721967,124120.18504000001,101877.73482375045,111686.65699452313,111088.92007460157,125324.25,104585.3458139494,107399.7,65962.41945838692,101972.82245215728,105576.109375,113165.640625,107043.3866245091,105576.109375,108946.57254416574,108031.58750745337,109119.74936279772,113165.640625,108774.03210069808,108078.88611789208,108286.39666285722,108892.5809217382,108192.12620644222,108758.34311279772,108913.32111026779,108203.85697416333,108856.30593178584,113165.640625,108429.88836748566,108197.76942342751,108386.30440095245,108743.51144424005,108101.79352161812,108494.89968178584,111182.75105811589,113854.84002489966,110614.32649855537,113165.640625,110615.57528047315,113235.49961071112,110263.82848254924,109896.22076850449,111567.33173835091,109856.92636025547,111063.56925638093,111207.23543568005,110339.75804617441,113165.640625,110676.64106768768,111054.80068764076,109913.33046654312,109913.42510613528,110550.37864350299,109593.48292924359,110774.48960589641,110422.46908543305,109989.26003016828,113165.640625,110618.75867274356,110501.15844417167,109441.108244454,109760.93947622429,110070.93821417983,109593.48292924359,111088.02577437025,110719.40015549118,110674.38171045436,113165.640625,110947.71331207687,110775.93791308839,110663.74924860909,109754.98836167419,110033.50899553156,109593.48292924359,110632.81751359213,110849.14867403414,110000.57884089713,113165.640625,110500.91539808265,110922.7673747916,110087.90919803997,109755.00435706746,110079.21424283762,109242.98491323748,110953.00930582776,111895.10037680395,110466.61920269148,113165.640625,110916.47762283907,111911.87147066681,110477.43793453656,109719.54136338172,110330.91808336279,109319.40703638646,110890.77362362773,112153.4674969747,110334.06874540346,113165.640625,110692.14819040366,112007.50061124426,110093.78099490705,109693.59323254053,110377.95035326615,109319.40703638646
2025-08-13,114793.678,108006.37,112290.24919159782,114755.45908188341,110903.86820864676,127637.994,116220.12514863563,100159.54079402064,101019.48034689404,123337.68,77782.40060661921,93809.7,54052.16210386301,97847.35054739597,104977.8203125,105414.734375,103214.32898113709,104977.8203125,108101.31134151058,109416.20370804802,107925.03016931801,105414.734375,107437.9460669524,108471.20000085357,108138.47371187314,107720.10289651112,108842.76257689431,108027.63582407992,108162.95622262539,110770.35789960805,108397.96172401494,105414.734375,108225.78053513411,111385.35481974055,108451.40666754392,108102.37596837874,109782.6097066906,108397.96172401494,107775.78596043466,110085.72111366676,107653.36192340964,105414.734375,108040.85308985037,110508.06588591271,107959.96195931906,107959.57734863064,109434.82163558465,108231.63020522743,107364.88969421617,107348.6649043368,106881.52129654154,105414.734375,107930.44091430749,107907.19387890125,107939.77175487488,107351.713546323,107414.04181150529,107653.36192340964,107632.99212497061,107212.86273594359,106881.52129654154,105414.734375,108092.05197735134,107809.6670367104,107653.72317861207,107358.2735678172,107400.84715845315,107653.36192340964,107769.99128406294,107341.68332577715,107799.50323775297,105414.734375,108188.12256225644,107881.82647670846,107852.94818128197,107444.36198247343,107379.66107704659,107653.36192340964,107577.87746080311,108061.44049920738,107326.31771115503,105414.734375,108013.73143609907,108430.83991772332,107714.97194217975,107403.68325137484,107608.89958802717,106934.40986890784,107152.02039222114,108058.00272986054,107444.95941898694,105414.734375,107664.1657038173,108666.41321365797,107424.15398743932,107349.004169771,107706.5238817106,106934.40986890784,107240.71402210815,109219.93973950314,106304.67805540437,105414.734375,107822.63999921623,109450.50842397902,108017.0227392134,107420.40137257625,107932.40067414776,106934.40986890784
2025-08-14,106593.878,112113.15,110884.2504134511,113921.28153342893,108637.7537971127,121211.06084,116209.21026040842,92395.53362470909,100307.01901933539,119494.36,61096.47290780363,105536.586,44098.77151597451,93945.44922068398,113885.0703125,107598.28125,101422.28322969386,113885.0703125,110504.57188031323,110626.91759455253,110351.56460317304,107598.28125,110372.75851811195,110338.55557716716,110673.42438554188,110225.31266802334,110167.80889041332,110650.93551091113,110396.97563027329,110367.21536055952,111002.46079597587,107598.28125,110343.07234888407,110717.01157847617,110854.71576933135,110276.2144436897,110206.78726197114,110302.88732863078,110348.47095097264,110823.5067043131,110553.84071645845,107598.28125,111037.17703725566,111532.23630652524,111095.78792226226,110442.58100978011,110423.31243693607,110807.41023298024,109567.43410787292,109598.42181171483,109423.38811308255,107598.28125,110395.81139612087,110500.17078362482,110515.6071498672,109880.45607111775,109800.80625468826,110143.79647786757,110029.51796693774,109935.8485058418,109481.68686788974,107598.28125,110810.23290100587,110808.94758583969,110429.28537515164,109918.26670838811,109828.7237658547,110300.27119993669,110334.4814292349,110142.07009573617,110624.55613686622,107598.28125,110925.68767767432,110938.45918160958,110274.5349969363,109968.93067029983,109875.85406847578,110553.84071645845,109940.42514247174,110051.55814396754,109782.78211948159,107598.28125,110682.7457214934,110864.20317181773,110573.9059046744,109863.5458386335,109841.97966964306,109902.72432493669,110643.07029201953,110917.7863694236,110233.37383806572,107598.28125,111332.08300395054,111715.87436795315,111180.97234532762,109970.56702527596,109971.15396319877,109902.72432493669,111054.27364987307,111839.98364494118,110099.4402064422,107598.28125,111856.56153816849,112467.09527356054,111538.86220659185,110007.37094394612,110098.23787721628,109902.72432493669
2025-08-15,94769.12,100601.69,104065.69186143474,113000.12072935645,104397.70004470294,118208.3608,114016.07036252749,88993.83990084627,105735.94578098445,118244.08,45090.69810804256,102970.86,39616.01557211739,98762.59134260021,97959.078125,93708.703125,96358.09605017418,97959.078125,100008.78258551248,100209.69532062448,99915.60566905547,93708.703125,100780.70829660606,99286.73180763498,101364.88076331053,100904.82806940132,100067.43461676559,100118.00447857927,100519.8231712743,101983.24629605387,100578.42193026222,93708.703125,101132.85745524618,100449.39860019147,101351.4706673224,100919.08389102673,100859.14896802529,101068.05939142227,99079.80348981044,99685.68556479152,99170.34938323712,93708.703125,100050.09923824258,99215.61299397235,100562.81586444899,100317.21721488662,99903.83986523158,100118.00447857927,97619.29011874046,98262.76192960094,97681.12579410418,93708.703125,98853.53678372926,99270.48573008995,99723.63539475016,98920.66878828392,98104.70859477232,99170.34938323712,98392.68317290612,97916.99826442721,98576.34742143312,93708.703125,99338.01685765522,98963.5714388296,99452.20665660288,99127.6943321623,98152.6503881833,98898.92064508985,98679.62598411381,98065.51448870967,99050.1749691042,93708.703125,99447.16224152767,99088.07641866527,99678.02277233856,99129.59433895105,98198.38699224903,99372.74819276093,98823.00646313903,98908.2559468222,99288.83121910419,93708.703125,99616.27830638792,99947.8476048859,99733.6426049739,99208.48821786558,98389.84222050424,99372.74819276093,98312.49948767568,98906.00300440878,98359.25995248696,93708.703125,99138.15653154347,99947.30735295087,99360.95772932337,99126.49112063591,98362.96984243047,99372.74819276093,98717.96545519124,100383.6945524691,98724.94352456147,93708.703125,99395.79045662335,101179.35253247463,99398.40395020743,99195.95480797318,98626.88304904134,98898.92064508985
2025-08-16,75993.838,83310.91,84880.54592897213,84508.01463395877,78695.56749472284,90338.25744000002,83647.76739626934,70955.34490170516,88402.31046668097,94893.42,53621.58324285908,95953.195,18177.342884007972,92671.58607902168,74995.0078125,80007.8203125,78337.24480204654,74995.0078125,81157.3414469696,81715.31155120347,80570.39447929125,80007.8203125,82180.2783906618,82191.69439304338,81761.1743003089,81693.63708980128,81697.87492668862,81031.39077837106,81492.75283941039,82971.38016340506,80151.68750465804,80007.8203125,82500.1453583738,83038.93850552334,81654.72969373583,82044.9097704881,82564.50241036854,81087.2082038115,80534.30340930549,81192.09262230391,80275.76578794059,80007.8203125,81045.32669663856,82120.15898177662,80645.6519836651,81409.00437434501,81685.8059168274,80390.39286180088,80531.06173316577,80793.21398718929,80434.1374214213,80007.8203125,80701.31507892233,81744.09477228543,80651.8784708248,81019.5324744492,81265.32954922167,80507.80034110592,81525.82491749444,82291.09108716158,81924.07192749273,80007.8203125,81600.8972270585,82644.49476553372,82138.36689518124,81333.43460656755,81702.50995478402,80507.80034110592,81089.6932314487,80641.34568407526,80628.65390212592,80007.8203125,81268.32744899865,81350.13100342508,80372.20895950624,81274.67388843572,81225.09333297075,80507.80034110592,81636.6849928021,81926.87481888216,81878.47587084658,80007.8203125,81716.27643326111,82425.55133617387,81840.95779838588,81419.48028311851,81538.46032177116,80507.80034110592,81441.24658954603,81869.10371552806,81378.58727056682,80007.8203125,81512.40257837588,82375.76563806026,81592.88223825532,81348.35550895968,81544.56311327202,81267.1039125345,81274.70474969092,82673.89902811557,81240.16655883068,80007.8203125,81366.92531296767,83136.7805536721,81318.35738716337,81302.44149676446,81674.0892362174,81267.1039125345
2025-08-17,83361.962,87780.96,85585.27254830173,86274.80340101774,83994.55724488877,90859.61988,84661.71296114451,90030.67739199402,84269.82851098847,95703.53,97133.47827946607,117975.516,32889.42903321159,84928.24143096966,77505.1796875,80844.1640625,85362.46481629883,77505.1796875,81735.39852243422,82225.26220549975,80935.31920986087,80844.1640625,83794.40514851252,83230.77630352514,82948.958147355,83086.66247305892,83175.4528235801,81053.56861301005,83022.66294322842,84958.7924990931,81002.08702466094,80844.1640625,84965.95938210336,84814.33002630863,83401.9702614522,83585.72934753957,84028.4569518728,83462.54782345414,81566.1484771346,82455.09146274632,81364.06456452557,80844.1640625,83204.46467509806,83000.13263216938,81364.06456452557,82831.25296635812,83017.95552969258,81514.08328749647,81546.36445630723,82244.28010164315,81528.83645091546,80844.1640625,82002.33713321792,82584.15486412076,81779.995847663,82146.19996097687,82571.84629110785,81452.0226204453,83551.38716715582,84137.39337527483,83681.76237583459,80844.1640625,84034.37173101591,84370.83918861572,83674.31989931938,83004.52314416537,83332.73430132495,81633.8106632379,82673.38806106112,82222.66351627183,81461.99733575823,80844.1640625,83179.76585738576,82732.3604412722,83773.92251662974,82806.79841013814,82775.14699652989,81633.8106632379,83545.71491833482,83776.63758797524,83940.36424909733,80844.1640625,83979.08938965724,84060.80894948819,83698.17416884817,82992.88337837135,83174.32402681923,81633.8106632379,83715.01988625708,84147.50120521916,83878.47910659156,80844.1640625,83848.32185913384,84260.84191148027,83389.1561899249,83113.15918445334,83225.38264447488,81633.8106632379,83836.88870982529,84984.40366686566,83556.45403435678,80844.1640625,83994.51061879119,85102.92371528508,83719.47985063918,83077.99349289923,83354.28943441951,81633.8106632379
2025-08-18,99379.413,111837.77,117744.54128554858,114218.81777427948,112665.18698166596,122138.02212,112215.03150495877,123595.35686893409,119277.92236222557,129948.6,138574.39249782643,122368.766,81257.0664195825,116994.19621685555,107726.421875,102106.265625,115511.22414379178,107726.421875,105116.35899177066,105731.34212458681,104909.94345198016,102106.265625,105890.60335605574,105516.67724920387,105412.74923086903,105782.89060707607,105996.72921770118,105434.18520595031,106636.84411897344,108003.62439387312,106382.18356216112,102106.265625,106632.02182018895,106518.3615148705,105922.24973343486,106285.99268914422,106545.40572452595,105894.11903467658,106238.60880576796,107598.91200252065,106323.98389123486,102106.265625,106577.89293949513,106468.53241853364,106345.41986631617,105991.50816772408,106303.16099424333,105861.67183737496,106112.88988933625,107208.38074116947,106464.65246030828,102106.265625,105995.5652788283,106640.54212022338,106196.81252811317,106000.07940967359,106412.8840146659,106153.11252568514,107626.75030583395,108047.91469880677,107806.63838153306,102106.265625,107416.63982272075,107781.64758215044,107806.63838153306,106426.17190302303,106757.93845149157,106131.67655060384,107726.16858218203,107410.54232585142,107422.86212528018,102106.265625,107546.98553297034,107382.69779521212,107209.11880956787,106404.87804487128,106551.5001531526,105889.80253613324,108342.2472423089,108523.98657116637,108174.21320604868,102106.265625,108157.60278763142,108398.40878966657,108309.44416042192,106579.47701524776,106809.52623403186,106634.48232949269,108328.70826732833,108526.49260453007,108846.83171304637,102106.265625,108212.83894303064,108523.74913628167,108141.5525646472,106687.5163690927,106873.63591194176,106634.48232949269,108239.98073823735,109121.39447781377,108282.14781775064,102106.265625,108117.24136661417,109120.00350414365,107818.74268382206,106636.95570785235,106983.30043261399,106634.48232949269
2025-08-19,103000.472,112582.766,110382.15639843645,114960.56978015874,115657.19247814019,128557.69084,123747.63928664676,123268.8777526844,120712.1961772453,131433.77,126816.40655217493,82458.17,85835.39737694425,116753.71499574852,95629.3515625,103152.0546875,112796.5300675453,95629.3515625,104466.56461237406,106058.20949886827,104898.64401907526,103152.0546875,104893.7377966796,104873.45266530597,104871.60860557495,105024.08578019319,105564.38137492734,105467.09135751019,107566.94636505443,108956.85758030543,107044.9155327251,103152.0546875,107288.59748964247,107218.59849286222,106806.05743961241,106657.11050087374,107138.09095820619,106806.05743961241,106852.29774619672,108982.71902668018,105986.41790690587,103152.0546875,107129.73099294971,107614.51726635976,107553.7780149958,106243.38405866467,107274.0620379651,105852.35072934383,104213.47526773595,107039.12372204417,104016.85528566212,103152.0546875,104370.41749654009,106692.03331889359,103961.82272489568,104931.64289190287,106425.2215197056,104964.70696896697,104345.7718036306,104480.34226841925,103678.91424982122,103152.0546875,104547.0895917494,104888.61496605647,104306.11328255932,104829.59651812674,105527.06016156317,104964.70696896697,104165.62863282251,103803.0343206038,104241.2244923288,103152.0546875,104329.71724627542,104198.1970206094,104543.37207616123,104993.8501115843,105431.65531104259,104964.70696896697,104537.36166776072,104020.16713601249,103538.70997633183,103152.0546875,104643.5915844631,104509.83815645202,103571.8824857595,105038.33130892673,105484.1754250822,104964.70696896697,104228.3385594339,104731.12906650826,103824.8043254686,103152.0546875,104294.58253637876,105040.09762857479,104346.01540787943,104898.12325247008,105599.68145624967,105560.18972090221,103889.85848152917,105453.44355696133,103318.4494429768,103152.0546875,104061.25809051434,105842.39032947182,103318.4494429768,104931.67359349516,105760.15267293017,105560.18972090221
2025-08-20,100672.007,116524.01,117984.18076057869,116067.19457622469,118739.30907706257,125859.20140000002,113086.8111473526,119166.24130415321,123143.30277819716,126580.99,107871.00392264104,88106.6,88097.44599396741,119098.65173663541,95800.7734375,100035.0234375,111744.04940895419,95800.7734375,102655.03165789641,104018.66418061327,102386.98290269621,100035.0234375,102969.7236279975,103785.50919295696,102857.78042315858,102889.94418959401,104453.49376452947,102454.51851839668,102576.98858427448,103429.54053285439,102903.00606675763,100035.0234375,102742.2167937955,104014.35023026283,103210.12755554632,102765.21618819376,104070.33617360968,103277.6631712468,102380.72765479458,106298.80883590573,102336.06813032203,100035.0234375,102365.02255990554,105597.12014125579,102806.86565078443,102589.56965344472,105200.9098461403,102806.86565078443,102907.0305930275,106582.86045378323,103004.11523634358,100035.0234375,102454.11845541242,106140.32846139783,102185.35195031525,102674.76020036005,105267.68219442654,102970.5416824581,103461.70876560919,104030.2828989377,103612.45441040664,100035.0234375,102795.8993150535,104251.71542639592,103754.24731641593,102481.4588769143,104243.25074096069,103076.03221886585,103661.56139913484,103632.4749017885,103552.61636403497,100035.0234375,102985.51987851126,103879.0884710764,103588.57485529612,102647.03792579053,104148.2485801458,103345.19878694728,103517.79365293698,103560.12389447624,103552.61636403497,100035.0234375,103101.40475260926,103964.24475371855,103752.25088696979,102725.31884779406,104154.836084302,103345.19878694728,103909.61511310833,104851.04043912844,104040.94900441969,100035.0234375,103397.7165471846,105011.656947615,103632.37446770463,102716.92806035411,104392.09996599189,103345.19878694728,103739.16414776279,105291.30553032532,104096.66407748588,100035.0234375,103651.6239115475,105672.17416915235,103241.94230019645,102856.7822646381,104526.00873628134,103143.56783456632
2025-08-21,97948.163,124797.17,121238.28831324758,113161.1447470705,119197.05126318702,128037.35992,110530.7244333959,122868.87339023511,129956.76787091134,132609.2,125461.34917935272,114163.6,96412.7490073697,132192.49260105606,93163.453125,98549.125,117489.2903608884,93163.453125,101605.81720137852,103325.75635818709,99647.62202999898,98549.125,100084.20781895217,102624.09234772893,100316.76482546524,101067.18483461514,103990.27110662531,101043.53884395031,100652.6380429776,101359.94138545415,101724.54194349403,98549.125,100837.04547150832,102098.4008053003,101143.77774491266,100668.47826972904,102420.41157537149,100630.85661396026,101772.04969705231,104869.28514677755,101565.28314230643,98549.125,100792.75029653608,104351.02310525285,100728.05837824888,101172.86611672275,104002.12820080954,100630.85661396026,101694.79146607523,105627.69199848377,101652.27306198489,98549.125,101167.10557343622,105320.0946698585,101081.72070801366,100687.02534143909,103794.33638095178,101880.7636080079,101989.8062107137,102604.52142758305,102543.87573191471,98549.125,101292.30000893009,102738.61106300328,101876.12161365489,100697.73129980327,102705.01362037697,101043.53884395031,103325.13310803982,103460.15143342565,103945.04025809813,98549.125,101933.71293751519,103111.24126729908,102287.41516643853,100990.78422470397,102865.56405950699,101880.7636080079,103083.66139885853,103049.29330782672,103435.15626381949,98549.125,102091.10589178637,102933.98370522287,103034.07455564597,100987.33863466914,102823.01577250165,102293.44583799795,104508.32396646781,105471.56017339879,104524.08024765467,98549.125,103457.9950702184,105118.02098187525,104693.5508934524,101404.80386332111,103345.38690004562,101880.7636080079,103813.23721045617,105525.12576081505,103947.0917044199,98549.125,103173.896662805,105412.80263457182,103501.18116586894,101213.75445638673,103320.99093416646,102293.44583799795
2025-08-22,92998.359,111576.36,110005.79179151938,112162.03946249251,108612.61585980954,121681.149,104189.90465515462,137999.57905462378,134974.3120739978,134325.33,142588.64122334946,117347.64,104712.50360742674,134302.56013550833,91074.3203125,91233.0625,117119.05385342549,91074.3203125,94414.61331756516,96991.11965120982,93256.84948726755,91233.0625,94259.4330497364,98510.45010629683,92858.02145093423,94052.86327626347,97936.96470070348,93256.84948726755,93916.23809446933,94368.80818416718,93888.96027441777,91233.0625,93579.5720223941,96288.33776429849,93482.57308629874,93739.50139726794,95915.11466304638,94092.00641809183,96001.28687514516,98560.18555620789,94916.4712562849,91233.0625,95506.6866016913,99774.43169562476,94302.61171355158,94429.30785072318,97688.99067949541,94084.4472663061,94602.24880475359,96399.77622956093,94849.24147552393,91233.0625,94363.85547419274,97280.23452698544,94165.90728091134,94000.66805639004,96619.04281843652,93881.40112263206,94861.0408562755,96695.05987863008,94611.87445896122,91233.0625,94133.5656375912,97032.90929428322,93994.88197538245,93966.92674975615,96623.09557677202,94158.34812912563,96460.14399064414,96600.24546757412,95775.20180374142,91233.0625,95200.39070510358,96646.47464300468,94881.26231366908,94084.6330327428,96326.89363913593,94158.34812912563,96424.31653672103,96382.01646985057,96054.22418812789,91233.0625,95489.02760479152,96493.71372056002,96405.96012716815,94218.69561954188,96240.40733905572,94158.34812912563,97594.45036392685,98208.33182646421,98199.27416927168,91233.0625,96451.22723538833,97989.64223994582,97034.75951632575,94604.99936509723,96614.55664501362,94158.34812912563,97354.58206977148,98713.05064558415,97731.85955078626,91233.0625,96775.66319475291,98657.98360126474,96727.68244840567,94545.74575546803,96695.36295704167,94158.34812912563
2025-08-23,81564.336,95022.73,90998.4744467474,93088.23005566234,92561.96561338619,96299.91988000002,99946.62395756698,118885.49950309387,125829.18240418447,113990.22,132125.8871747269,75510.836,95654.96029182649,125821.61836338448,83025.6328125,81133.5,101326.35171687193,83025.6328125,83910.67349653569,84570.33646454228,84271.59694929529,81133.5,83042.64997534275,84258.80960551708,83024.08350635492,83395.22804413669,84211.88564697056,83919.94655195334,84980.13004358651,85487.38402644556,84987.25686989371,81133.5,83701.22406529411,84617.32089233708,83739.74342695334,83978.04727576248,84542.22740949395,84181.49538679529,85388.97517111876,86236.47963941797,85711.6726431502,81133.5,84446.81866470669,85596.573738891,83919.94655195334,84323.65329830756,85045.12055274624,84815.80959755176,84900.17784674684,85897.51740058084,84561.15451223563,81133.5,84554.77953236818,85577.0393322916,83665.29146663721,84383.07712781779,85107.15581784563,84725.70803505176,83585.87445627303,84268.97262299637,83481.87178296759,81133.5,83174.90102388212,84164.3890292157,83338.70128083223,83790.28674609076,84517.5488646685,84399.11784924679,83654.08228363618,84266.39348760739,84041.73403340795,81133.5,83299.1152465055,84109.95685689975,83998.07570312567,83816.97087174721,84515.79533897314,84399.11784924679,84183.6684795432,84018.36426620957,84710.87556424877,81133.5,83842.32507130352,83918.14773694973,84241.11487630842,83933.88840137378,84464.35364732829,84399.11784924679,84259.53019907363,84663.91652308051,84579.74960876828,81133.5,83945.94756408711,84525.41248760803,84467.83639106603,84024.00246593624,84596.50177041232,84399.11784924679,83875.83737599695,84363.56540386715,84118.55678948367,81133.5,83712.58588488943,84212.98012047485,83896.90063698169,84040.9774234012,84570.22915647934,84399.11784924679
2025-08-24,89224.641,94266.8,95559.60547660194,99239.88290442443,105940.9431448298,104042.51572000001,105915.8541253958,118117.06007554072,113859.27840692305,115640.164,134122.23183626911,86896.82,103565.24429251307,113150.30916938778,91847.828125,85703.9140625,104524.56323929237,91847.828125,89684.44699970103,90331.85740272225,90054.17075303273,85703.9140625,89075.63497840942,90192.9232965012,89091.69741670435,89214.18809033955,90040.98023060439,90054.17075303273,89932.81949089331,90436.18410818525,89761.6034167232,85703.9140625,89251.60531452626,90283.63081584946,88799.13008039484,89475.37719918432,90090.07497571163,90054.17075303273,91396.3415045497,92516.79734595036,91309.21142567063,85703.9140625,90637.11960427175,92191.20228006877,90346.73808934225,90256.58088621961,90954.73698815164,90054.17075303273,90560.760502007,91456.27458843388,90900.82805550881,85703.9140625,90318.50838145916,91281.78862063074,90431.50941674205,90053.63155444321,90732.89108262579,90724.07675305157,88624.74519330551,89723.8072432046,88634.14193258238,85703.9140625,88474.09683929526,89708.53878651504,88340.07459990242,89301.7548802364,90102.32971531316,89762.79813193434,89285.23510080621,89745.21020385897,89889.1826052203,85703.9140625,89318.04708384277,89795.252755785,89595.11527254031,89552.88975952433,90130.92879779136,90725.27146826273,90063.9180383152,89870.95099846991,90585.69804835829,85703.9140625,89975.3494750186,89950.22285900994,90116.37940959152,89685.65726828983,90144.67158420375,90725.27146826273,90174.02504983984,90452.67943321084,90297.99027328812,85703.9140625,90180.8921195243,90568.50943752911,90557.58860886868,89750.12740005399,90255.78445008263,90725.27146826273,89789.42340296041,90171.63696506238,90288.37345721057,85703.9140625,89828.861549842,90313.68296748301,89971.01843875009,89727.46180866101,90244.5776685591,90725.27146826273
2025-08-25,104831.04,129525.9,119432.65098260138,120925.14842290376,126873.98501440434,137470.57676,122905.80663958298,140068.0218569042,134124.53835209986,142587.39,155876.3918444951,122299.06,130553.71399804711,130357.4228484589,112965.5078125,106322.90625,128819.26815629986,112965.5078125,111439.81466060196,114102.60863322068,111441.04749383213,106322.90625,110194.97435317759,113515.06590213504,110462.42469552715,110889.60218385019,113888.35598599465,111472.29953757083,110091.45332883173,111017.87375458507,110462.42469552715,106322.90625,109395.89549560705,111570.88257998608,109167.48753710315,110029.19139005223,111733.63483686984,110462.42469552715,111227.10011084,112815.74279972195,111379.44010396818,106322.90625,110496.26631371386,113075.92345063025,110589.77818065471,110510.51263589076,112411.74686243097,110462.42469552715,110721.66170837017,111845.78185137917,111054.77058230634,106322.90625,109901.2961977522,111938.61367333835,109475.4467356794,110316.79018165056,112038.63092159078,110146.1103354081,110343.41597395527,112836.78494177217,109840.01487181943,106322.90625,109903.48504207432,112552.69230244913,109286.81261980519,110265.8589052377,112115.31507370027,110051.793277471,111410.27006006474,112298.77234552376,111639.55163717657,106322.90625,110846.50771171361,112002.29831926446,110864.35208298039,110399.01722068537,111888.34268449598,110051.793277471,112093.23497714727,111669.14782507348,111804.94000179473,106322.90625,111468.22719745772,111439.80926521792,111496.98080321847,110507.7152794651,111654.4358913103,110146.1103354081,112135.67652923602,112809.92116525625,111706.76050049004,106322.90625,111636.76517719377,112580.49139390391,111496.98080321847,110633.15917495101,111883.22848253557,110146.1103354081,112387.11305188856,112859.94880106069,112085.79100574736,106322.90625,111797.94034062141,112513.712017371,111436.83618140439,110669.37618375765,111857.13696400341,110146.1103354081
2025-08-26,104880.845,131480.45,126151.56724654298,118846.29609919687,125872.92746369452,133435.00368,129999.0811324296,136251.35841598368,138148.4627855528,140546.64,136963.58100849212,102211.77,122606.51966683893,132345.4325007869,102393.5390625,105459.375,125514.13408330122,102393.5390625,108134.89714188082,111018.78847984961,109174.2921453485,105459.375,106977.93902158656,111180.69409519347,107507.51785751528,107048.8312803136,110208.01292613772,107361.52567001528,107627.63578151457,109469.0187113659,108038.6028590978,105459.375,107021.8252393227,110021.14349311608,107066.5289322552,107217.89030477736,109203.38907143837,108038.6028590978,109854.67804190575,110767.54401968633,109695.6281770104,105459.375,108163.69096663542,110513.51365412127,108381.0785546328,107879.04467892402,109579.09625147912,108184.5950465978,109662.46924235096,112515.8217690645,109366.42104256342,105459.375,108233.08449415227,111546.79708424082,108381.0785546328,107849.75029788252,110121.95184088552,108038.6028590978,108384.86630214055,111221.72005456095,108614.89833458693,105459.375,107505.93073219765,110890.10373965444,107281.6857920208,107753.04742020802,109895.05651219677,107653.51004501528,109178.0780838224,109604.77396597262,109783.45576946455,105459.375,108111.96526905838,108954.54039141895,108450.2432268984,107818.56718052558,109338.00479340812,107653.51004501528,109488.78934831092,109257.41696170892,109838.30170081963,105459.375,108360.31536293292,108516.99592833735,108852.95921288902,107838.40514780115,109228.17229889114,107653.51004501528,109491.68513006516,109361.18036171267,109984.29388831963,105459.375,108472.75963230598,108673.2216662384,108852.95921288902,107901.40037726339,109247.72677737166,107653.51004501528,110070.36481177062,110661.00363494572,110266.28050930725,105459.375,108873.63507633995,109737.37288368403,108497.47340058154,107942.2339116324,109443.45960488392,107653.51004501528
2025-08-27,106712.306,114127.63,114810.15910038158,116295.36193311056,117992.10624677919,128572.30428,111991.45379945997,117240.37172563195,117115.77881458635,132186.22,110412.2406197692,99500.95,101247.89063625867,119340.20050324364,95047.9921875,99449.1640625,113021.98857311477,95047.9921875,101041.39695463344,104355.88291136044,101485.91493333144,99449.1640625,100274.35245200031,103250.5822464982,100005.6657942248,100493.66717792675,103777.35112989109,100005.6657942248,100355.98106819773,102315.49158839819,99805.34939459142,99449.1640625,99874.82900966507,101627.99585075468,100014.92900768665,100109.59831275175,102149.77221278084,99805.34939459142,100874.61504728592,101850.87394941301,100612.18089992285,99449.1640625,100337.30193974692,101534.77850663119,100014.92900768665,100302.36366923396,102098.24876128105,99805.34939459142,100835.05187698427,105114.46204324608,100999.85317906381,99449.1640625,100375.28597241185,104117.89991156761,100536.82534877626,100301.57610696119,103047.06653318975,100607.54929319193,101464.73785394308,105179.59770509187,101477.88091605634,99449.1640625,100851.12909221546,104470.28758674362,100746.4049618715,100504.92414186745,103158.2688579456,100746.4049618715,102132.35454888767,102521.29671752146,102414.30487660549,99449.1640625,101312.96868538792,101529.95491966968,101682.82892242065,100689.21574299049,102375.42028936402,100951.35296823582,102346.7946367322,102135.33945666296,102860.06551015875,99449.1640625,101500.3480118536,101116.13776671875,101473.24930932542,100602.4678758173,102199.9161295641,100741.77335514057,102388.31239805234,102279.27851577017,102860.06551015875,99449.1640625,101632.73067436062,101314.33426634318,101473.24930932542,100596.01918838825,102176.19020912147,100741.77335514057,102682.60049870629,103589.40212560253,102416.77102243883,99449.1640625,101758.33927542821,102389.39495081722,101475.71545515874,100631.74432020719,102329.58619448196,100741.77335514057
2025-08-28,102635.934,113750.56,108323.33030964738,114126.61465955761,105552.49820023454,124334.20388,107745.53577631451,102185.90089802077,121816.07824719518,124830.05,90404.44273397728,111113.06,92414.38165377433,119319.25804501752,98830.6328125,100305.46875,109003.46785608261,98830.6328125,102267.80307941537,105656.09684808191,102932.53166886535,100305.46875,101418.93239272031,104403.21680731504,101200.38666400549,101598.02007457825,104715.55675449637,101200.38666400549,101244.52748044068,102663.32814434319,100662.89514833948,100305.46875,100894.85799604091,101978.46827207657,101036.98633027963,101193.30504825877,102573.73853263306,101036.98633027963,101300.85371918323,102220.687674494,101157.64461983065,100305.46875,101195.3869888093,102120.69392104402,101107.2166130177,101188.56704760056,102499.11871577112,101036.98633027963,101453.92476412476,103832.5259196128,101469.21726850433,100305.46875,101437.13109605276,103156.25263775059,101695.13613549665,101213.36971314195,102888.61215823519,101036.98633027963,101515.0544083388,104572.62074195212,101566.96157663922,100305.46875,101434.228136553,104308.59674552068,101489.0195444295,101344.80048995552,103154.17000138138,101036.98633027963,102038.86320571307,102594.77024407944,102244.91365778144,100305.46875,101706.65122194719,102328.88930844542,101835.59670097283,101382.56539970901,102675.61074351556,101036.98633027963,102528.95967381593,102492.71330672994,102972.33170088094,100305.46875,101977.37666659211,101875.14742618892,101722.65016089345,101478.36064355662,102581.80117043741,101036.98633027963,102715.92174549357,102578.43514355646,102944.81767548414,100305.46875,102167.61497690406,101965.40361935402,102076.93906690844,101497.59826722552,102520.4113688436,101695.13613549665,102980.9654006747,103614.40499002539,102767.27272868162,100305.46875,102420.72347911524,102843.35691651185,102619.1004137338,101454.45094187178,102574.67854486775,101695.13613549665
2025-08-29,95712.179,105887.12,106174.30323343197,112040.93125537576,106609.25988358434,127666.87908,106052.21525717506,108371.95684133156,121611.58777358787,126520.836,98004.48870092261,129430.36,86772.04076557077,121390.31791216788,90532.140625,91923.890625,109265.88829687652,90532.140625,96204.30243640882,103605.9328362594,96102.15778433939,91923.890625,95155.65839848839,101469.46815939716,95490.61264983348,95303.11575557396,101842.15582082068,95490.61264983348,94626.6176161215,97470.50174419813,93962.30442951075,91923.890625,94178.76489473184,96375.2223574593,93640.97782789293,94283.60687747372,97604.1625840402,94598.9321436251,94237.66067678004,95725.82073500665,94028.57823903457,91923.890625,94332.45895984565,96054.37495179941,94380.02900085365,94318.94105536143,96728.55094256064,94598.9321436251,95079.04788013724,99078.37835789942,94361.53226696257,91923.890625,94677.63936489404,98062.95264721109,94253.29509496111,94488.49532164591,97882.6658491125,94598.9321436251,94484.52142359328,96703.09283129353,94427.80607648639,91923.890625,94536.79292656376,97167.99074017975,94100.66576171346,94497.7404243974,97088.29227165687,94313.75519132984,94918.25428148422,97148.36742674513,94998.15998107693,91923.890625,94830.28930173063,97108.6805220457,94385.84271400873,94644.41716065446,97193.26342458132,94598.9321436251,95851.83320834041,96164.28707830753,96354.57000169865,91923.890625,95170.3313771316,95516.72611926502,94931.88617155311,94586.17816315546,96868.10997572701,94598.9321436251,96357.60400685077,96271.09236438156,96348.75628854356,91923.890625,95678.00185901138,95619.47516194973,95211.2494106933,94601.49566978388,96807.70259102782,94598.9321436251,97296.4747430917,98072.75190654254,97456.95966594241,91923.890625,96633.84798625336,97256.54815833144,96717.90849298169,94669.30929871216,97089.64981994197,94598.9321436251
2025-08-30,77980.094,79363.44,79564.61761127868,85388.09591698922,83540.20969348436,99278.66324,84019.95360901312,89612.12464217778,89399.94448322951,99087.9,81145.30662824004,86004.97,56077.422641123725,90725.8052802377,73849.765625,80892.1328125,83863.35645805161,73849.765625,81056.04412010641,84393.37090168707,80733.20823171275,80892.1328125,81354.36992026377,84268.03857416872,80528.36080064131,81242.19712405175,84011.81862989478,80528.36080064131,80931.69594100895,82610.29767404604,80062.71071476264,80892.1328125,81256.76722349468,83039.17738165562,80863.7116190937,81214.10496327584,83068.53788776993,80528.36080064131,80579.39081571333,81431.84191135589,80398.06153321502,80892.1328125,80917.56870725981,81570.83643071518,80863.7116190937,80793.2070076804,82304.13190148142,80528.36080064131,79628.78924815424,81224.35474757855,79386.83639598016,80892.1328125,79999.93612639548,81574.40500728649,79915.7014914408,80397.55474251795,82300.44123039367,80193.00998218893,80076.16467433573,81696.68411656324,80057.53803288493,80892.1328125,80358.10947875271,81998.03324420417,80523.1881187636,80620.46371908124,82495.82858152378,80463.21116692817,80794.32215553132,82235.05732914517,80187.83730031122,80892.1328125,80807.78306536951,82336.69069064179,80800.49660951173,80797.16245889566,82528.59115760072,80528.36080064131,81063.06150403334,82527.82982164176,79852.48648185885,80892.1328125,81117.93401285776,82579.85221377175,80187.83730031122,80816.25378360605,82629.87433308022,80528.36080064131,80902.65781743631,80639.97231863353,80001.43032931184,80892.1328125,80883.27677410058,80773.44737675326,79852.48648185885,80802.73128760149,82296.9173005191,80528.36080064131,81000.3223525006,81775.60835620103,80368.09066870544,80892.1328125,80820.52293267558,81675.28178727867,80431.30567828742,80754.35992023163,82390.9436110848,80528.36080064131
2025-08-31,85153.389,83159.65,89031.83666471433,88578.73632606315,91961.96420160736,94963.88880000002,86666.10599278033,90446.57329898363,80962.73913090059,101272.33,91218.1352914646,93867.43,61417.6852817645,83402.00515915334,81929.3984375,81430.9296875,86687.2936348288,81929.3984375,83104.85413122688,84943.72294397769,83215.15458169949,81430.9296875,82803.03131302359,84514.7187339096,82839.88988055965,82753.17468896856,84370.33920898681,82523.25474300902,82730.84489437692,83764.28753433106,82617.01980454527,81430.9296875,82754.38828105977,83720.41727485208,82499.51813586616,82692.20796266934,83816.51032535016,82523.25474300902,82392.04150545341,83095.56463592505,82525.94216962704,81430.9296875,82549.38807258109,83322.52606794768,82499.51813586616,82514.30001099154,83555.22313030178,82523.25474300902,82713.9582291661,83755.20153075384,82659.44300383597,81430.9296875,82840.58287315279,83939.09094223134,82568.56755675431,82589.92187840887,83745.45851844005,82546.99135015187,82738.36084633676,83469.23346144798,82724.62363107092,81430.9296875,82772.9135775564,83713.0554629398,82883.04229376452,82562.07114322073,83641.48417727205,82523.25474300902,82901.39996869463,83893.62225094943,82906.77890090737,81430.9296875,82787.20495840721,83892.3989800081,82861.46608716209,82632.09234578158,83644.44982886687,82523.25474300902,83436.69304500753,83915.05626751331,83268.72685220331,81430.9296875,83278.90527736486,83861.28338050681,82906.77890090737,82650.49344774401,83601.60437469691,82523.25474300902,83443.65938201899,83303.58275959622,83179.8096178255,81430.9296875,83360.67257418277,83336.07473005104,83270.88725274372,82663.89195036204,83476.69046894596,82523.25474300902,83740.76755663293,84015.94187643824,83860.94113791757,81430.9296875,83625.55870618425,83886.26411492817,83860.94113791757,82723.97924182352,83534.71768787279,82523.25474300902
2025-09-01,105659.916,116378.07,109599.42741006314,113128.54147381954,115289.3613735361,128468.19200000001,108040.70415090155,107753.16609787711,100034.68323417485,130246.555,108438.52283978114,112445.45,90037.84135906168,100069.91222616343,113767.1875,101599.703125,110353.15472769192,113767.1875,105835.61034158489,106718.38413713916,104952.36406893519,101599.703125,104707.61651378835,105149.80162063146,104984.89208554565,104713.70346517165,105664.29297074908,104984.89208554565,106821.56169185329,108973.33441507755,105973.90662367031,101599.703125,105595.6545184563,107839.8989751423,105365.83133721532,106027.8336288849,109043.08916898581,105564.29610340277,105272.30288539297,106099.09677645737,105182.63635358757,101599.703125,104997.82262666928,105399.31636187836,104816.83903489058,105223.29474040121,106619.43312119745,105564.29610340277,105906.29386310175,106667.3807295152,105797.8054696556,101599.703125,105919.85634078631,106553.36003497633,105807.5940199498,105654.13319921725,106933.30778018151,105564.29610340277,104738.88368350244,105246.67711412735,104713.22235104424,101599.703125,104790.96223904865,105231.10294339065,104955.50031880225,105215.24261209658,106409.51883064849,104816.83903489058,105550.60648980798,107231.81128941933,105197.77828656023,101599.703125,104938.69176175084,106714.71638080434,104618.3742687031,105247.61429555688,106778.11252663146,104984.89208554565,106281.26400490612,106744.72172124633,105609.12925376234,101599.703125,105696.54579348741,106240.48105097895,105197.77828656023,105397.66726165506,106585.73146936455,105396.24305274771,106996.82876933637,106846.00235986937,106814.35618784986,101599.703125,106604.80366205082,106473.67436227562,106158.12155608706,105492.19242924817,106519.169546808,105396.24305274771,106859.68890865943,107161.06233219762,106674.58584180137,101599.703125,106314.5288671765,106575.74643050416,106158.12155608706,105518.08273323861,106530.76928522042,105396.24305274771
2025-09-02,107168.957,122928.14,121097.79896723332,114632.7137088176,118965.76345298473,132032.87944,113277.07859366208,124661.63101491389,126727.30630834661,138399.7,130836.9265796008,134991.7,110462.37963978772,124199.37392904857,108228.6328125,109976.5234375,122094.57031729304,108228.6328125,111827.89849301748,111869.69480260258,111361.47050203025,109976.5234375,111189.40850655019,111259.5721482007,111527.93627583978,110972.68949408336,110888.99966548792,111444.703388935,111605.99917391987,113676.80551402282,110859.92379219545,109976.5234375,110558.28549439707,112013.1821013322,110921.57936458028,110881.13710494322,113055.57744169128,110308.7619286406,110556.32493933718,111808.9361836796,110385.98952453851,109976.5234375,110884.29307607925,111621.68562246198,110906.19172043027,110711.97665800837,111697.11949683598,110515.0976307438,110425.92271271026,110809.12796279152,110792.471258375,109976.5234375,110692.83803838435,111090.173920884,110921.57936458028,110419.35462896687,110692.56570039745,110391.99481554537,110604.91501052746,112243.89750398605,110644.6843183676,109976.5234375,110751.95452932139,111597.79043207302,110857.02531147763,110405.86092093395,111585.02058958689,110308.7619286406,111888.88073588494,114068.3366075393,111229.44056736198,109976.5234375,111223.58668304299,113533.01017992741,111229.44056736198,110525.06703982883,111760.50170620979,110699.85601832707,112624.7820146854,112822.73267864576,111759.02511639692,109976.5234375,112290.84616251438,112590.50687766937,111229.44056736198,110673.26160163376,111571.75649965643,110616.6231314223,112755.90265651481,112537.55537497682,111675.79222949214,109976.5234375,112670.76746537392,112458.72567337428,111675.79222949214,110761.02146756412,111535.48283706012,110616.6231314223,112953.6203465331,112677.83791620584,111675.79222949214,109976.5234375,112762.31089650691,112427.449939592,111367.93102671044,110762.82246385349,111527.39722544563,110616.6231314223
2025-09-03,105608.098,123347.13,116619.20131746006,115338.55743178636,117254.35507123452,133605.38464,116857.7698523957,129644.87580166478,119404.9287323631,136435.47,123952.32214741723,102113.234,104232.01922855507,118674.86038011631,106140.34375,105733.296875,117956.91674436622,106140.34375,107823.51616773944,108915.03644743768,107163.62650811233,105733.296875,107421.97973085304,108295.40242406803,107183.00969263614,107206.41473339908,107995.80239448277,107163.62650811233,108568.6965787977,111437.4099127404,107811.9977382032,105733.296875,107983.61584434366,110638.69584486086,107731.63151150444,107727.62592698252,110549.15206025288,107183.00969263614,107413.85708822208,108675.32040271975,107399.54186433456,105733.296875,107380.07540617578,108237.72412268147,107346.08342615502,107301.29017683645,108652.77167292823,107224.60955028728,107540.4258727811,107883.08571095098,107826.68980733512,105733.296875,107572.79344173822,107937.51168256727,107754.34635873468,107220.92476731571,108032.25007793876,107163.62650811233,107787.40978603982,110713.81912833125,107918.41644045938,105733.296875,107697.82904105015,109405.63613878944,107773.7295432585,107275.34961013787,108872.58032807706,107183.00969263614,107965.97771769296,110376.89211917507,107887.67284951007,105733.296875,107888.17549404754,109133.3954443744,107742.98595230917,107311.71525992901,108623.86057028941,107243.99273481108,108633.5318939013,108872.27682932778,108261.3623543311,105733.296875,108606.34448078135,108756.35481352932,108261.3623543311,107451.9391418257,108465.15334790206,107243.99273481108,108910.32666658514,108690.41662470915,109150.59445353172,105733.296875,108800.54249647891,108568.6534690825,108280.74553885488,107518.29094142685,108420.59698738305,107243.99273481108,108996.03431683252,108765.34177215771,108280.74553885488,105733.296875,108823.59109511186,108602.12296151542,108280.74553885488,107510.71830181184,108410.60739525147,107243.99273481108
2025-09-04,104904.838,116056.79,113843.53819540025,113392.48140099496,113273.69869842294,130509.53828000002,117368.0447860988,116856.81123172324,115277.18174742427,130707.3,98569.24803631062,95707.74,96554.40979098258,115905.11689794276,105489.65625,101118.125,112041.97856268668,105489.65625,102870.90397352127,103757.70911978318,102703.44763342809,101118.125,103660.70300091691,105231.75518121746,103287.94079538023,103120.91576616056,104551.18394659806,103287.94079538023,105437.97926501486,109813.81547351531,104705.10657638,101118.125,104928.1512619604,108421.08353254721,105081.43158357023,104190.40255612235,107707.02763318655,103912.44525966595,103931.45450835978,105339.47115819874,104082.90218919964,101118.125,103897.73371091558,104613.99634327478,103887.93332788174,103588.23953289069,104646.7004816025,103704.27710490403,104111.41750999023,104728.28355150207,103874.73403443774,101118.125,104301.68559028977,105169.31333496919,104453.57087721978,103591.88997766009,104453.29438472909,103704.27710490403,104768.72122141402,106164.3332655392,104688.87424612347,101118.125,104910.37017443326,106072.68281665628,104688.87424612347,103766.26251545706,104818.43748997033,103704.27710490403,104632.06321036171,106864.26904863924,104480.70609136156,101118.125,104741.83806090229,106420.54928186511,104480.70609136156,103774.43186949783,104922.52070065273,103704.27710490403,104437.62786613456,105096.70351838188,104123.55990203764,101118.125,104178.08226708153,104697.44368286533,104123.55990203764,103661.95913992908,104504.3115611976,103704.27710490403,105389.71324155343,105385.52156200638,104937.70011372336,101118.125,105288.50140954746,105509.62305148755,104937.70011372336,103785.5441903332,104637.75375190916,103704.27710490403,105446.73416848463,105441.31202199662,105105.53376089947,101118.125,105467.99359683038,105549.94567911961,105105.53376089947,103826.73807089835,104607.66673351033,103704.27710490403
2025-09-05,96253.919,108872.68,101841.60406633565,112565.02068643199,107092.11390718707,133939.23108,105431.03654194312,122788.4111218102,127696.92231020708,134543.1,111370.8902465124,111751.03,108082.16233215365,128633.48523532535,102914.7578125,95258.703125,114185.40954352709,102914.7578125,97707.61719512139,99445.60323411497,97271.49787787447,95258.703125,98675.45896558563,101232.03714825856,98824.75630341886,98117.97843429157,100804.5958227101,97636.07191061258,101671.91453273434,109066.60752464103,100742.58876170134,95258.703125,100831.52444884577,106203.9564296905,100742.58876170134,99916.04412174481,104865.24707660076,99553.90436889505,98910.10281076595,100991.22580446082,98509.90327477705,95258.703125,99051.5681552224,100056.28043463489,99214.1908382051,98967.8080402973,100481.31111063807,99189.33033615694,98433.57334508964,99201.06790070061,98145.32924203898,95258.703125,98750.85736820954,99826.33724103332,98509.90327477705,98965.02402221659,100248.85537461944,99189.33033615694,98962.76631446235,100839.04696616184,98823.37474817398,95258.703125,99364.41151258245,101097.95148616775,99187.94878091209,99211.44259188796,100740.54592490909,99189.33033615694,98095.16930860892,99336.47768990036,97948.16182876464,95258.703125,98493.24296503393,99853.5295696664,98458.8007154359,99021.47090407927,100402.63313830596,99189.33033615694,98902.90453232336,100829.8961358924,98627.58889014454,95258.703125,98859.49512960276,100363.93211633796,99138.2277768158,99077.32085949233,100307.02220647968,99189.33033615694,100072.7191379456,100300.61008229823,99305.63439627955,95258.703125,99642.01624816806,99906.95697312945,98992.16292288264,99190.69780793492,100293.80317817406,99189.33033615694,100379.45048265817,100279.69828430892,99476.55975226086,95258.703125,99843.39154242996,99800.7832034305,99476.55975226086,99231.83764681208,100251.28922072267,99189.33033615694
2025-09-06,81012.082,91561.39,89902.1160433188,88389.35592110318,88838.75192159918,97139.75464,92652.01106157748,108725.54738570275,103945.49484161583,108769.19,101395.64998573052,95756.31,87693.87605328362,104220.49603577443,84854.03125,82709.984375,95103.59734264706,84854.03125,83611.37537417286,84579.06536320609,83455.0718436765,82709.984375,83930.69175923489,84970.9677680547,83659.26678415269,83752.84330590337,84787.0649702657,83557.16931391458,84440.31367494506,86677.19808343341,84302.25678259108,82709.984375,84218.99406973575,85710.12832047517,84133.90798872901,84020.23989388364,85429.58283278524,83929.71304825283,84459.68421090556,85416.93933585848,84335.68020448848,82709.984375,84359.6716688097,85066.02461261251,84437.77767472659,83912.2904681146,84595.00553391344,83929.71304825283,84333.0691398166,84667.60091770216,84233.58273425039,82709.984375,84364.56929336605,84789.85126543487,84335.68020448848,83900.95448898904,84367.4042546126,83929.71304825283,84739.50619224286,85282.25514828542,84780.2601351227,82709.984375,84659.48569263151,85308.2994837221,84780.2601351227,83987.77431673379,84542.49025027611,83929.71304825283,84670.16612125962,85237.97947419391,84648.1013909425,82709.984375,84626.99977263677,85161.74753146997,84576.06519464651,83999.25153199214,84541.23311719981,83929.71304825283,84300.98095661066,84956.01362635512,84242.13423470684,82709.984375,84145.98329905856,84501.0932404522,84170.09803841087,83943.014308257,84439.16106328007,83929.71304825283,84860.94243688624,85489.96862121827,84344.23170494495,82709.984375,84474.14097160054,85002.55719086644,84344.23170494495,83967.16547930191,84488.92532679277,83929.71304825283,85103.18088506613,84990.16075373646,84817.66154716292,82709.984375,84874.51114206144,84734.49721627054,84817.66154716292,84020.02492448947,84409.3632211274,83929.71304825283
2025-09-07,89063.081,93045.195,91769.81257336137,93123.0520963749,91469.09901318158,102153.75184,95354.47010075161,106121.07910336432,97150.13292574199,109204.77,105776.30865538845,78222.8,92961.68339721092,99508.94948633124,91130.96875,85208.9765625,95480.07000861377,91130.96875,86583.94497043773,87711.27609216125,86526.69729786905,85208.9765625,86914.63732677548,88036.94064918795,87011.93688319316,86724.77753424467,87921.76108528001,86526.69729786905,87838.39189123396,89483.13907910611,87844.41803323808,85208.9765625,87587.9967707743,88099.28898369495,87467.55729352974,87248.06300054624,87831.20945280121,87185.55766555356,87539.30098338726,88281.19246944843,87680.07329394657,85208.9765625,87677.09466735586,87985.0476518737,87680.07329394657,87263.22888048536,87775.32678226708,87291.81566576197,87553.12899932399,87830.90012340722,87601.31362331832,85208.9765625,87606.26462806248,87987.08791877885,87585.21218221444,87265.61567827794,87793.95316044272,87291.81566576197,88218.16046650335,88680.03382938643,88380.75168455315,85208.9765625,88165.49379111387,88797.91413966974,87897.63294463641,87460.49757495374,88109.16385808517,87509.3753164518,87715.85151847103,88170.1094147973,87646.054451106,85208.9765625,87746.52469367604,88291.43637385518,87646.054451106,87354.30863326204,87948.96140190345,87227.37568847561,87426.71771167114,88301.58179720133,87433.53845068917,85208.9765625,87300.45070912261,87845.22343807727,87433.53845068917,87253.3390431258,87750.22274480779,87121.1176882672,87682.83597779459,88019.22749889581,87715.53807866535,85208.9765625,87497.06715016,87700.93714577859,87651.098101379,87341.77371615433,87787.89046691154,87121.1176882672,88234.79239118707,88089.31018839197,88198.6568185821,85208.9765625,87980.44902146819,87842.88838373721,87821.79607887377,87413.40098574985,87802.30285403995,87403.11731624338
2025-09-08,111521.76,117942.266,119241.40124938547,118150.21540391193,127884.8046185011,137963.52312,139865.45122176356,133215.48025335465,129814.42352528711,151561.9,137819.98674266753,123442.76,128899.38694235998,128785.50126217645,114235.6640625,107190.546875,127734.2209976272,114235.6640625,109074.82075502019,111460.97446087489,108905.28837180113,107190.546875,109256.69328525315,112493.51750079922,109240.77014263446,109062.9916764047,111864.16936830978,108905.28837180113,109973.09938941385,109988.94634338215,109576.2519134678,107190.546875,109639.2145686234,109946.16725286201,109576.2519134678,109455.64897526777,110190.4370865571,109240.77014263446,111636.87614269603,115426.97121797412,111519.64274107433,107190.546875,111173.37001328683,113319.35527672953,111184.16097024099,109824.76247517792,111243.18875902469,110098.14089103503,112053.24800842775,113697.86706058985,112629.81045533466,107190.546875,111733.5951179426,113125.32285043216,111409.34440013164,109791.25805902272,111273.84121931481,109576.2519134678,113231.91622018238,115072.02475210966,112889.18336037677,107190.546875,112813.36871895392,114724.98961749522,112553.70158954346,110069.96727047965,111740.22868416019,110098.14089103503,112774.6078985229,114303.06186087154,112456.58825618085,107190.546875,112559.0682418963,113970.22944331061,112456.58825618085,110041.483999007,111573.31430331546,109762.6591202017,110486.1215062081,113111.92510477132,110388.4705592426,107190.546875,109966.7196442637,112133.09097034563,109814.62035093854,109715.1535860172,110761.59918794426,109762.6591202017,111551.44478001613,112680.67755721083,110723.95233007595,107190.546875,110610.4223872786,111578.42163601008,110388.4705592426,109841.28340159722,110990.2471261703,109762.6591202017,112628.35632768982,112286.01958148545,112279.9001561123,107190.546875,111779.44678707178,111508.69992975258,111758.01117854507,110040.0706184557,111081.971640932,109814.62035093854
2025-09-09,111774.963,117126.164,116269.68514167648,119412.66097259634,115293.94004716694,136280.39452,122734.38456490109,133739.2547351635,131795.86138444723,146540.86,124968.92592366198,121681.2,125096.86100388905,129884.54371335932,114372.140625,113180.75,124558.50861295748,114372.140625,113941.14523845603,114792.54382157349,113887.73110453298,113180.75,113958.41312161331,114955.10623073395,113944.46399143775,114034.95669293137,114922.91813873938,113944.46399143775,114428.30737712936,114036.72631032864,114001.19687834251,113180.75,114070.13918978823,114184.82521310792,114001.19687834251,114072.97178187763,114342.01564661914,114001.19687834251,114524.94090092265,117373.31639104776,114158.55786273141,113180.75,114476.06233739614,115886.31246594022,114363.19922877019,114245.36594565035,114913.49742410282,114297.95454370423,114334.344220857,115169.81592009889,114019.97751128895,113180.75,114445.91746589736,115050.196155488,114374.2843930858,114200.30403656326,114809.3551510823,114001.19687834251,114839.15266272993,115424.94542720389,115012.51126391902,113180.75,114723.95943665595,115493.11185465835,114614.30917154279,114265.31668702004,114915.23705501584,114399.39897071876,114839.58494597752,115945.14447347926,114919.5786350657,113180.75,114774.35184678865,115588.40933226484,114614.30917154279,114295.58608851474,114965.72790358905,114456.1318576235,114476.69352773901,116814.86738653653,114238.64829064503,113180.75,114176.25143217854,116017.62529481314,114091.5561410414,114229.37702953958,114814.87174100819,114241.22165679948,114991.6223345774,115328.8816359468,114238.64829064503,113180.75,114403.91440957281,114764.8835326767,114238.64829064503,114285.51880950156,114784.84831665331,114148.28902794614,115269.86002875079,115097.79147572286,114442.47332715342,113180.75,114596.05542576968,114499.38234398981,114453.55849146907,114316.02684387872,114796.42410893009,114148.28902794614
2025-09-10,111963.714,119796.48,115744.6884110716,118833.48435890191,112351.45471748488,140453.96768,122090.24290473404,134100.99282390857,143143.03748565383,147948.0,127422.30912242804,107009.11,137945.85157613413,142283.67218826702,108697.0078125,108369.515625,125745.98737623893,108697.0078125,109570.91204608463,111521.02579340612,109412.86867406208,108369.515625,109596.0246099733,112001.8863242495,109567.95241433982,109720.6836548697,111615.30049184061,109428.46354013351,109923.13234391899,110849.97335972317,109583.54728041124,108369.515625,109719.30410894158,110466.03623135539,109583.54728041124,109791.8880060759,110591.92912345714,110081.83150583514,110163.29730993762,113916.64024848433,109633.67455346613,108369.515625,110094.49870983516,112325.39290979375,110097.42637190656,109979.86629289448,111369.77958994148,109926.74776555742,109976.80482712967,111682.82703483239,109912.65230187871,108369.515625,109942.76944586798,110997.0797747288,109274.87920224853,109902.81702732742,110755.27461617714,110081.83150583514,110372.31659253975,111082.78826379142,110074.23485871617,108369.515625,110216.62706531862,111371.3841434762,110221.32038004143,109970.93064167822,110954.95616679311,110066.23663976371,110553.05384075739,113236.3922181735,110588.1139502115,108369.515625,110346.9527628126,112317.9380739887,109950.34085058131,109990.853567972,111248.16981183595,109934.74598450988,110420.56294672962,113030.23548407633,110270.3498225371,108369.515625,110326.81365487988,112440.35493494409,110572.51908414008,110071.9831614308,111268.13050135197,109934.74598450988,110971.33129013501,111305.86171047555,110115.26608225939,108369.515625,110357.32753286442,110803.53605478158,110417.43534386237,110081.30197924352,110889.39121741522,109779.66224423217,111239.1633994429,110948.71059920269,110482.05965242945,108369.515625,110519.85402815722,110301.55611805496,110285.94468860854,110088.44290172435,110880.95453822646,109779.66224423217
2025-09-11,104253.507,114433.93,117046.23936597852,118618.12974732899,114619.34039920627,130074.27472000002,123227.96710304616,135771.5286061299,131097.2035150656,143456.69,129537.3223771883,119420.96,124030.16020194668,131072.86641316436,116290.3125,109063.1328125,123850.670392437,116290.3125,111352.28026386016,113122.68327750874,111349.73817534086,109063.1328125,111142.71949226956,113737.00566499421,111274.88625241941,111322.83541157302,113424.22344630194,111349.73817534086,110797.24403565949,111521.92627487319,110661.43534795991,109063.1328125,110872.95053082862,111948.32523206866,110815.16822126358,110965.6660183566,112306.79734203988,110815.16822126358,112747.40051008623,115253.0797357886,112873.1887878793,109063.1328125,112338.87269795555,114094.16703947686,112343.33701091839,111872.2804844375,113361.21658936873,112148.8894430708,111810.59457533242,112949.44403965172,111833.83555355149,109063.1328125,111585.45381464617,112406.80560492545,111313.05250825774,111548.48800955409,112578.75500900752,111614.31948899353,111931.64173746717,112535.07881138417,111605.25075732637,109063.1328125,111745.78941056786,112683.69213156216,111605.25075732637,111537.85650219495,112655.53452012579,111614.31948899353,112435.25794951603,113526.7982655861,112623.91808961428,109063.1328125,112149.74820956841,113455.0129989628,112254.69817921342,111724.76183944318,112991.69672312395,111729.88610645887,112185.55199586958,113610.34305661658,111985.39868844439,109063.1328125,111969.74605159328,113512.74074350431,111910.54676552293,111689.83211346639,112968.9185007137,111729.88610645887,111749.58352400482,112142.72772997529,111765.88262388643,109063.1328125,111575.70507105344,111948.02911927269,111691.03070096497,111638.04674445573,112517.69370667065,111729.88610645887,112602.74512286334,112644.08175288739,112490.18196869493,109063.1328125,112282.01485139364,112301.2514299944,112035.18211465546,111786.76207957746,112635.11170603115,111729.88610645887
2025-09-12,101149.685,112860.33,111488.11616491486,117155.37007544641,112230.09768312947,135356.46503999998,122887.20747531786,140411.99395917082,135801.72888524385,148897.1,131334.1578554542,113766.58,130812.88281669114,137710.58639238504,99751.2265625,95379.875,123056.24719401689,99751.2265625,98760.61862860346,102060.03214102607,99115.13880542092,95379.875,99048.09410529176,102541.2945685667,99053.42916980037,99102.70719888233,102875.01335775718,99323.2984036352,98481.98654291284,101288.9279493742,97870.05087028061,95379.875,98873.41269710494,102129.11166357054,99118.21420967519,98880.81806296678,102319.59568587819,99388.08344351003,100693.16496033147,106673.91410383096,100776.54593698979,95379.875,100064.86842399635,104806.7725934874,100028.64787110583,99642.4706467329,103858.15122826272,99531.45800184949,99455.1217619105,101702.14302251225,99361.70626113779,95379.875,99379.04036373639,101351.79122552727,99326.37380788947,99260.49635803633,101716.65838827047,99596.24304172432,99812.84329829214,101457.17891171786,99118.21420967519,95379.875,99666.1107491623,101758.866382029,99118.21420967519,99309.32042375141,101717.6621455851,99388.08344351003,100449.0537312465,103460.72091730408,100366.37754906979,95379.875,99998.36267176442,103032.66108728462,99823.56367714584,99520.16823932709,102183.30862851975,99326.37380788947,100168.04442918551,102428.8399468847,100158.2179508555,95379.875,99869.87089810833,102526.19898133399,100158.2179508555,99488.21676193175,102007.84601018447,99118.21420967519,99741.04407309278,101865.85563685527,99612.32867467726,95379.875,99526.58474607361,101752.53994103818,99677.11371455209,99464.02898442975,101900.064060971,99053.42916980037,100441.4453255635,100727.531722324,100587.54737598273,95379.875,100047.03020426801,100487.44636148098,99550.6190390567,99558.69338921308,101697.34746187016,99053.42916980037
2025-09-13,82523.529,97023.15,92357.88768267185,93696.32572101153,89965.70274127493,113280.45692,95203.75205506099,110353.74002096182,110791.46221474769,121517.12,93597.82979865329,56572.742,107854.9701293749,111598.80161870197,88561.453125,84928.8359375,97820.28171849727,88561.453125,86111.14795622835,88353.43466151203,86109.79850616776,84928.8359375,85580.38746460827,90161.05267874224,85581.51930869285,85806.94427477776,89974.41807292684,85999.0188221934,86156.09359463974,88730.3471628484,85759.16802201363,84928.8359375,85859.80265031492,89911.0495974822,85581.51930869285,85793.68189103539,89976.92364030845,85581.51930869285,87009.97229181997,91744.9991499524,86873.26156133498,84928.8359375,86376.14840102893,91270.22084987676,86349.64930634752,86226.24307908127,90518.39314912973,86349.64930634752,86622.24730321838,88906.13175846286,86594.41328356416,84928.8359375,86120.07475024239,89332.07418359909,86167.33365053928,86096.56172283496,89677.72079438067,86172.00059302672,86647.99249575884,87723.22195791325,86594.41328356416,84928.8359375,86235.79999126338,88566.1994981826,86172.00059302672,86129.12179297849,89253.67532297599,86172.00059302672,87128.87291331404,88025.94456715847,87235.07299185314,84928.8359375,86842.19626997507,88867.18047284866,86682.05612728646,86275.43905122878,89431.02774266854,86458.89593249801,86946.1091671054,88355.74457550776,86998.35607633696,84928.8359375,86703.95652766236,88993.18005247004,86825.37430550365,86238.40599018511,89293.49087933183,86285.91416166467,86958.72308179489,88620.74031209054,86990.3090146365,84928.8359375,86685.0831240994,89005.3064281437,86817.32724380319,86266.26542136763,89230.57226593231,86285.91416166467,87090.9563569497,88325.25775452945,86990.3090146365,84928.8359375,86684.73025443243,88381.17655389642,86926.57386995366,86302.89706904694,89125.02883945401,86285.91416166467
2025-09-14,91746.835,102145.52,97104.17700938077,98463.04193845595,101261.75447235964,116081.51856000001,92220.87934838902,112614.27513162579,108570.5696759761,126069.34,116187.17575034955,100090.05,118338.96846952761,109745.13062010182,95514.59375,86269.7421875,105378.44939841106,95514.59375,88470.18707467505,92015.13464496835,88585.14520413199,86269.7421875,88838.60925535367,94513.98774061273,88794.11167047886,88556.94912735847,93200.9001033891,88520.4373503665,88900.35306775426,92374.16091933308,88444.7429094436,86269.7421875,88961.58983885114,94303.49859601208,89531.61789608777,88876.44224876781,93341.81478310129,88585.14520413199,89906.46295224069,94198.12868653763,89772.56625906512,86269.7421875,89394.67220002937,95273.1720212328,89332.33523227941,88992.6890571574,93052.77557307096,88892.1042054937,89234.22908725886,91683.10817145897,89168.36142008117,86269.7421875,89240.68804992158,92666.58007950183,89598.87928312739,89022.00291941183,92490.46002473876,89025.3762309177,89160.92696678147,90129.63077771978,89608.59244686688,86269.7421875,89204.85817896003,91409.28690779186,89598.87928312739,89038.46295730732,92043.7525392194,89158.64825634168,89757.15467217081,90912.02515869701,89786.13574069765,86269.7421875,89628.07853600141,91882.49453300326,90281.36145750934,89196.04643141423,92113.77300399827,89465.6072577034,89102.59878545218,90136.87095164474,89189.06117097806,86269.7421875,88949.00800216099,90932.30499859742,89046.07598181459,89072.42879983518,91818.95130796143,89400.89940393792,89688.4143245175,91761.72411054025,89783.55284622253,86269.7421875,89357.23144096142,92260.63283702535,89343.32181943682,89110.1788614188,91950.89596329948,89400.89940393792,90330.69609588411,91381.24254636752,89783.55284622253,86269.7421875,89954.65923520214,91629.65869654997,89718.84499245706,89097.78649694596,91649.05450152437,89267.62737851393
2025-09-15,107624.29,115516.25,117569.1285652942,119826.61721549401,117785.5106583914,139706.14312000002,120272.52870408638,123680.73067720229,123329.35505383501,147284.39,123244.39941432056,105040.43,141661.01914020244,122684.39800955672,123390.5390625,108737.1328125,123315.23818305889,123390.5390625,110387.74551587494,113462.7778899332,110921.93056973236,108737.1328125,110307.00832682694,114178.06202275271,110450.32944537945,110311.63508743176,113538.23150504354,110824.73501939414,110880.35500258065,113873.1743800894,111091.6411338755,108737.1328125,110548.07024455983,114518.6459150264,110824.73501939414,110361.49800964938,114103.43220862243,110824.73501939414,111607.07938291124,112834.35144448276,111710.58445207086,108737.1328125,110803.9053257989,113272.86891969277,110915.60765173263,110756.74068460865,113062.14927635543,111522.51626939412,112910.71929078113,115899.8163756722,112918.07876939414,108737.1328125,111956.96501225105,115489.95777877478,112220.29751939414,111378.97690129455,114328.27390020959,111522.51626939412,112642.17218349373,113679.01411324635,112939.3126498033,108737.1328125,111950.306595761,113837.79420766723,112123.10196905592,111336.29599807548,113653.8996575647,111522.51626939412,113612.46162076022,114087.29335666174,113616.48608141308,108737.1328125,112721.13493239341,113900.55308546382,112907.77486019903,111589.24788274075,113678.75063887262,111522.51626939412,112398.7280435737,112863.42689270682,112072.4468976791,108737.1328125,111932.99901306428,112691.07177927543,111954.01746693172,111390.81475936624,113254.53953707046,111522.51626939412,112356.99807458706,114739.4814672046,112727.76038686078,108737.1328125,112014.50042068351,114562.58325882081,112029.97913686078,111478.6689439588,113461.48506821034,111522.51626939412,112629.35816463568,113496.30900788071,112620.26092732746,108737.1328125,111936.00284246344,113008.56296639799,112620.26092732746,111460.36494566275,113146.2479320966,111522.51626939412
2025-09-16,114161.594,126929.17,130777.91815135644,122648.6147700592,123681.674858411,138122.62456,113253.62078176058,141293.6531096259,129640.40036449462,148247.62,150163.03136281812,131893.69,136993.70500477625,127597.57550640905,110158.9609375,110519.3671875,129461.4420646474,110158.9609375,112593.5854085294,116121.88772660526,112284.14797731092,110519.3671875,113530.08253283928,119271.21919120949,113400.35942917777,113005.1429486801,116862.28532225246,112960.11787060916,112081.81947817781,115178.50833231176,111640.2092191723,110519.3671875,113459.81491866821,118861.9798768305,112773.58287342009,112844.85232164379,116837.7007648226,112316.17911247053,112288.97946399738,113719.84803607482,112640.87179357707,110519.3671875,112967.60272435329,116672.05947005986,112707.22733349858,112598.65590532638,115674.4792521164,112316.17911247053,112546.50849603662,115660.51028928094,112281.85470770863,110519.3671875,112905.9489458627,117936.05638922605,112925.79346584724,112576.32983117792,116367.77415241476,112299.01691008959,111800.23649137032,113785.02275319086,111834.47404159917,110519.3671875,112693.01255722556,116241.29459915636,112348.21024763015,112552.31149946603,115901.48096239494,112348.21024763015,111955.11797355648,113123.4237216012,112767.13580948033,110519.3671875,112624.9676637993,114442.61460063735,112925.79346584724,112525.50558107151,115393.06643740532,112299.01691008959,112052.51010438494,114060.86605356589,112270.56180583032,110519.3671875,112655.1983103086,116038.9120641925,113263.70981313036,112605.19833393049,115754.05225172327,112299.01691008959,113289.34050375887,116380.74482930408,113552.43282287291,110519.3671875,113271.40959284685,117261.9747847333,113569.59502525388,112482.62428496446,115813.1410582833,112299.01691008959,114287.34079226851,115152.95074697667,113939.54250769659,110519.3671875,114415.61734574055,116186.15295366425,113939.54250769659,112630.327492841,115459.71071177765,112636.9332573727
2025-09-17,121097.991,128842.695,128913.4802425975,126007.20448348652,119550.70686808629,149590.92744,132474.339793708,153355.50414729654,142629.6387950515,154884.64,160566.51188327218,120946.53,143764.5194971019,142961.74355997183,119510.71875,112729.609375,135781.9181348715,119510.71875,114423.89230408752,118138.93575984321,114318.95640881234,112729.609375,114058.35950012879,121479.85113022408,114095.33386805994,114071.49965930404,118104.92236567782,114028.86604034976,114373.99706059479,119398.53144135396,114009.59994531298,112729.609375,114382.07193834338,121899.84511914471,113770.5197017225,114120.15817829223,119746.6430976465,113704.05187401232,114694.55791795225,117414.82417439789,114657.32408188852,112729.609375,113901.1747024385,119392.40093553603,114095.33386805994,113971.15465746776,118268.6410477877,114026.96184425041,115436.5845550781,119769.61916949193,115612.50048586406,112729.609375,114579.00394276108,120970.31605622952,114659.22827798786,114336.54283141976,118992.69850610512,114334.41411165043,114927.33953375006,118422.85213368933,114965.28290618479,112729.609375,114167.61286208524,119467.30121415155,114418.24383829803,114166.20544886177,118600.4971960792,114026.96184425041,115838.69192030751,117521.58530957981,115595.6451438229,112729.609375,114757.45394884294,118160.75134678042,114657.32408188852,114374.38259239029,118180.72688532596,114334.41411165043,116415.96198946878,120308.95374868167,116364.40146522818,112729.609375,115225.05555954904,120776.95182266814,115426.08040329383,114464.03296004437,118764.7678877958,114334.41411165043,116600.91874565464,119626.91153581103,116812.15201249473,112729.609375,115912.498115925,119530.98266320498,116319.67730172758,114429.65892223814,118405.52775174676,114334.41411165043,116685.04277417576,117875.10189948088,116504.19318819846,112729.609375,116282.79271113739,118174.35570672114,116710.95929577519,114551.65020040522,117962.3460910784,114334.41411165043
2025-09-18,119357.622,133234.83,126357.60951434565,124682.45219936552,125096.34107024061,147693.16483999998,128174.25898433059,137756.08474266218,125729.23325480636,151052.38,130273.88258214724,104438.57,133400.91550032742,126168.789628542,117755.3046875,116378.9609375,128546.18475861782,117755.3046875,117862.62550437411,120796.16959148033,118019.70530226605,116378.9609375,117295.86852039502,123345.09942982576,117470.82426635534,117636.74389049575,120910.5778617237,118039.41429611726,117232.40488610693,119658.16611625644,117650.42314733198,116378.9609375,117014.65683024543,122611.57649159711,117036.00193284985,117283.44652527643,120913.62759408544,117036.00193284985,117590.77759928683,119584.9091637432,117670.13214118317,116378.9609375,117397.96238349476,121218.30109420879,117604.59196261174,117510.29848519125,120534.1098889723,117624.30095646295,118070.2559455556,122294.90975219249,118256.67724622939,116378.9609375,117673.82813509913,123261.67077074212,117516.6554510756,117529.34653371367,121208.3954629279,117101.54211142127,117472.2410800446,120197.01357181626,117801.21249832604,116378.9609375,117261.27381829564,121253.24971990555,117121.25110527246,117348.0767576749,120578.34343583722,117121.25110527246,117959.39102336843,118892.30097912891,117882.23983947316,116378.9609375,117655.74584132814,119904.6845730333,118085.24548083748,117510.94259572464,120242.20864170245,117689.84113503437,118180.58965671354,119527.5418873514,118483.0141618994,116378.9609375,117634.17477483157,120498.13160992747,117227.14269209295,117474.02463101718,120253.49071526903,117101.54211142127,118389.60607618498,120643.30569287158,118483.0141618994,116378.9609375,118176.43713595043,120973.65188891607,118330.96686570965,117522.51253226916,120360.19421934371,117670.13214118317,118167.15063504942,119333.96793102424,118251.19746975822,116378.9609375,117835.51430173303,119472.22699685878,118185.65729118677,117525.02855885327,120054.6158066782,117670.13214118317
2025-09-19,108833.568,113630.99,116543.11199085036,119756.04064320722,114522.82253335649,134224.01552000002,120845.44978932285,126963.33835598985,117581.32253276146,140583.9,101257.82563093651,82253.3,118298.57121538947,118816.55712791321,112588.3203125,105213.359375,116205.26202264852,112588.3203125,107901.90422522562,112704.91194708619,107718.51100186972,105213.359375,105128.59183328948,112124.4894202131,105904.52217972414,106184.42306083877,111960.80157213933,107814.71526175037,107387.69975641504,112109.1641962686,107840.26590010786,105213.359375,105468.84589148482,113186.52755118036,106242.74437201943,106416.43338911913,112962.27979110947,106593.93298809086,107658.66867394651,111173.87085933262,107642.0738865296,105213.359375,106659.80840890645,112406.45469907967,106044.55235844117,106913.1160550432,112869.91309306506,108028.58931336262,109229.88035354522,113571.28643116719,109235.15176407009,105213.359375,107706.38386532679,113153.43348215152,107286.44161991024,107336.54215932358,112553.36894961145,108226.78132694087,107412.60779251465,109777.19188015306,108147.12688230412,105213.359375,106609.52489439846,110214.34068094881,106198.41673814427,106978.31856834411,111167.47392676305,106593.93298809086,108285.3126466652,109754.15158877186,108243.33114218479,105213.359375,107416.60537329453,110279.52277088564,108182.45369306572,107362.59147018398,111280.56603279109,108226.78132694087,108320.01084335404,110166.12473946658,108629.8465690178,105213.359375,107412.7423316091,110585.42488537657,107185.32164342256,107286.5782509736,111384.80104777779,106593.93298809086,108477.68498956144,110045.95852579596,108278.65795294638,105213.359375,107650.99576126394,110286.36281463744,108278.65795294638,107357.4800862519,111259.00111278536,108226.78132694087,108473.1869805869,110041.5624523838,108379.77792943406,105213.359375,107763.76626236389,109973.6233466329,108226.78132694087,107343.18743364298,111123.46804703918,108226.78132694087
2025-09-20,85649.591,87049.23,84461.4549117267,89633.47148227741,85492.32607340449,98425.36527999998,78494.5517822029,85767.2345259614,85007.34502296644,101626.79,53849.889791596215,80047.52,75771.42751187617,87904.67183389791,83579.671875,90622.0625,84515.53411022731,83579.671875,88856.80716323433,86660.09076565414,88868.98833787197,90622.0625,87106.4550626661,84939.61483970768,88782.02834627895,87906.42762746943,86159.92215599724,88992.21555933736,89945.79271699587,89761.41140181657,89563.84483934674,90622.0625,88614.1324709204,89144.2066341406,88814.00885682052,89275.84029525488,89548.32616627583,89359.54800440274,89707.20586814823,90349.40982814936,89366.6474389242,90622.0625,88808.02974284545,89659.02695742661,88735.54996278,89205.04777226313,89803.50862285684,88945.73717583843,89422.18466497186,91225.55361013977,89474.77940818248,90622.0625,89215.07305406201,91418.86154018535,89013.21959743137,89209.37801379793,90741.35793525199,89270.48257323849,88744.44262449768,89872.40592739766,88747.15726013738,90622.0625,88396.77142509908,89987.35364013599,88283.58410919792,88875.03038077448,90254.71323986017,89024.19606987893,88720.5862013778,88963.28688163224,88698.06815720034,90622.0625,88353.45365241349,89020.89802039607,88493.77132225633,88906.90536460752,90062.22476665043,89024.19606987893,87944.146811538,88016.30649900547,87823.06745320871,90622.0625,87874.44367346728,88053.2002563249,87654.86990856586,88735.47625213857,89833.57516656017,89024.19606987893,88208.71589025354,88608.91413169442,88158.41938773252,90622.0625,88160.8187224631,88687.29748494203,88493.77132225633,88804.4968012381,89907.28828808489,89024.19606987893,89084.05644262362,89941.1146571459,89270.48257323849,90622.0625,88929.59737485365,90071.06002208986,89024.19606987893,88899.36784461513,90133.78269430017,89024.19606987893
2025-09-21,93694.004,84063.7,84731.65303245954,90413.85947251563,83268.55164404953,93587.73508,82077.70461253027,79154.45404012513,77789.85127813558,100202.695,60509.75606141324,92656.54,68049.53589394483,82264.06507473598,84247.2578125,86217.765625,83282.34180849398,84247.2578125,85390.59954714897,85265.52745439662,85700.42409339942,86217.765625,84914.57781768634,84363.3226717636,85918.5182123766,84986.35691632942,85261.60765344527,85700.42409339942,86490.69161761364,87074.05954737752,86382.02537249762,86217.765625,86134.28874879469,86775.40603594051,86147.47111332562,86126.44150473308,86890.9306847179,86111.44411344733,86150.59483746334,87199.82940034803,86358.95893345194,86217.765625,85980.86838616861,86938.59110338174,86088.37767440165,85933.3407242926,86946.14261136836,86017.6104080902,86675.24421532809,87817.78789251902,86735.52047988393,86217.765625,86916.36547629879,88172.32169177668,86558.77292619078,86431.4996156764,87473.33915206509,86382.02537249762,86099.23553298695,86978.02192413808,85798.4939781712,86217.765625,86003.17811973927,87110.06287739414,86197.84017083165,86097.22924058596,87126.30127307225,86017.6104080902,85694.73480024171,86312.04713203647,85527.91271912091,86217.765625,85764.67531305422,86338.16971971445,85597.5842138071,85991.9258051396,86937.38982592485,86017.6104080902,85506.10552197043,86236.14284057399,85432.98324213852,86217.765625,85707.46465259112,86202.86597705522,85833.42520642423,86020.8199374564,86888.75708156005,86017.6104080902,85506.99590748224,86110.7517990959,85526.81694749565,86217.765625,85668.35223809483,86180.3657275064,85620.6506528528,85985.06184274107,86877.85245534423,86017.6104080902,86120.9204883895,86899.66437712491,86288.19166714049,86217.765625,86018.55358073815,87040.37367773427,86017.6104080902,86071.00971805534,86985.3579567065,86017.6104080902
2025-09-22,122914.845,113183.836,114121.53398749442,117571.25913327729,116028.15058082427,130111.74452,112674.01364856708,136513.3418816366,135492.92785556923,145390.05,157356.5266242719,176454.34,126745.94955727873,134698.94372673845,117815.625,114351.09375,129900.62245521051,117815.625,116653.69845200898,115712.16877873757,114728.11470444323,114351.09375,117324.0392520917,115710.65257124032,116451.29397549154,117078.09399307445,115859.90478108276,116451.29397549154,115209.93120639483,116331.20135191448,114801.59606408385,114351.09375,116030.6747909371,117435.08759283557,114626.392020832,115920.34939071439,116865.54131395504,114637.32343809417,116328.0776246316,117525.433449564,115232.56905225613,114351.09375,116725.16653248877,118880.54341786767,115169.55654432546,116423.74737214099,117920.8698664598,114568.39389814527,116979.93711242054,118945.08034490304,118110.00682221689,114351.09375,117496.13321032733,119804.30315568075,117701.60061302647,116595.3437896162,118562.03329695652,117770.53015297539,115194.69636430178,118323.96488905943,114988.43546905537,114351.09375,115399.38802746957,118730.94099644654,114733.37157671669,115756.735983674,118153.39504943098,114802.30111666559,115472.92801364526,117107.85623862548,115000.07193889932,114351.09375,115828.35124631561,117459.74580541438,114909.28067255029,115914.70971706379,118041.15528865332,114568.39389814527,115700.65825823453,116933.07797372557,115074.25835112171,114351.09375,116324.95661419762,117666.56619134312,114898.34925528812,115914.83771257882,118047.48370714046,114733.37157671669,114614.76741322535,115355.05516066831,114733.37157671669,114351.09375,115044.56129499842,116075.0851925964,114488.53294093416,115635.5088031654,117628.68036978293,114733.37157671669,115083.22087865368,116959.35463412997,114966.57374265527,114351.09375,114950.55779188222,117332.73328348585,114966.57374265527,115541.2280419142,117723.64628325286,114568.39389814527
2025-09-23,138253.685,126563.64,129392.85892399948,127901.89065872655,133806.60239188038,140479.66760000002,127907.11839462696,165254.10602180794,146944.20243470249,161180.44,179327.1159357094,145462.44,144686.0090347291,144546.2033401363,127585.984375,131153.96875,142146.14956575457,127585.984375,130837.1745292333,130145.49784199128,130351.75740234184,131153.96875,131069.43011411541,130561.65792791414,131132.26752594314,131106.8245190101,130552.73734219215,130962.11456828122,130631.48551633564,129935.82149318271,130435.61977500853,131153.96875,130864.9314401004,130375.17704870024,131203.01707496087,130973.64578708028,130403.44310459739,131116.97542977042,130890.83087620288,130419.97075082525,130349.57812981808,131153.96875,131079.16509821612,130718.34843741657,130435.61977500853,130894.48122358702,130471.34048205167,131101.9322734025,130978.38981523029,131425.6649887325,131015.89062821204,131153.96875,131099.0171468063,131276.57726966002,131031.18272438477,130912.92133765735,130620.38151835825,131101.9322734025,130115.85907756505,131293.09121800092,130376.98848849203,131153.96875,130519.53891326257,130974.25728327398,130166.81022811675,130712.8281045956,130398.09418559817,130947.07141191328,130478.50503555787,130645.29592578515,130362.19427192888,131153.96875,130715.49747562307,130617.67705583239,130321.92002941076,130851.7543464553,130551.97950804443,131101.9322734025,130187.59947546815,129977.99464050133,130096.06067909901,131153.96875,130429.59507092176,130319.00968287574,130336.96318577867,130769.00705588731,130463.99579945974,130336.71424597391,130223.02137501526,130514.37071325327,130167.05916792153,131153.96875,130519.74277042317,130447.4082613915,130167.05916792153,130750.8379228249,130482.33322351171,130947.07141191328,130369.82770332566,131952.52294725322,130166.81022811675,131153.96875,130295.92561563627,131701.22406794736,130336.71424597391,130695.04381371086,130456.02416836089,130336.71424597391
2025-09-24,149160.723,161658.62,153923.13164116364,147849.90350232646,150829.11937783376,178858.67139999996,135312.9560074646,175196.35909703688,159893.15336593072,180942.42,186164.88482760082,110319.85,162980.83377710189,156749.1536179068,135603.9375,138584.265625,155657.81787845772,135603.9375,138783.5051074166,139371.184716988,138861.30416413362,138584.265625,137711.793014692,137921.74235391902,137814.6801493634,137918.91851530573,138353.03151627033,137515.37968496693,138213.95010865515,138931.65405632273,139150.50550407823,138584.265625,137612.25856440535,137530.0190597959,137231.5389111574,137816.17729503487,137979.9264334782,137804.58102491155,138712.31664346904,138994.63432039932,137836.9420746263,138584.265625,138326.7720799711,137611.62347867832,136648.3976729514,137652.02142054948,137690.7130664633,136932.23844676092,138254.0888019101,139421.29462365125,137695.02168772157,138584.265625,138770.54182835034,137219.57223010168,137994.32215211808,137558.1677481021,137646.59458334695,136932.23844676092,139016.53424673935,142558.51797625655,138425.44387896743,138584.265625,138992.1296396606,140304.6893814372,138435.5430034193,137842.00565012795,137917.66748543657,136932.23844676092,138081.7593980369,140182.289413315,137823.0328488155,138584.265625,138288.47433643596,138306.4216988928,137828.4463792121,137645.90206745456,137713.43329106178,136932.23844676092,138408.42711106857,138643.99395157787,139174.3708583788,138584.265625,138201.99333083798,137839.70871656717,138411.58761741815,137888.3695796893,137910.59013910923,136932.23844676092,138336.94577266026,140528.39316724523,139473.6713227753,138584.265625,138014.15904404095,139274.37780625443,138269.66723051338,137776.76035185947,137989.58107569275,136932.23844676092,139875.78101968835,141320.63854263863,139904.79304962466,138584.265625,139391.7898773167,140304.66215914564,139155.86607021335,137986.82073990186,138178.26250267494,138719.38377722882
2025-09-25,166769.504,150279.2,157076.96873430215,165565.96188671276,157642.2129882789,198193.37716000003,164187.0292652681,186334.0140393172,178192.79724540634,193070.9,197222.66325275865,135246.03,186192.14611040056,171842.69545280692,144662.8125,148174.515625,168925.55565901674,144662.8125,152253.68059745015,151809.40604406563,151834.44657806965,148174.515625,152838.12672527347,151220.7479764864,152020.05217962852,151765.4376183874,150548.53787480894,151386.02842330775,151810.94686691294,151779.63642323136,151807.53018502315,148174.515625,152481.93226782785,150331.2981218164,150533.07340123912,151819.3506697312,150675.80502386598,151834.44657806965,149684.0805918527,148759.16665167134,149708.9179183399,148174.515625,150309.1654316298,147908.07455536214,150082.23066965438,150813.01977241092,148915.54892283725,148856.2619944156,150741.40016491382,149280.85320057734,148880.75381063932,148174.515625,150803.78611486882,148375.98784215032,150697.87278274965,150808.01359125756,149070.41627640591,151383.60384648494,150866.4614067308,153390.38167896302,149965.62029854476,148174.515625,152156.37117483962,149966.1397584617,151358.8129321169,150835.74314875068,149428.4911845594,149711.3424951627,149927.9574803352,150539.5337578713,149265.93308405997,148174.515625,150568.53221326903,148234.50826621993,148650.29097096474,150536.9052100054,149047.5061097247,148883.1783874621,150049.6784763302,149843.61801275698,149265.93308405997,148174.515625,151048.2031506829,149063.67124495888,151083.0520561703,150789.50541027167,149209.0089820597,148883.1783874621,149729.10282857978,150434.4205975779,149662.94302955165,148174.515625,150362.65086859075,148699.30264366267,149495.71907121834,150857.2776303157,149265.3738029907,148883.1783874621,150077.4506222671,152342.1224689904,150111.36118431354,148174.515625,150655.9112898589,152190.43671890153,149662.94302955165,150874.06297318675,149457.52268534264,148883.1783874621
2025-09-26,160321.916,163900.6,179266.8145015838,173470.34244022577,161758.57831816704,208732.47700000004,154397.09573941457,179776.56478546,173302.67863018287,188907.17,165188.54082237702,135583.67,179744.7004828946,168020.74518035862,132316.453125,149735.96875,167606.8264850443,132316.453125,153271.0098487521,151086.95217544696,153857.35928660532,149735.96875,153699.87473989016,150970.75425926264,154882.46285828273,154318.14137836115,150966.77912210126,154255.84275987398,154038.48608777736,153495.5161877225,154153.25497145337,149735.96875,154145.59737831008,152036.8386402013,155447.38184380747,154378.2067127667,151618.98181733073,154316.58651927288,153482.1373385604,151526.8091923173,152197.97535355733,149735.96875,152794.94765099144,150410.24666337037,155836.83363331924,153851.4803239787,150678.64549353725,152906.83085511206,154208.720486667,152505.08493363243,152475.2265307617,149735.96875,153539.49427316978,150546.95705248186,155004.6254485168,154329.24151869846,150574.59805626346,152906.83085511206,153031.7295738543,157536.37218582927,153450.5528308974,149735.96875,154894.46202457655,152927.071281721,155008.85023701284,154775.8054680148,151973.68066517758,155716.18839082637,151936.3733237529,152774.1481470894,150511.99260166555,149735.96875,153836.1797020653,149332.41564562306,154451.14718358146,154451.3402531266,151086.18839586258,153877.5211419902,152380.89124761033,151567.08364069348,151758.41671800683,149735.96875,153429.60132167314,149428.00281847775,153048.0203979426,154417.2059102696,151100.07768774833,153877.5211419902,153279.97978312094,153753.96236101768,151922.44814023701,149735.96875,154082.7097982071,150531.1369166209,153624.75040397042,154520.45386256507,151553.2606217397,153877.5211419902,153451.29749642243,153825.30943455736,153425.86778309415,149735.96875,152767.59516585368,150602.23798148066,152218.51965389497,154409.3566537912,151616.74257981835,153877.5211419902
2025-09-27,129907.652,115269.1,124440.42228176241,145323.5984219441,132437.735777802,160616.74436,127323.58680359229,148085.5137318709,148497.00798714248,148333.16,124891.86677743656,101471.5,142817.73375167826,148294.18461723614,106135.9921875,134274.84375,133880.86588403102,106135.9921875,134914.35262717574,134495.37040356058,134872.13908802415,134274.84375,136414.8700393114,134948.9321573236,136450.53261258762,135634.18216138848,134824.71634201784,135565.07434247763,134795.30399168486,134609.21189535153,134872.13908802415,134274.84375,136058.28017355976,134648.4351483566,136418.68705553678,135389.54548470973,134828.10274601792,135398.27026287865,135892.23850387783,135847.2283235632,135813.23313309273,134274.84375,136540.09646103354,135272.25169719453,136541.47817776204,135765.1546138717,135283.8332738219,135366.42470582778,136232.61265314618,136046.0500091878,136786.17273521214,134274.84375,136838.31217800747,135500.12985981687,136541.47817776204,135895.6206571012,135475.72647587,137067.60935261654,135556.24067675235,137986.12908560538,134592.614709653,134274.84375,137131.66955132358,137099.34989609433,137915.18128634614,136235.7434071514,135998.3211732439,135485.75159488808,135335.3833918182,136522.79784196414,135154.05567472335,134274.84375,136411.66310033685,135618.3199083685,136266.19366863102,136155.1290525117,135642.6116226349,136213.99663955742,134570.75928874937,135974.35639316932,134557.3304067172,134274.84375,136702.30387043924,135718.23868612986,137283.1717154042,136194.95558987555,135616.99237048556,136213.99663955742,131385.4529614534,133908.5680342887,130370.65859380538,134274.84375,136272.1980611333,135813.60691465912,133749.49129689313,136164.52108438654,135784.5828163773,136213.99663955742,132695.31693574012,135165.77964915917,131710.6039063054,134274.84375,136636.12704009924,136591.80040740038,136556.8389097681,136198.38110968744,135803.90374581498,136213.99663955742
2025-09-28,135049.012,123497.31,113992.53999789675,133641.83162094431,128121.09627814837,156888.50656,127535.80763264498,132916.80197944504,133496.1387694429,148626.02,142048.22226849908,164440.34,139631.1044725775,134259.24415447764,130520.6015625,130162.9765625,135985.23624893845,130520.6015625,133547.24624980215,133772.7783644504,131860.31138923444,130162.9765625,135214.97976797586,133410.0448955149,132357.29068329796,134406.4036031738,134085.94883392856,132025.9711539223,132640.8684644496,133663.13090544732,131021.86323024894,130162.9765625,134439.9640511405,132981.70782244712,132476.8343877355,134185.18613720243,134318.69266881616,132288.86331310304,133234.34418626712,133920.76587880088,131842.44293630257,130162.9765625,134408.1202700125,133584.21073161383,132949.42745720997,134205.41538490867,134213.1385971462,132123.20354841521,133315.9707086809,133549.26845445848,131276.4788550645,130162.9765625,134520.5359771821,133016.12137255748,132949.42745720997,134029.2359749701,134107.2754444515,132949.42745720997,133903.56024195685,135993.54676123845,131391.57970248934,130162.9765625,134889.539448726,134767.96615533635,133771.208508992,134237.25331928168,134399.41662150645,133230.1880693226,133940.10520903737,135256.7823674093,130021.06961143688,130162.9765625,134906.8897070776,133996.73338436923,132629.69876706082,134070.5170546096,134146.5517319755,132664.2239880846,133806.16745423593,134872.84886104282,128971.28427619913,130162.9765625,134934.34933253806,133821.65921025793,133718.30157612453,134111.85809540207,133992.08336929014,133115.0872218978,131930.03711400687,135254.92251761953,128218.29324931327,130162.9765625,135691.55154903777,135630.74277171705,133211.17294651465,134088.2303145231,134139.45026360353,133115.0872218978,131582.89962292835,134020.84909997918,129102.4188198632,130162.9765625,134826.52153470524,134667.0906949612,131578.91736615752,134036.8560759586,134137.09559812397,133115.0872218978
2025-09-29,181776.261,159180.5,158534.45395029997,166719.66935711246,178337.20828225074,194098.74872,193574.86772087618,188732.57599588286,185258.16501399866,196893.47,208572.50669455092,199571.48,189440.60906657123,183177.38878718234,184294.234375,160122.0625,183100.52957258173,184294.234375,167956.61208212242,170498.1232298988,166470.69327109476,160122.0625,170472.911566938,171417.990260726,169092.02903545968,169154.66820648813,171996.1331886065,167262.48075835907,166740.86867288314,169453.73584839393,165603.30537670187,160122.0625,168964.519704904,169282.96617989746,169092.02903545968,168031.8056961283,170331.27895017277,168777.85728035908,165829.1176194734,168558.1286464403,164302.4904702832,160122.0625,168728.86871818898,169465.59591782672,166999.4266417767,167992.10214714092,170631.78184564732,165527.7049695733,165959.78586619595,167468.72859177267,164378.09087741174,160122.0625,168433.2926017183,168206.1792766456,165681.85656135879,167937.26571821517,170193.1538518581,166609.65447954752,166643.15466092725,168171.99605828818,165750.962854956,160122.0625,168939.66443658696,168846.37872304223,167368.9002940036,168024.28494080825,170022.48952703126,165213.5332144727,166174.81649946267,169029.83135254114,161674.6605923869,160122.0625,168545.93317912339,168777.77148344924,167666.58439881413,167652.5223237087,169983.621488983,165213.5332144727,165546.47681183537,167856.28004682309,162511.54464085773,160122.0625,168106.47522495608,167258.19000785897,166086.9084847879,167643.65548474662,169618.04932196543,166080.9211088656,166002.88226783043,168516.84498904832,164704.26029476785,160122.0625,168700.4613577085,168451.60165447718,166294.97598683788,167609.46941064953,169838.27162747935,165213.5332144727,164581.6341191295,166096.01722886343,162435.94423372915,160122.0625,167505.9604437708,167186.91531916131,164416.43208802835,167553.5685205778,169742.10661084752,165213.5332144727
2025-09-30,198025.403,212555.34,226736.727114416,208321.12262443328,215674.83110626266,214463.96107999998,224524.0019279422,215279.3964512293,212779.07454887134,221831.95,222525.26993579633,199571.48,206720.60001461703,204014.3430486559,193575.03125,186351.09375,210994.94894014826,193575.03125,192969.56701717293,194024.17002631558,195377.3892369328,186351.09375,195666.13752918266,197439.56717383355,198496.33750084034,194688.5987091878,195094.62439195058,198742.0080612786,192099.0542129635,193371.38789041698,194331.1973857693,186351.09375,194440.63835841502,196845.3931519223,197099.969055304,193614.6494245587,194617.0346854299,197099.969055304,191222.13058391132,192716.03487776642,193981.02079139647,186351.09375,193157.6484213106,195747.37845745002,195627.38524739552,193114.64891806807,194287.71054355986,195377.3892369328,190564.7803557953,191643.88813866294,192059.16469178733,186351.09375,192540.6268919909,194250.76705255947,194074.26062709032,192495.33873338622,194038.02755615112,194254.9820233971,190500.63214632007,191729.28640039056,192894.9541137665,186351.09375,192450.01640406018,193784.8553050923,193537.64682507107,192450.36142634213,193821.9470427421,195669.90535386454,190742.0281128326,192794.7793159014,194491.86813923705,186351.09375,192317.99983602058,193619.6235533876,193576.47708084388,192351.23064115984,193821.96281268337,195669.90535386454,190641.30455417486,191583.27871021797,192736.51073069265,186351.09375,191568.05039834042,191821.67477107968,193453.4161619782,192222.73766282207,193495.35220375855,194623.71350270105,191738.5786082369,192239.05102864793,193679.91712391106,186351.09375,192031.64383490273,191981.85214590095,193192.60523056786,192209.55501465424,193503.7807010237,194623.71350270105,191772.36805601616,192830.06801672248,193478.32697328308,186351.09375,191911.01568236842,193008.27715793258,193167.87077507342,192289.9921798022,193647.88812565105,194623.71350270105
